code,PORTEFEUILLE,TITRE,DESCRIPTION,CLASSE,Quantité_Actif,COURS,Valo_Titre_CV,POIDS,ACTIF_NET_NET
001068,001,068,FCP ATTIJARI VALEURS ESG,OPC,80155,175.72,14084836.6,1.2741830740926%,1105401326.26
001075,001,075,FCP WG MOMENTUM FACTOR FUND ,OPC,30000,174.67,5240100,0.4740450255953%,1105401326.26
0011001,001,1001,SONASID,ACT,5985,1985,11880225,1.07474314692523%,1105401326.26
0011003,001,1003,MAROC LEASING ,ACT,10828,370.95,4016646.6,0.363365458732519%,1105401326.26
0011035,001,1035,CREDIT EQDOM,ACT,5459,1380,7533420,0.681509947657515%,1105401326.26
0011036,001,1036,SOCIETE DE BOISSONS DU MAROC,ACT,374,2209,826166,0.0747390092967628%,1105401326.26
0011038,001,1038,CDM,ACT,18026,1040,18747040,1.69594875224444%,1105401326.26
0011050,001,1050,CIMENTS DU MAROC,ACT,28533,1737,49561821,4.48360426413516%,1105401326.26
0011080,001,1080,SAMIR ,ACT,11363,0,0,0%,1105401326.26
0011081,001,1081,BMCI,ACT,12458,629,7836082,0.708890229624791%,1105401326.26
0011092,001,1092,WAFA ASSURANCE,ACT,12896,4900,63190400,5.71651204850618%,1105401326.26
0011095,001,1095,AFRIQUIA GAZ ,ACT,3263,4099,13375037,1.20997113738346%,1105401326.26
0011099,001,1099,REBAB COMPANY ,ACT,544,107,58208,0.00526577982287575%,1105401326.26
0011105,001,1105,MANAGEM,ACT,11547,7550,87179850,7.88671480022221%,1105401326.26
0011142,001,1142,DARI,ACT,2249,4300,9670700,0.874858729609066%,1105401326.26
0011145,001,1145,CIH,ACT,86850,400,34740000,3.14274998362259%,1105401326.26
0011146,001,1146,RISMA,ACT,9299,370,3440630,0.311256185266303%,1105401326.26
0011148,001,1148,ITISSALAT AL MAGHRIB,ACT,741206,106.85,79197861.1,7.16462512017757%,1105401326.26
0011151,001,1151,ADDOHA,ACT,568822,29.9,17007777.8,1.53860660340836%,1105401326.26
0011171,001,1171,ATLANTASANAD,ACT,11030,135,1489050,0.134706731810973%,1105401326.26
0011172,001,1172,SNEP,ACT,6541,458,2995778,0.271012701797263%,1105401326.26
0011179,001,1179,CMT,ACT,138,2100,289800,0.0262167226613076%,1105401326.26
0011180,001,1180,LABEL VIE,ACT,10811,4280,46271080,4.18590776949336%,1105401326.26
0011181,001,1181,ALLIANCES,ACT,35101,498,17480298,1.58135308731197%,1105401326.26
0011185,001,1185,DELTA HOLDING,ACT,70788,68,4813584,0.435460306193608%,1105401326.26
0011188,001,1188,BCP,ACT,145426,270,39265020,3.55210538174843%,1105401326.26
0011200,001,1200,SANLAM  MAROC,ACT,161,2095,337295,0.0305133522085774%,1105401326.26
0011208,001,1208,JET CONTRACTORS,ACT,2746,2600,7139600,0.645883068021641%,1105401326.26
0011220,001,1220,TAQA MOROCCO ,ACT,868,1945,1688260,0.152728240856381%,1105401326.26
0011224,001,1224,COSUMAR,ACT,185957,202.95,37739973.15,3.41414219916751%,1105401326.26
0011226,001,1226,TOTALENERGIES MARKETING MAROC,ACT,13481,1598,21542638,1.94885219406124%,1105401326.26
0011231,001,1231,SODEP-MARSA MAROC,ACT,110825,901,99853325,9.03321921440445%,1105401326.26
0011232,001,1232,LAFARGE-HOLCIM MAROC,ACT,22418,1799,40329982,3.64844704289002%,1105401326.26
0011239,001,1239,MUTANDIS,ACT,21940,244.85,5372009,0.48597815765027%,1105401326.26
0011243,001,1243,BANK OF AFRICA,ACT,232257,209,48541713,4.39132031478878%,1105401326.26
0011244,001,1244,ATW,ACT,271764,731,198659484,17.9717066806987%,1105401326.26
0011246,001,1246,ARADEI CAPITAL,ACT,20369,440,8962360,0.810778835440982%,1105401326.26
0011250,001,1250,SOTHEMA,ACT,4418,1730,7643140,0.691435754456682%,1105401326.26
0011252,001,1252,TGCC,ACT,65615,834.3,54742594.5,4.95228232493762%,1105401326.26
0011258,001,1258,AKDITAL,ACT,36003,1119,40287357,3.6445909773157%,1105401326.26
0011261,001,1261,HPS (VN 10),ACT,30547,520,15884440,1.43698398243679%,1105401326.26
0011262,001,1262,CFG BANK,ACT,21973,230,5053790,0.457190513521358%,1105401326.26
0011271,001,1271,CMGP GROUP,ACT,29797,376,11203672,1.01353885994568%,1105401326.26
0011275,001,1275,VICENNE,ACT,2062,420,866040,0.0783462059820525%,1105401326.26
0011276,001,1276,CASH PLUS,ACT,3454,290,1001660,0.0906150532123028%,1105401326.26
0011278,001,1278,SGTM,ACT,30480,835,25450800,2.3024036063092%,1105401326.26
00180039,001,80039,Droit d'attribution D.SALAF (CP57 1P5),ACT,1,5.25,5.25,0.000000474940627922239%,1105401326.26
00180129,001,80129,Droit d ' Attribution BOA 1/48  2025,ACT,46,4.35,200.1,0.0000181020227899505%,1105401326.26
001IE000YYE6WK5,001,IE000YYE6WK5,VANECK DEFENSE ETF,OPC,14750,58.48,862580,0.0780331974920314%,1105401326.26
001IE00BFXR7892,001,IE00BFXR7892,KRANESHARES CSI CHINA INTRNT,OPC,40470,25.385,1027330.95,0.0929373726622762%,1105401326.26
001IE00BQQP9F84,001,IE00BQQP9F84,VANECK GOLD MINERS UCITS ETF,OPC,8150,106.14,865041,0.078255831565425%,1105401326.26
001US25459Y6941,001,US25459Y6941,DIREXION SHARES DAILY BULL 3X,OPC,1100,152.28,167508,0.0151535913718092%,1105401326.26
001US4642887602,001,US4642887602,i SHARES US AEROSPACE  ETF DJ,OPC,1865,226.18,421825.7,0.0381604119679501%,1105401326.26
001US88636R5110,001,US88636R5110,DEFIANCE DAILY TARGET 2X LONG ORCL ETF,OPC,5000,8.17,40850,0.00369549040964256%,1105401326.26
001US92189F1066,001,US92189F1066,VANECK GOLD MINERS ETF,OPC,700,92.44,64708,0.00585380155268424%,1105401326.26
004001,004,001,ATTIJARI PATRIMOINE VALEURS         ,OPC,439562,117.67,51723260.54,1.69886937974114%,3044569591.8
004057,004,057,FCP ATTIJARI DIVIDEND FUND,OPC,10775,1117.24,12038261,0.395401078445469%,3044569591.8
0041001,004,1001,SONASID,ACT,9083,1985,18029755,0.592193886733938%,3044569591.8
004102,004,102,ATTIJARI ACTIONS              ,OPC,31500,905.18,28513170,0.936525480540668%,3044569591.8
0041035,004,1035,CREDIT EQDOM,ACT,798,1380,1101240,0.0361706299296292%,3044569591.8
0041038,004,1038,CDM,ACT,45957,1040,47795280,1.5698534245605%,3044569591.8
0041050,004,1050,CIMENTS DU MAROC,ACT,81429,1737,141442173,4.6457198213156%,3044569591.8
0041080,004,1080,SAMIR ,ACT,88775,0,0,0%,3044569591.8
0041081,004,1081,BMCI,ACT,156,629,98124,0.00322291861103387%,3044569591.8
0041092,004,1092,WAFA ASSURANCE,ACT,35657,4900,174719300,5.7387192091314%,3044569591.8
0041095,004,1095,AFRIQUIA GAZ ,ACT,5000,4099,20495000,0.673165758969662%,3044569591.8
0041105,004,1105,MANAGEM,ACT,38854,7550,293347700,9.63511232556744%,3044569591.8
0041145,004,1145,CIH,ACT,238399,400,95359600,3.13212088358348%,3044569591.8
0041148,004,1148,ITISSALAT AL MAGHRIB,ACT,2330033,106.85,248964026.05,8.17731434750382%,3044569591.8
0041179,004,1179,CMT,ACT,5370,2100,11277000,0.370397182917827%,3044569591.8
0041180,004,1180,LABEL VIE,ACT,17768,4280,76047040,2.4977927981945%,3044569591.8
0041188,004,1188,BCP,ACT,131777,270,35579790,1.16863119489296%,3044569591.8
0041224,004,1224,COSUMAR,ACT,361995,202.95,73466885.25,2.41304667325949%,3044569591.8
0041226,004,1226,TOTALENERGIES MARKETING MAROC,ACT,73453,1598,117377894,3.85531979023032%,3044569591.8
0041231,004,1231,SODEP-MARSA MAROC,ACT,313552,901,282510352,9.27915567313326%,3044569591.8
0041232,004,1232,LAFARGE-HOLCIM MAROC,ACT,41186,1799,74093614,2.43363180790999%,3044569591.8
0041238,004,1238,IMMORENT INVEST,ACT,6650,91.5,608475,0.01998558356619%,3044569591.8
0041243,004,1243,BANK OF AFRICA,ACT,348983,209,72937447,2.39565708060817%,3044569591.8
0041244,004,1244,ATW,ACT,787596,731,575732676,18.9101499781983%,3044569591.8
0041252,004,1252,TGCC,ACT,177382,834.3,147989802.6,4.86077910646496%,3044569591.8
0041258,004,1258,AKDITAL,ACT,59940,1119,67072860,2.20303257907616%,3044569591.8
0041261,004,1261,HPS (VN 10),ACT,9850,520,5122000,0.168233960353384%,3044569591.8
0041271,004,1271,CMGP GROUP,ACT,64555,376,24272680,0.79724503803014%,3044569591.8
0041275,004,1275,VICENNE,ACT,2062,420,866040,0.0284454000438198%,3044569591.8
0041278,004,1278,SGTM,ACT,83468,835,69695780,2.2891833442636%,3044569591.8
00480129,004,80129,Droit d ' Attribution BOA 1/48  2025,ACT,5,4.35,21.75,0.000000714386692246408%,3044569591.8
004US46090E1038,004,US46090E1038,INVESCO QQQ TRUST SERIES 1,OPC,7879,597.03,4703999.37,0.154504577023609%,3044569591.8
004XS0864259717,004,XS0864259717,EUROBOND DU 11/12/2012  SEM (2042),OBL,2000,1009.07,2018140,0.0662865452455249%,3044569591.8
004XS1061043367,004,XS1061043367,OBL OCP INTERNATIONAL à 6.875%  30 ANS,OBL,7755,1020.49,7913899.95,0.259934933703426%,3044569591.8
004XS2355149316,004,XS2355149316,OBL OCP INTERNATIONAL  du 23/06/2021 à 3.75% 10 ans,OBL,7205,1004.95,7240664.75,0.237822277720353%,3044569591.8
004XS3040572979,004,XS3040572979,OFFICE CHERIFIEN DES PHO à 6.10% écheance 30/04/2030 ,OBL,4354,1017.09,4428409.86,0.145452738933185%,3044569591.8
0051038,005,1038,CDM,ACT,41023,1040,42663920,1.90556806662525%,2238908215.73
0051050,005,1050,CIMENTS DU MAROC,ACT,62745,1737,108988065,4.86791125398878%,2238908215.73
0051080,005,1080,SAMIR ,ACT,251,0,0,0%,2238908215.73
0051081,005,1081,BMCI,ACT,32527,629,20459483,0.913815173675137%,2238908215.73
0051092,005,1092,WAFA ASSURANCE,ACT,24708,4900,121069200,5.40751064065059%,2238908215.73
0051095,005,1095,AFRIQUIA GAZ ,ACT,8157,4099,33435543,1.4933860515179%,2238908215.73
0051105,005,1105,MANAGEM,ACT,19587,7550,147881850,6.60508764767665%,2238908215.73
0051145,005,1145,CIH,ACT,122529,400,49011600,2.18908482516867%,2238908215.73
0051148,005,1148,ITISSALAT AL MAGHRIB,ACT,1667714,106.85,178195240.9,7.95902394068884%,2238908215.73
0051151,005,1151,ADDOHA,ACT,1042273,29.9,31163962.7,1.39192676506567%,2238908215.73
0051171,005,1171,ATLANTASANAD,ACT,49395,135,6668325,0.297838247818738%,2238908215.73
0051180,005,1180,LABEL VIE,ACT,20632,4280,88304960,3.94410808712889%,2238908215.73
0051181,005,1181,ALLIANCES,ACT,56464,498,28119072,1.25592785816062%,2238908215.73
0051185,005,1185,DELTA HOLDING,ACT,146280,68,9947040,0.444280829831014%,2238908215.73
0051188,005,1188,BCP,ACT,359302,270,97011540,4.33298423394142%,2238908215.73
0051208,005,1208,JET CONTRACTORS,ACT,7000,2600,18200000,0.812896208613262%,2238908215.73
0051220,005,1220,TAQA MOROCCO ,ACT,5781,1945,11244045,0.502211074174555%,2238908215.73
0051224,005,1224,COSUMAR,ACT,374613,202.95,76027708.35,3.39574922347636%,2238908215.73
0051226,005,1226,TOTALENERGIES MARKETING MAROC,ACT,28805,1598,46030390,2.05593019296647%,2238908215.73
0051231,005,1231,SODEP-MARSA MAROC,ACT,232907,901,209849207,9.37283652476921%,2238908215.73
0051232,005,1232,LAFARGE-HOLCIM MAROC,ACT,49983,1799,89919417,4.01621720659422%,2238908215.73
0051243,005,1243,BANK OF AFRICA,ACT,282367,209,59014703,2.6358696879746%,2238908215.73
0051244,005,1244,ATW,ACT,578134,731,422615954,18.8759838849493%,2238908215.73
0051252,005,1252,TGCC,ACT,122103,834.3,101870532.9,4.55000933867157%,2238908215.73
0051258,005,1258,AKDITAL,ACT,72813,1119,81477747,3.6391731660797%,2238908215.73
0051271,005,1271,CMGP GROUP,ACT,50977,376,19167352,0.856102624722847%,2238908215.73
0051275,005,1275,VICENNE,ACT,2062,420,866040,0.0386813534344741%,2238908215.73
0051278,005,1278,SGTM,ACT,62095,835,51849325,2.31583075338774%,2238908215.73
00580129,005,80129,Droit d ' Attribution BOA 1/48  2025,ACT,29,4.35,126.15,0.00000563444267673423%,2238908215.73
005XS2080771806,005,XS2080771806,EUROBOND DU 27/11/2019 11 ans (2031),OBL,11330,1003.04,11364443.2,0.507588614850592%,2238908215.73
0081001,008,1001,SONASID,ACT,6716,1985,13331260,2.20662002377614%,604148419.59
0081006,008,1006,SMI,ACT,1341,5300,7107300,1.176416219846%,604148419.59
0081034,008,1034,CTM SA,ACT,610,880,536800,0.0888523386958944%,604148419.59
0081050,008,1050,CIMENTS DU MAROC,ACT,21570,1737,37467090,6.20163668150067%,604148419.59
0081080,008,1080,SAMIR ,ACT,6706,0,0,0%,604148419.59
0081095,008,1095,AFRIQUIA GAZ ,ACT,2475,4099,10145025,1.67922726784336%,604148419.59
0081096,008,1096,AUTO-HALL ,ACT,57550,90.21,5191585.5,0.859322863663737%,604148419.59
0081105,008,1105,MANAGEM,ACT,7151,7550,53990050,8.93655404025386%,604148419.59
0081142,008,1142,DARI,ACT,2142,4300,9210600,1.52455914827199%,604148419.59
0081148,008,1148,ITISSALAT AL MAGHRIB,ACT,446710,106.85,47730963.5,7.90053601934309%,604148419.59
0081151,008,1151,ADDOHA,ACT,478633,29.9,14311126.7,2.36880975534325%,604148419.59
0081163,008,1163,DISWAY,ACT,21058,880,18531040,3.06729925943958%,604148419.59
0081172,008,1172,SNEP,ACT,2778,458,1272324,0.210597919111243%,604148419.59
0081179,008,1179,CMT,ACT,4166,2100,8748600,1.44808787316487%,604148419.59
0081181,008,1181,ALLIANCES,ACT,31592,498,15732816,2.6041309535622%,604148419.59
0081185,008,1185,DELTA HOLDING,ACT,79180,68,5384240,0.891211468144528%,604148419.59
0081193,008,1193,COLORADO,ACT,60838,85,5171230,0.855953575697411%,604148419.59
0081203,008,1203,LESIEUR,ACT,343,344.95,118317.85,0.0195842356221498%,604148419.59
0081208,008,1208,JET CONTRACTORS,ACT,3705,2600,9633000,1.59447574265565%,604148419.59
0081220,008,1220,TAQA MOROCCO ,ACT,2773,1945,5393485,0.892741721257873%,604148419.59
0081224,008,1224,COSUMAR,ACT,156253,202.95,31711546.35,5.24896620130543%,604148419.59
0081226,008,1226,TOTALENERGIES MARKETING MAROC,ACT,10221,1598,16333158,2.70350090646341%,604148419.59
0081231,008,1231,SODEP-MARSA MAROC,ACT,57896,901,52164296,8.63435114758735%,604148419.59
0081232,008,1232,LAFARGE-HOLCIM MAROC,ACT,23289,1799,41896911,6.93487057839744%,604148419.59
0081238,008,1238,IMMORENT INVEST,ACT,119849,91.5,10966183.5,1.81514726256209%,604148419.59
0081239,008,1239,MUTANDIS,ACT,35612,244.85,8719598.2,1.44328743025058%,604148419.59
0081246,008,1246,ARADEI CAPITAL,ACT,22949,440,10097560,1.67137075469843%,604148419.59
0081250,008,1250,SOTHEMA,ACT,7466,1730,12916180,2.13791505219288%,604148419.59
0081252,008,1252,TGCC,ACT,40762,834.3,34007736.6,5.62903675608041%,604148419.59
0081258,008,1258,AKDITAL,ACT,24048,1119,26909712,4.45415582122387%,604148419.59
0081261,008,1261,HPS (VN 10),ACT,33598,520,17470960,2.89183244273924%,604148419.59
0081270,008,1270,STOKVIS NORD-AFRIQUE VN 10,ACT,30,92.6,2778,0.000459820784085683%,604148419.59
0081271,008,1271,CMGP GROUP,ACT,33259,376,12505384,2.06991917788789%,604148419.59
0081275,008,1275,VICENNE,ACT,13029,420,5472180,0.905767493973359%,604148419.59
0081276,008,1276,CASH PLUS,ACT,5289,290,1533810,0.253879667688431%,604148419.59
0081278,008,1278,SGTM,ACT,24332,835,20317220,3.36295177496088%,604148419.59
009003,009,003,PATRIMOINE OBLIGATIONS        ,OPC,2250,422.5,950625,1.68850193946648%,56299905.72
009068,009,068,FCP ATTIJARI VALEURS ESG,OPC,28090,175.72,4935974.8,8.76728786109946%,56299905.72
009070,009,070,FCP ATTIJARI FIXED INCOME DISTRIBUTION,OPC,49663,108.49,5387938.87,9.57006730490134%,56299905.72
0091001,009,1001,SONASID,ACT,445,1985,883325,1.56896355101037%,56299905.72
0091006,009,1006,SMI,ACT,47,5300,249100,0.442451895459409%,56299905.72
0091035,009,1035,CREDIT EQDOM,ACT,353,1380,487140,0.865258997808496%,56299905.72
0091038,009,1038,CDM,ACT,450,1040,468000,0.831262493275806%,56299905.72
0091050,009,1050,CIMENTS DU MAROC,ACT,806,1737,1400022,2.48672174863457%,56299905.72
0091080,009,1080,SAMIR ,ACT,345,0,0,0%,56299905.72
0091081,009,1081,BMCI,ACT,166,629,104414,0.18546034609594%,56299905.72
0091092,009,1092,WAFA ASSURANCE,ACT,257,4900,1259300,2.23677106363723%,56299905.72
0091095,009,1095,AFRIQUIA GAZ ,ACT,143,4099,586157,1.04113318220313%,56299905.72
0091096,009,1096,AUTO-HALL ,ACT,2094,90.21,188899.74,0.335524078742631%,56299905.72
0091105,009,1105,MANAGEM,ACT,244,7550,1842200,3.2721191562237%,56299905.72
0091145,009,1145,CIH,ACT,2340,400,936000,1.66252498655161%,56299905.72
0091146,009,1146,RISMA,ACT,1150,370,425500,0.755773912155674%,56299905.72
0091148,009,1148,ITISSALAT AL MAGHRIB,ACT,19906,106.85,2126956.1,3.77790348456022%,56299905.72
0091151,009,1151,ADDOHA,ACT,20305,29.9,607119.5,1.07836681471445%,56299905.72
0091172,009,1172,SNEP,ACT,179,458,81982,0.14561658487978%,56299905.72
0091180,009,1180,LABEL VIE,ACT,247,4280,1057160,1.87772960981079%,56299905.72
0091181,009,1181,ALLIANCES,ACT,1431,498,712638,1.26578897581856%,56299905.72
0091185,009,1185,DELTA HOLDING,ACT,2873,68,195364,0.347005909693023%,56299905.72
0091188,009,1188,BCP,ACT,4738,270,1279260,2.27222405373506%,56299905.72
0091208,009,1208,JET CONTRACTORS,ACT,65,2600,169000,0.300178122571819%,56299905.72
0091220,009,1220,TAQA MOROCCO ,ACT,35,1945,68075,0.120914944935364%,56299905.72
0091224,009,1224,COSUMAR,ACT,5415,202.95,1098974.25,1.95200016047203%,56299905.72
0091226,009,1226,TOTALENERGIES MARKETING MAROC,ACT,511,1598,816578,1.45040740220977%,56299905.72
0091231,009,1231,SODEP-MARSA MAROC,ACT,2812,901,2533612,4.50020647032799%,56299905.72
0091232,009,1232,LAFARGE-HOLCIM MAROC,ACT,796,1799,1432004,2.5435282380789%,56299905.72
0091239,009,1239,MUTANDIS,ACT,969,244.85,237259.65,0.421421043189626%,56299905.72
0091243,009,1243,BANK OF AFRICA,ACT,4751,209,992959,1.76369567106977%,56299905.72
0091244,009,1244,ATW,ACT,6371,731,4657201,8.2721293054414%,56299905.72
0091246,009,1246,ARADEI CAPITAL,ACT,759,440,333960,0.593180389432453%,56299905.72
0091250,009,1250,SOTHEMA,ACT,181,1730,313130,0.556182103674045%,56299905.72
0091252,009,1252,TGCC,ACT,1869,834.3,1559306.7,2.76964353680271%,56299905.72
0091258,009,1258,AKDITAL,ACT,975,1119,1091025,1.93788068744922%,56299905.72
0091261,009,1261,HPS (VN 10),ACT,984,520,511680,0.908846992648214%,56299905.72
0091262,009,1262,CFG BANK,ACT,1160,230,266800,0.473890669243558%,56299905.72
0091271,009,1271,CMGP GROUP,ACT,1300,376,488800,0.868207492976953%,56299905.72
0091275,009,1275,VICENNE,ACT,283,420,118860,0.21111935886915%,56299905.72
0091276,009,1276,CASH PLUS,ACT,539,290,156310,0.277638120350302%,56299905.72
0091278,009,1278,SGTM,ACT,775,835,647125,1.1494246601733%,56299905.72
009201379,009,201379,BDT DU 05/08/2015 15 ANS à 4%,OBL,16,106747.26,1707956.16,3.03367499138327%,56299905.72
009201630,009,201630,BDT du 20/04/2021 ATYP 18/01/2021 à 2.05% 5 ans,OBL,40,101597.41,4063896.4,7.21830054247558%,56299905.72
009201808,009,201808,BDT DU 20/03/2023 à 4.90% 15 ans ,OBL,32,119318.13,3818180.16,6.78185888798678%,56299905.72
009201862,009,201862,BDT du 15/04/2025  5 ans à 3.30%  ATYP 15/07/2024,OBL,35,106923.5,3742322.5,6.64712036750459%,56299905.72
00980037,009,80037,Droit d'attribution OULMES (CP34 7P3),ACT,1,2882,2882,0.0051190139008993%,56299905.72
00980129,009,80129,Droit d ' Attribution BOA 1/48  2025,ACT,47,4.35,204.45,0.000363144480235552%,56299905.72
0099240,009,9240,OBL FEC du 08/12/2014 à 4.32% Révisable 5 ans,OBL,21,26952.89,566010.69,1.00534926792769%,56299905.72
0099411,009,9411,OBL ONCF du 31/10/19 à 4.02% 30 ANS AMRT LIN 15ans,OBL,4,104064.87,416259.48,0.73936088289421%,56299905.72
0099523,009,9523,OBL MANAGEM du 21/12/2021 à 3.22% 7 ANS,OBL,20,98933.12,1978662.4,3.5145039315707%,56299905.72
0121035,012,1035,CREDIT EQDOM,ACT,824,1380,1137120,0.401677176415768%,283093007.71
0121038,012,1038,CDM,ACT,3806,1040,3958240,1.39821185695085%,283093007.71
0121050,012,1050,CIMENTS DU MAROC,ACT,3913,1737,6796881,2.40093566951068%,283093007.71
0121081,012,1081,BMCI,ACT,5898,629,3709842,1.31046754916686%,283093007.71
0121092,012,1092,WAFA ASSURANCE,ACT,2220,4900,10878000,3.84255340249993%,283093007.71
0121105,012,1105,MANAGEM,ACT,1743,7550,13159650,4.64852526964591%,283093007.71
0121145,012,1145,CIH,ACT,12989,400,5195600,1.83529789097524%,283093007.71
0121148,012,1148,ITISSALAT AL MAGHRIB,ACT,86909,106.85,9286226.65,3.28027411383922%,283093007.71
0121180,012,1180,LABEL VIE,ACT,1535,4280,6569800,2.3207213958213%,283093007.71
0121185,012,1185,DELTA HOLDING,ACT,9766,68,664088,0.234582975175526%,283093007.71
0121188,012,1188,BCP,ACT,10856,270,2931120,1.03539116833385%,283093007.71
0121224,012,1224,COSUMAR,ACT,3247,202.95,658978.65,0.232778144303393%,283093007.71
0121226,012,1226,TOTALENERGIES MARKETING MAROC,ACT,5721,1598,9142158,3.22938318892186%,283093007.71
0121231,012,1231,SODEP-MARSA MAROC,ACT,19464,901,17537064,6.19480648492913%,283093007.71
0121238,012,1238,IMMORENT INVEST,ACT,778,91.5,71187,0.0251461526993715%,283093007.71
0121244,012,1244,ATW,ACT,40406,731,29536786,10.4335978620346%,283093007.71
0121246,012,1246,ARADEI CAPITAL,ACT,2536,440,1115840,0.394160212230697%,283093007.71
0121250,012,1250,SOTHEMA,ACT,1988,1730,3439240,1.2148798827003%,283093007.71
0121252,012,1252,TGCC,ACT,10244,834.3,8546569.2,3.01899692582838%,283093007.71
0121258,012,1258,AKDITAL,ACT,3601,1119,4029519,1.42339050780365%,283093007.71
0121271,012,1271,CMGP GROUP,ACT,11641,376,4377016,1.54614062544555%,283093007.71
0121275,012,1275,VICENNE,ACT,1181,420,496020,0.175214500708588%,283093007.71
0121276,012,1276,CASH PLUS,ACT,1309,290,379610,0.134093739393547%,283093007.71
0121278,012,1278,SGTM,ACT,3995,835,3335825,1.17834948555749%,283093007.71
012152398,012,152398,CD CIH du 25/06/2021 à 2.61%  7ans,TCN,50,100476.74,5023837,1.77462419175906%,283093007.71
012201554,012,201554,BDT du 16/07/2020 à 3% ATYP 20/01/2020 15 ans,OBL,123,100787.01,12396802.23,4.37905631448844%,283093007.71
012201651,012,201651,BDT du 20/04/2021 ATYP 16/06/2021 à 2.30% 10 ans,OBL,200,98472.67,19694534,6.95691290975828%,283093007.71
012201792,012,201792,BDT du 16/01/2023 atp  a 4.20%  10 ans,OBL,127,110402.31,14021093.37,4.9528222132435%,283093007.71
012201808,012,201808,BDT DU 20/03/2023 à 4.90% 15 ans ,OBL,274,119318.13,32693167.62,11.5485606248145%,283093007.71
012201837,012,201837,BDT du 18/09/2024 à 4%  10 ANS ATYP 02/01/2024,OBL,98,108473.11,10630364.78,3.75507853973198%,283093007.71
012201862,012,201862,BDT du 15/04/2025  5 ans à 3.30%  ATYP 15/07/2024,OBL,31,106923.5,3314628.5,1.17086201697906%,283093007.71
0125106,012,5106,OBLIGATION A1 MIFTTAH 09/12/2019 12 ANS AMORT,OBL,105,32551.56,3417913.8,1.20734659879035%,283093007.71
0125116,012,5116,OBLIGATION A1 MIFTTAH 11/06/2021 12 ANS AMORT,OBL,130,55969.61,7276049.3,2.57019746226073%,283093007.71
0129395,012,9395,OBL ANP du 04/06/2019 à 3.91% 15 ans TRANCH B ,OBL,94,61843,5813242,2.05347424403893%,283093007.71
0129411,012,9411,OBL ONCF du 31/10/19 à 4.02% 30 ANS AMRT LIN 15ans,OBL,64,104064.87,6660151.68,2.35263729538055%,283093007.71
0129425,012,9425,OBL SUB BCP du 26/12/2019 à 3.28% 10ans  Fixe,OBL,52,100108.67,5205650.84,1.83884825771912%,283093007.71
0129523,012,9523,OBL MANAGEM du 21/12/2021 à 3.22% 7 ANS,OBL,70,98933.12,6925318.4,2.44630499920164%,283093007.71
0129644,012,9644,OBL OCP ORD SUB Fixe  DU 16/12/2024  10 ANS ,OBL,30,102621.92,3078657.6,1.08750746791803%,283093007.71
012IE000YYE6WK5,012,IE000YYE6WK5,VANECK DEFENSE ETF,OPC,8250,58.48,482460,0.170424555485394%,283093007.71
012IE00BFXR7892,012,IE00BFXR7892,KRANESHARES CSI CHINA INTRNT,OPC,2930,25.385,74378.05,0.0262733617483738%,283093007.71
012IE00BQQP9F84,012,IE00BQQP9F84,VANECK GOLD MINERS UCITS ETF,OPC,3450,106.14,366183,0.12935077519651%,283093007.71
012US25459Y6941,012,US25459Y6941,DIREXION SHARES DAILY BULL 3X,OPC,2533,152.28,385725.24,0.136253891652151%,283093007.71
012US46090E1038,012,US46090E1038,INVESCO QQQ TRUST SERIES 1,OPC,20,597.03,11940.6,0.00421790707463603%,283093007.71
012US4642887602,012,US4642887602,i SHARES US AEROSPACE  ETF DJ,OPC,1474,226.18,333389.32,0.117766709498358%,283093007.71
012US46428Q1094,012,US46428Q1094,iShares Silver Trust,OPC,500,66.69,33345,0.0117788144149991%,283093007.71
012US74347X8314,012,US74347X8314,PROSHARES ULTRA PRO QQQ,OPC,200,47.64,9528,0.0033656783249696%,283093007.71
012US88636R5110,012,US88636R5110,DEFIANCE DAILY TARGET 2X LONG ORCL ETF,OPC,6000,8.17,49020,0.0173158639263235%,283093007.71
012US92189F1066,012,US92189F1066,VANECK GOLD MINERS ETF,OPC,1300,92.44,120172,0.042449653197759%,283093007.71
012XS2239829216,012,XS2239829216,EUROBOND DU 30/09/2020 10 ans (2030),OBL,570,1017.32,579872.4,0.204834589413109%,283093007.71
015068,015,068,FCP ATTIJARI VALEURS ESG,OPC,97007,175.72,17046070.04,1.41268874891472%,1206640178.39
015070,015,070,FCP ATTIJARI FIXED INCOME DISTRIBUTION,OPC,365000,108.49,39598850,3.28174469151492%,1206640178.39
015075,015,075,FCP WG MOMENTUM FACTOR FUND ,OPC,30000,174.67,5240100,0.434271963908228%,1206640178.39
0151001,015,1001,SONASID,ACT,4813,1985,9553805,0.79176917618867%,1206640178.39
0151006,015,1006,SMI,ACT,284,5300,1505200,0.124743069802993%,1206640178.39
0151034,015,1034,CTM SA,ACT,609,880,535920,0.0444142346324875%,1206640178.39
0151035,015,1035,CREDIT EQDOM,ACT,3680,1380,5078400,0.420871117251874%,1206640178.39
0151038,015,1038,CDM,ACT,10884,1040,11319360,0.938089100853846%,1206640178.39
0151050,015,1050,CIMENTS DU MAROC,ACT,18341,1737,31858317,2.64024997431364%,1206640178.39
0151080,015,1080,SAMIR ,ACT,39,0,0,0%,1206640178.39
0151081,015,1081,BMCI,ACT,8084,629,5084836,0.421404499126211%,1206640178.39
0151092,015,1092,WAFA ASSURANCE,ACT,12836,4900,62896400,5.21252326305938%,1206640178.39
0151095,015,1095,AFRIQUIA GAZ ,ACT,1970,4099,8075030,0.669216071586012%,1206640178.39
015110,015,110,ATTIJARI SOLIDARITE ,OPC,3490,5420.53,18917649.7,1.56779544049673%,1206640178.39
0151105,015,1105,MANAGEM,ACT,9410,7550,71045500,5.88787786718613%,1206640178.39
015112,015,112,ATTIJARI OBLIGATIONS          ,OPC,110120,313.5,34522620,2.86105341246493%,1206640178.39
0151145,015,1145,CIH,ACT,65491,400,26196400,2.17102003307676%,1206640178.39
0151148,015,1148,ITISSALAT AL MAGHRIB,ACT,443485,106.85,47386372.25,3.92713363094099%,1206640178.39
0151151,015,1151,ADDOHA,ACT,370025,29.9,11063747.5,0.91690527948126%,1206640178.39
0151171,015,1171,ATLANTASANAD,ACT,1246,135,168210,0.0139403612619994%,1206640178.39
0151172,015,1172,SNEP,ACT,1382,458,632956,0.0524560686222584%,1206640178.39
0151179,015,1179,CMT,ACT,1810,2100,3801000,0.3150069149091%,1206640178.39
0151180,015,1180,LABEL VIE,ACT,7282,4280,31166960,2.58295393756783%,1206640178.39
0151181,015,1181,ALLIANCES,ACT,29824,498,14852352,1.23088492045883%,1206640178.39
0151185,015,1185,DELTA HOLDING,ACT,20718,68,1408824,0.116755933146514%,1206640178.39
0151188,015,1188,BCP,ACT,85656,270,23127120,1.91665422834321%,1206640178.39
0151200,015,1200,SANLAM  MAROC,ACT,500,2095,1047500,0.0868112979129919%,1206640178.39
0151203,015,1203,LESIEUR,ACT,167434,344.95,57756358.3,4.78654360549003%,1206640178.39
0151208,015,1208,JET CONTRACTORS,ACT,1191,2600,3096600,0.256629942832812%,1206640178.39
0151224,015,1224,COSUMAR,ACT,80566,202.95,16350869.7,1.3550741963372%,1206640178.39
0151226,015,1226,TOTALENERGIES MARKETING MAROC,ACT,9071,1598,14495458,1.20130742035634%,1206640178.39
0151231,015,1231,SODEP-MARSA MAROC,ACT,57475,901,51784975,4.29166672280844%,1206640178.39
0151232,015,1232,LAFARGE-HOLCIM MAROC,ACT,11239,1799,20218961,1.67564128578727%,1206640178.39
0151238,015,1238,IMMORENT INVEST,ACT,26688,91.5,2441952,0.202376155189715%,1206640178.39
0151239,015,1239,MUTANDIS,ACT,31650,244.85,7749502.5,0.642238062248187%,1206640178.39
0151243,015,1243,BANK OF AFRICA,ACT,120492,209,25182828,2.08702050959392%,1206640178.39
0151244,015,1244,ATW,ACT,127168,731,92959808,7.70402060737234%,1206640178.39
0151246,015,1246,ARADEI CAPITAL,ACT,8867,440,3901480,0.323334169528954%,1206640178.39
0151250,015,1250,SOTHEMA,ACT,3592,1730,6214160,0.514996940371358%,1206640178.39
0151252,015,1252,TGCC,ACT,28796,834.3,24024502.8,1.99102460122416%,1206640178.39
0151258,015,1258,AKDITAL,ACT,19306,1119,21603414,1.79037747846463%,1206640178.39
0151261,015,1261,HPS (VN 10),ACT,15864,520,8249280,0.683656996322373%,1206640178.39
0151262,015,1262,CFG BANK,ACT,21536,230,4953280,0.410501828855813%,1206640178.39
0151271,015,1271,CMGP GROUP,ACT,8486,376,3190736,0.264431440055091%,1206640178.39
0151275,015,1275,VICENNE,ACT,2062,420,866040,0.0717728462477972%,1206640178.39
0151276,015,1276,CASH PLUS,ACT,6213,290,1801770,0.149321233642665%,1206640178.39
0151278,015,1278,SGTM,ACT,13740,835,11472900,0.950813689571327%,1206640178.39
015201808,015,201808,BDT DU 20/03/2023 à 4.90% 15 ans ,OBL,1260,119318.13,150340843.8,12.4594594554772%,1206640178.39
015201822,015,201822,BDT du 27/06/2023 ATYP 14/03/2024 à 4.75 % 15 ans ,OBL,180,119665.25,21539745,1.78510092617172%,1206640178.39
015201854,015,201854,BDT du 15/02/2025  30ans à 4.90%  ATYP 04/06/2024,OBL,28,123692.92,3463401.76,0.287028546042712%,1206640178.39
0155116,015,5116,OBLIGATION A1 MIFTTAH 11/06/2021 12 ANS AMORT,OBL,543,55969.61,30391498.23,2.51868773925222%,1206640178.39
0155129,015,5129,OBLIGATION FT RELEVIUM C1 du 14/01/2022  10 ANS,OBL,202,105780.51,21367663.02,1.77083967554524%,1206640178.39
0155172,015,5172,OBLIGATION FT CORPORATE SYNTHETIC FUND  2 ANS,OBL,400,100544.53,40217812,3.33304101092191%,1206640178.39
01580129,015,80129,Droit d ' Attribution BOA 1/48  2025,ACT,3,4.35,13.05,0.00000108151545371317%,1206640178.39
0159240,015,9240,OBL FEC du 08/12/2014 à 4.32% Révisable 5 ans,OBL,560,26952.89,15093618.4,1.25087981241758%,1206640178.39
0159411,015,9411,OBL ONCF du 31/10/19 à 4.02% 30 ANS AMRT LIN 15ans,OBL,64,104064.87,6660151.68,0.551958388198753%,1206640178.39
0159499,015,9499,OBL SUB CDG CAPITAL  du 09/03/2021 à 3.14% 10 ans,OBL,228,100327.84,22874747.52,1.89573892280973%,1206640178.39
0159523,015,9523,OBL MANAGEM du 21/12/2021 à 3.22% 7 ANS,OBL,154,98933.12,15235700.48,1.26265482890921%,1206640178.39
0159644,015,9644,OBL OCP ORD SUB Fixe  DU 16/12/2024  10 ANS ,OBL,114,102621.92,11698898.88,0.969543289666489%,1206640178.39
015IE000YYE6WK5,015,IE000YYE6WK5,VANECK DEFENSE ETF,OPC,8250,58.48,482460,0.039983750635897%,1206640178.39
015IE00BFXR7892,015,IE00BFXR7892,KRANESHARES CSI CHINA INTRNT,OPC,3100,25.385,78693.5,0.00652170393538523%,1206640178.39
015IE00BQQP9F84,015,IE00BQQP9F84,VANECK GOLD MINERS UCITS ETF,OPC,4750,106.14,504165,0.0417825470284521%,1206640178.39
015US25459W4583,015,US25459W4583,DAILY SEMICONDUCTOR BULL3X SHS,OPC,1500,53.25,79875,0.00661962044945129%,1206640178.39
015US25459Y6941,015,US25459Y6941,DIREXION SHARES DAILY BULL 3X,OPC,4600,152.28,700488,0.0580527660644161%,1206640178.39
015US46090E1038,015,US46090E1038,INVESCO QQQ TRUST SERIES 1,OPC,236,597.03,140899.08,0.0116769756654382%,1206640178.39
015US4642887602,015,US4642887602,i SHARES US AEROSPACE  ETF DJ,OPC,3500,226.18,791630,0.0656061362929468%,1206640178.39
015US46428Q1094,015,US46428Q1094,iShares Silver Trust,OPC,4000,66.69,266760,0.0221076676193506%,1206640178.39
015US74347X8314,015,US74347X8314,PROSHARES ULTRA PRO QQQ,OPC,1800,47.64,85752,0.00710667533998557%,1206640178.39
015US88636R5110,015,US88636R5110,DEFIANCE DAILY TARGET 2X LONG ORCL ETF,OPC,10500,8.17,85785,0.00710941020665013%,1206640178.39
015US92189F1066,015,US92189F1066,VANECK GOLD MINERS ETF,OPC,3000,92.44,277320,0.0229828249520104%,1206640178.39
015XS1061043367,015,XS1061043367,OBL OCP INTERNATIONAL à 6.875%  30 ANS,OBL,1875,1020.49,1913418.75,0.158574095597665%,1206640178.39
015XS2080771806,015,XS2080771806,EUROBOND DU 27/11/2019 11 ans (2031),OBL,1600,1003.04,1604864,0.13300269862896%,1206640178.39
015XS2270576965,015,XS2270576965,EUROBOND DU 15/12/2020 SEM (2032),OBL,1418,1004.62,1424551.16,0.118059317559005%,1206640178.39
015XS3040573191,015,XS3040573191,OBL OCP INTERNATIONAL à 6.70% écheance 01/03/2036 ,OBL,1021,1029.78,1051405.38,0.0871349552940358%,1206640178.39
015XS3041270664,015,XS3041270664,KINGDOM OF MOROCCO 3 7/8 04/02/29 au 26/03/2025 à 99.775,OBL,1150,1033.97,1189065.5,0.0985435029675997%,1206640178.39
015XS3041322051,015,XS3041322051,KINGDOM OF MOROCCO 4 3/4 04/02/35 au 26/03/2025 à 99.276,OBL,271,1041.64,282284.44,0.0233942516630473%,1206640178.39
016056,016,056,FCP WG MONETAIRE,OPC,45191,1216.92,54993831.72,2.06355254056048%,2665007584.69
0161001,016,1001,SONASID,ACT,7192,1985,14276120,0.535687781228609%,2665007584.69
0161006,016,1006,SMI,ACT,2508,5300,13292400,0.498775315926397%,2665007584.69
016100964,016,100964,BSF WAFASALAF du 01/11/2024 à 3.43% 5ANS,TCN,375,101405.28,38026980,1.42689950371843%,2665007584.69
016100999,016,100999,BSF WAFASALAF du 28/07/2025 à 2.90%  5 ANS,TCN,700,99639.7,69747790,2.61717041259803%,2665007584.69
016101000,016,101000,"BSF SAHAMLEASE du 01/08/2025 à 3,00%  5 ans",TCN,400,99651.4,39860560,1.49570155931232%,2665007584.69
0161035,016,1035,CREDIT EQDOM,ACT,7050,1380,9729000,0.365064627053649%,2665007584.69
0161036,016,1036,SOCIETE DE BOISSONS DU MAROC,ACT,3619,2209,7994371,0.299975544006939%,2665007584.69
0161038,016,1038,CDM,ACT,22986,1040,23905440,0.897012081216299%,2665007584.69
0161050,016,1050,CIMENTS DU MAROC,ACT,39235,1737,68151195,2.5572608270054%,2665007584.69
0161080,016,1080,SAMIR ,ACT,22274,0,0,0%,2665007584.69
0161081,016,1081,BMCI,ACT,16569,629,10421901,0.391064590580229%,2665007584.69
0161092,016,1092,WAFA ASSURANCE,ACT,14596,4900,71520400,2.68368466982504%,2665007584.69
0161095,016,1095,AFRIQUIA GAZ ,ACT,5171,4099,21195929,0.795342164193711%,2665007584.69
0161096,016,1096,AUTO-HALL ,ACT,67904,90.21,6125619.84,0.229853748829482%,2665007584.69
0161105,016,1105,MANAGEM,ACT,13742,7550,103752100,3.89312588061804%,2665007584.69
0161145,016,1145,CIH,ACT,100791,400,40316400,1.51280620106339%,2665007584.69
0161146,016,1146,RISMA,ACT,19525,370,7224250,0.271078027751292%,2665007584.69
0161148,016,1148,ITISSALAT AL MAGHRIB,ACT,1048739,106.85,112057762.15,4.20478210995541%,2665007584.69
0161151,016,1151,ADDOHA,ACT,580665,29.9,17361883.5,0.651475950753047%,2665007584.69
0161157,016,1157,INVOLYS,ACT,13,176.5,2294.5,0.0000860973159394179%,2665007584.69
0161167,016,1167,M2M,ACT,70,467.95,32756.5,0.00122913346244042%,2665007584.69
0161171,016,1171,ATLANTASANAD,ACT,20416,135,2756160,0.103420343560508%,2665007584.69
0161172,016,1172,SNEP,ACT,6547,458,2998526,0.112514726683181%,2665007584.69
0161179,016,1179,CMT,ACT,5766,2100,12108600,0.454355179683607%,2665007584.69
0161180,016,1180,LABEL VIE,ACT,14050,4280,60134000,2.25642885016385%,2665007584.69
0161181,016,1181,ALLIANCES,ACT,38577,498,19211346,0.720873970879701%,2665007584.69
0161185,016,1185,DELTA HOLDING,ACT,95335,68,6482780,0.243255592863691%,2665007584.69
0161188,016,1188,BCP,ACT,205020,270,55355400,2.07711979200386%,2665007584.69
0161203,016,1203,LESIEUR,ACT,539145,344.95,185978067.75,6.97851926645205%,2665007584.69
0161208,016,1208,JET CONTRACTORS,ACT,3293,2600,8561800,0.321267378343913%,2665007584.69
0161210,016,1210,S2M,ACT,2459,556,1367204,0.0513020678760671%,2665007584.69
0161220,016,1220,TAQA MOROCCO ,ACT,1187,1945,2308715,0.0866307102937778%,2665007584.69
0161224,016,1224,COSUMAR,ACT,235650,202.95,47825167.5,1.7945602772295%,2665007584.69
0161226,016,1226,TOTALENERGIES MARKETING MAROC,ACT,21382,1598,34168436,1.28211402460134%,2665007584.69
0161231,016,1231,SODEP-MARSA MAROC,ACT,188472,901,169813272,6.37196205277416%,2665007584.69
0161232,016,1232,LAFARGE-HOLCIM MAROC,ACT,25761,1799,46344039,1.73898338099442%,2665007584.69
0161238,016,1238,IMMORENT INVEST,ACT,21557,91.5,1972465.5,0.0740135041765535%,2665007584.69
0161239,016,1239,MUTANDIS,ACT,38057,244.85,9318256.45,0.349652154970655%,2665007584.69
0161243,016,1243,BANK OF AFRICA,ACT,281900,209,58917100,2.21076669118949%,2665007584.69
0161244,016,1244,ATW,ACT,402222,731,294024282,11.0327746791085%,2665007584.69
0161246,016,1246,ARADEI CAPITAL,ACT,5653,440,2487320,0.093332567392649%,2665007584.69
0161250,016,1250,SOTHEMA,ACT,3587,1730,6205510,0.232851494894407%,2665007584.69
0161252,016,1252,TGCC,ACT,74917,834.3,62503253.1,2.34533115249165%,2665007584.69
0161258,016,1258,AKDITAL,ACT,40594,1119,45424686,1.70448618086331%,2665007584.69
0161261,016,1261,HPS (VN 10),ACT,34142,520,17753840,0.666183469870506%,2665007584.69
0161271,016,1271,CMGP GROUP,ACT,38595,376,14511720,0.544528281396544%,2665007584.69
0161275,016,1275,VICENNE,ACT,2062,420,866040,0.0324967180196877%,2665007584.69
0161276,016,1276,CASH PLUS,ACT,3454,290,1001660,0.0375856341180551%,2665007584.69
0161278,016,1278,SGTM,ACT,37378,835,31210630,1.17112724854141%,2665007584.69
016153125,016,153125,CD CIH du 23/10/2025  à  2.95%   5 ans  Fixe,TCN,400,99740.35,39896140,1.4970366399404%,2665007584.69
016201379,016,201379,BDT DU 05/08/2015 15 ANS à 4%,OBL,416,106747.26,44406860.16,1.66629395034782%,2665007584.69
016201432,016,201432,BDT du 16/05/2016 15 ans à 3.2%,OBL,600,103173.4,61904040,2.32284667239327%,2665007584.69
0162185,016,2185,OBL OCP PERPET du 14/05/18 Révis 10 ans 4.03%,OBL,630,104313.37,65717423.1,2.46593756346267%,2665007584.69
0165061,016,5061,OBLIGATION FT MIFTAH A2 du 15/11/2017 à 4.03%,OBL,140,77495.18,10849325.2,0.407102976454081%,2665007584.69
0165107,016,5107,OBL MIFTAH A2 du 09/12/2019 DU 3.51% AMORT,OBL,147,100155,14722785,0.552448146285955%,2665007584.69
0165116,016,5116,OBLIGATION A1 MIFTTAH 11/06/2021 12 ANS AMORT,OBL,517,55969.61,28936288.37,1.0857863420815%,2665007584.69
0165122,016,5122,OBLIGATION FT HYPOTHECA du  06/08/2021  12 ANS AMORT,OBL,180,43611.79,7850122.2,0.294562846466088%,2665007584.69
0165172,016,5172,OBLIGATION FT CORPORATE SYNTHETIC FUND  2 ANS,OBL,850,100544.53,85462850.5,3.20685205516746%,2665007584.69
01680047,016,80047,Droit d'attribution AUTO NEJMA Exercice 2000,ACT,1,865.2,865.2,0.0000324651984095813%,2665007584.69
01680129,016,80129,Droit d ' Attribution BOA 1/48  2025,ACT,3,4.35,13.05,0.000000489679657009982%,2665007584.69
0169363,016,9363,OBL OCP PERPET du 14/05/2018 Révis 15 ans à 4.72%,OBL,280,107469.45,30091446,1.12913172078271%,2665007584.69
0169411,016,9411,OBL ONCF du 31/10/19 à 4.02% 30 ANS AMRT LIN 15ans,OBL,297,104064.87,30907266.39,1.15974403103229%,2665007584.69
0169444,016,9444,OBL AL MADA du 11/05/2020 à 3.44%  10 ans,OBL,280,102493.58,28698202.4,1.07685256000269%,2665007584.69
0169523,016,9523,OBL MANAGEM du 21/12/2021 à 3.22% 7 ANS,OBL,350,98933.12,34626592,1.29930557042028%,2665007584.69
0169534,016,9534,"OBL TMSA Participations du 15/03/2022 à 3,70%  15 ans",OBL,1680,99046,166397280,6.24378260519494%,2665007584.69
0169637,016,9637,OBL SUB BMCI  du 24/09/2024 à 4.16% 10ANS  FIXE ,OBL,996,103976.02,103560115.92,3.88592199567966%,2665007584.69
0169647,016,9647,OBL OCP ORD SUB Fixe  DU 16/12/2024  30 ANS ,OBL,76,107089.53,8138804.28,0.305395163854542%,2665007584.69
0169743,016,9743,OBL ORD CMGP du 17/11/2025 à 3.81%  FIXE 7 ANS,OBL,400,99259.29,39703716,1.48981624773193%,2665007584.69
0169753,016,9753,OBL OCP ORD NUTRICROPS DU 15/12/2025 FIXE 30 ANS,OBL,2000,98187.45,196374900,7.36864319366816%,2665007584.69
0171001,017,1001,SONASID,ACT,736,1985,1460960,0.234087037906468%,624109738.44
0171006,017,1006,SMI,ACT,427,5300,2263100,0.36261251196893%,624109738.44
0171035,017,1035,CREDIT EQDOM,ACT,329,1380,454020,0.0727468219186662%,624109738.44
0171036,017,1036,SOCIETE DE BOISSONS DU MAROC,ACT,819,2209,1809171,0.289880270819381%,624109738.44
0171038,017,1038,CDM,ACT,4699,1040,4886960,0.783028960934859%,624109738.44
0171050,017,1050,CIMENTS DU MAROC,ACT,9253,1737,16072461,2.57526201084029%,624109738.44
0171080,017,1080,SAMIR ,ACT,4842,0,0,0%,624109738.44
0171095,017,1095,AFRIQUIA GAZ ,ACT,800,4099,3279200,0.525420418562376%,624109738.44
0171105,017,1105,MANAGEM,ACT,2710,7550,20460500,3.27834974200887%,624109738.44
0171145,017,1145,CIH,ACT,21192,400,8476800,1.35822267750352%,624109738.44
0171148,017,1148,ITISSALAT AL MAGHRIB,ACT,213169,106.85,22777107.65,3.64953569013885%,624109738.44
0171151,017,1151,ADDOHA,ACT,26265,29.9,785323.5,0.12583099599807%,624109738.44
0171172,017,1172,SNEP,ACT,2175,458,996150,0.159611353363903%,624109738.44
0171179,017,1179,CMT,ACT,104,2100,218400,0.0349938458813195%,624109738.44
0171180,017,1180,LABEL VIE,ACT,2625,4280,11235000,1.80016418716403%,624109738.44
0171181,017,1181,ALLIANCES,ACT,6332,498,3153336,0.505253452362713%,624109738.44
0171185,017,1185,DELTA HOLDING,ACT,18467,68,1255756,0.201207563775377%,624109738.44
0171188,017,1188,BCP,ACT,37646,270,10164420,1.6286270464881%,624109738.44
0171208,017,1208,JET CONTRACTORS,ACT,416,2600,1081600,0.173302855793201%,624109738.44
0171224,017,1224,COSUMAR,ACT,39193,202.95,7954219.35,1.27449050384666%,624109738.44
0171226,017,1226,TOTALENERGIES MARKETING MAROC,ACT,3032,1598,4845136,0.776327575357294%,624109738.44
0171231,017,1231,SODEP-MARSA MAROC,ACT,28128,901,25343328,4.06071663988887%,624109738.44
0171239,017,1239,MUTANDIS,ACT,9585,244.85,2346887.25,0.376037594905375%,624109738.44
0171243,017,1243,BANK OF AFRICA,ACT,42831,209,8951679,1.43431170011467%,624109738.44
0171244,017,1244,ATW,ACT,64649,731,47258419,7.57213292619424%,624109738.44
0171246,017,1246,ARADEI CAPITAL,ACT,7452,440,3278880,0.525369145528118%,624109738.44
0171250,017,1250,SOTHEMA,ACT,702,1730,1214460,0.194590778704338%,624109738.44
0171252,017,1252,TGCC,ACT,10255,834.3,8555746.5,1.37087213562564%,624109738.44
0171258,017,1258,AKDITAL,ACT,8347,1119,9340293,1.4965786342874%,624109738.44
0171261,017,1261,HPS (VN 10),ACT,6006,520,3123120,0.500411996102869%,624109738.44
0171271,017,1271,CMGP GROUP,ACT,8324,376,3129824,0.501486166170582%,624109738.44
0171275,017,1275,VICENNE,ACT,2062,420,866040,0.138764058090925%,624109738.44
0171276,017,1276,CASH PLUS,ACT,3026,290,877540,0.140606682759584%,624109738.44
0171278,017,1278,SGTM,ACT,5441,835,4543235,0.727954511870956%,624109738.44
017201344,017,201344,BDT du 19/02/15 à 5.65% ATYP 04/08/14 20 ANS,OBL,465,125359.65,58292237.25,9.34006211723358%,624109738.44
017201535,017,201535,BDT du 04/02/19 ATYP 18/06/19 à 3.35%  10 ans,OBL,30,104068.94,3122068.2,0.500243468048391%,624109738.44
017201552,017,201552,BDT DU 17/06/2020 10 ANS 2.7%,OBL,132,101098.56,13345009.92,2.13824734626905%,624109738.44
017201631,017,201631,BDT du 14/07/2021 ATYP 18/01/2021 à 3.45% 15 ans,OBL,150,97969.4,14695410,2.35461956365752%,624109738.44
017201651,017,201651,BDT du 20/04/2021 ATYP 16/06/2021 à 2.30% 10 ans,OBL,300,98472.67,29541801,4.73343054601928%,624109738.44
017201792,017,201792,BDT du 16/01/2023 atp  a 4.20%  10 ans,OBL,350,110402.31,38640808.5,6.19134843122061%,624109738.44
017201808,017,201808,BDT DU 20/03/2023 à 4.90% 15 ans ,OBL,575,119318.13,68607924.75,10.9929264878144%,624109738.44
017201809,017,201809,BDT DU 20/03/2023 à 5.5 30 ans ,OBL,427,131399.42,56107552.34,8.99001391650196%,624109738.44
017201837,017,201837,BDT du 18/09/2024 à 4%  10 ANS ATYP 02/01/2024,OBL,312,108473.11,33843610.32,5.4227018480106%,624109738.44
017201868,017,201868,BDT du 16/11/2024 à 2.85%  2 ANS,OBL,55,100978.42,5553813.1,0.889877654189805%,624109738.44
017201896,017,201896,BDT du 14/05/2025 à 2.90%   10 ANS ATYP 05/05/2025,OBL,198,100587.91,19916406.18,3.19117055115696%,624109738.44
017201926,017,201926,BDT du 29/09/2025 à 2.25%  2 ans ATYP 17/01/2026,OBL,290,100212.5,29061625,4.65649279446292%,624109738.44
01780129,017,80129,Droit d ' Attribution BOA 1/48  2025,ACT,5,4.35,21.75,0.00000348496404724679%,624109738.44
0179395,017,9395,OBL ANP du 04/06/2019 à 3.91% 15 ans TRANCH B ,OBL,94,61843,5813242,0.931445488181381%,624109738.44
0179647,017,9647,OBL OCP ORD SUB Fixe  DU 16/12/2024  30 ANS ,OBL,114,107089.53,12208206.42,1.95609933126747%,624109738.44
018057,018,057,FCP ATTIJARI DIVIDEND FUND,OPC,1785,1117.24,1994273.4,0.419234753660554%,475693721.14
018068,018,068,FCP ATTIJARI VALEURS ESG,OPC,32995,175.72,5797881.4,1.21882655631976%,475693721.14
018070,018,070,FCP ATTIJARI FIXED INCOME DISTRIBUTION,OPC,302810,108.49,32851856.9,6.90609428715404%,475693721.14
018075,018,075,FCP WG MOMENTUM FACTOR FUND ,OPC,30000,174.67,5240100,1.10157014211626%,475693721.14
0181001,018,1001,SONASID,ACT,1641,1985,3257385,0.684765187186763%,475693721.14
0181035,018,1035,CREDIT EQDOM,ACT,1509,1380,2082420,0.437764870011208%,475693721.14
0181036,018,1036,SOCIETE DE BOISSONS DU MAROC,ACT,150,2209,331350,0.0696561643079753%,475693721.14
0181038,018,1038,CDM,ACT,6787,1040,7058480,1.48382870875074%,475693721.14
0181050,018,1050,CIMENTS DU MAROC,ACT,9012,1737,15653844,3.29074009269779%,475693721.14
0181080,018,1080,SAMIR ,ACT,228,0,0,0%,475693721.14
0181081,018,1081,BMCI,ACT,4248,629,2671992,0.561704281821625%,475693721.14
0181092,018,1092,WAFA ASSURANCE,ACT,5745,4900,28150500,5.91777834118502%,475693721.14
0181095,018,1095,AFRIQUIA GAZ ,ACT,1256,4099,5148344,1.08228126023232%,475693721.14
0181105,018,1105,MANAGEM,ACT,3928,7550,29656400,6.23434758165999%,475693721.14
018112,018,112,ATTIJARI OBLIGATIONS          ,OPC,33000,313.5,10345500,2.17482374482619%,475693721.14
0181145,018,1145,CIH,ACT,21046,400,8418400,1.76971013614081%,475693721.14
0181146,018,1146,RISMA,ACT,3928,370,1453360,0.305524318571417%,475693721.14
0181148,018,1148,ITISSALAT AL MAGHRIB,ACT,214853,106.85,22957043.05,4.82601346828448%,475693721.14
0181151,018,1151,ADDOHA,ACT,181824,29.9,5436537.6,1.14286511643907%,475693721.14
0181171,018,1171,ATLANTASANAD,ACT,7061,135,953235,0.200388392286443%,475693721.14
0181172,018,1172,SNEP,ACT,790,458,361820,0.076061546310281%,475693721.14
0181179,018,1179,CMT,ACT,547,2100,1148700,0.241478907320269%,475693721.14
0181180,018,1180,LABEL VIE,ACT,3339,4280,14290920,3.00422716653729%,475693721.14
0181181,018,1181,ALLIANCES,ACT,10588,498,5272824,1.10844935841568%,475693721.14
0181185,018,1185,DELTA HOLDING,ACT,25121,68,1708228,0.35910249054922%,475693721.14
0181188,018,1188,BCP,ACT,57649,270,15565230,3.27211171984737%,475693721.14
0181208,018,1208,JET CONTRACTORS,ACT,604,2600,1570400,0.330128385179551%,475693721.14
0181220,018,1220,TAQA MOROCCO ,ACT,814,1945,1583230,0.332825498769626%,475693721.14
0181224,018,1224,COSUMAR,ACT,53207,202.95,10798360.65,2.27002379264577%,475693721.14
0181226,018,1226,TOTALENERGIES MARKETING MAROC,ACT,6060,1598,9683880,2.0357384530518%,475693721.14
0181231,018,1231,SODEP-MARSA MAROC,ACT,33170,901,29886170,6.28264966970298%,475693721.14
0181232,018,1232,LAFARGE-HOLCIM MAROC,ACT,9794,1799,17619406,3.70393915601305%,475693721.14
0181239,018,1239,MUTANDIS,ACT,13293,244.85,3254791.05,0.684219888839376%,475693721.14
0181243,018,1243,BANK OF AFRICA,ACT,80994,209,16927746,3.55853887653439%,475693721.14
0181244,018,1244,ATW,ACT,80739,731,59020209,12.4071868887733%,475693721.14
0181246,018,1246,ARADEI CAPITAL,ACT,9916,440,4363040,0.917195204835577%,475693721.14
0181250,018,1250,SOTHEMA,ACT,625,1730,1081250,0.227299615687334%,475693721.14
0181252,018,1252,TGCC,ACT,19467,834.3,16241318.1,3.41423848544347%,475693721.14
0181258,018,1258,AKDITAL,ACT,15159,1119,16962921,3.56593334033259%,475693721.14
0181261,018,1261,HPS (VN 10),ACT,10460,520,5439200,1.14342480429739%,475693721.14
0181262,018,1262,CFG BANK,ACT,8152,230,1874960,0.394152774500924%,475693721.14
0181271,018,1271,CMGP GROUP,ACT,10449,376,3928824,0.825914622245712%,475693721.14
0181275,018,1275,VICENNE,ACT,1461,420,613620,0.128994765482601%,475693721.14
0181276,018,1276,CASH PLUS,ACT,1758,290,509820,0.107174002376617%,475693721.14
0181278,018,1278,SGTM,ACT,8552,835,7140920,1.50115918765688%,475693721.14
018201792,018,201792,BDT du 16/01/2023 atp  a 4.20%  10 ans,OBL,1,110402.31,110402.31,0.0232086960776823%,475693721.14
018201808,018,201808,BDT DU 20/03/2023 à 4.90% 15 ans ,OBL,53,119318.13,6323860.89,1.32939759533611%,475693721.14
018201837,018,201837,BDT du 18/09/2024 à 4%  10 ANS ATYP 02/01/2024,OBL,1,108473.11,108473.11,0.0228031410084716%,475693721.14
018201840,018,201840,BDT du 15/10/2024 à 3.50%  5 ANS ATYP 15/01/2024,OBL,44,103575.97,4557342.68,0.958041377775247%,475693721.14
0185107,018,5107,OBL MIFTAH A2 du 09/12/2019 DU 3.51% AMORT,OBL,110,100155,11017050,2.31599651422719%,475693721.14
0185122,018,5122,OBLIGATION FT HYPOTHECA du  06/08/2021  12 ANS AMORT,OBL,84,43611.79,3663390.36,0.770115348846877%,475693721.14
01880129,018,80129,Droit d ' Attribution BOA 1/48  2025,ACT,6,4.35,26.1,0.00000548672367115785%,475693721.14
022001,022,001,ATTIJARI PATRIMOINE VALEURS         ,OPC,121534,117.67,14300905.78,1.40760683252559%,1015973029.51
022015,022,015,PROFIL HARMONIE               ,OPC,13390,615.22,8237795.8,0.810828197277349%,1015973029.51
022070,022,070,FCP ATTIJARI FIXED INCOME DISTRIBUTION,OPC,365000,108.49,39598850,3.89762807179029%,1015973029.51
0221001,022,1001,SONASID,ACT,3380,1985,6709300,0.660381703561154%,1015973029.51
022100844,022,100844,BSF WAFASALAF du 21/05/2021 4 ans 2.41% ,TCN,60,101617.44,6097046.4,0.600118922737603%,1015973029.51
022100964,022,100964,BSF WAFASALAF du 01/11/2024 à 3.43% 5ANS,TCN,291,101405.28,29508936.48,2.90449998404309%,1015973029.51
0221038,022,1038,CDM,ACT,11536,1040,11997440,1.18088174110156%,1015973029.51
0221050,022,1050,CIMENTS DU MAROC,ACT,14810,1737,25724970,2.53205245147177%,1015973029.51
0221081,022,1081,BMCI,ACT,1457,629,916453,0.0902044614749273%,1015973029.51
0221092,022,1092,WAFA ASSURANCE,ACT,1996,4900,9780400,0.962663349903791%,1015973029.51
0221095,022,1095,AFRIQUIA GAZ ,ACT,2038,4099,8353762,0.82224249634156%,1015973029.51
0221105,022,1105,MANAGEM,ACT,12531,7550,94609050,9.31216156846502%,1015973029.51
022112,022,112,ATTIJARI OBLIGATIONS          ,OPC,110500,313.5,34641750,3.40971157637005%,1015973029.51
0221145,022,1145,CIH,ACT,45501,400,18200400,1.79142550750368%,1015973029.51
0221148,022,1148,ITISSALAT AL MAGHRIB,ACT,168860,106.85,18042691,1.77590255606509%,1015973029.51
0221151,022,1151,ADDOHA,ACT,221226,29.9,6614657.4,0.651066239739673%,1015973029.51
0221180,022,1180,LABEL VIE,ACT,2366,4280,10126480,0.996727246281721%,1015973029.51
0221188,022,1188,BCP,ACT,48165,270,13004550,1.28000937251967%,1015973029.51
0221226,022,1226,TOTALENERGIES MARKETING MAROC,ACT,8505,1598,13590990,1.33773137723497%,1015973029.51
0221231,022,1231,SODEP-MARSA MAROC,ACT,88181,901,79451081,7.82019588042794%,1015973029.51
0221232,022,1232,LAFARGE-HOLCIM MAROC,ACT,7370,1799,13258630,1.30501791040601%,1015973029.51
0221244,022,1244,ATW,ACT,109295,731,79894645,7.86385491340581%,1015973029.51
0221246,022,1246,ARADEI CAPITAL,ACT,2660,440,1170400,0.115199908462578%,1015973029.51
0221252,022,1252,TGCC,ACT,20035,834.3,16715200.5,1.64524057376421%,1015973029.51
0221258,022,1258,AKDITAL,ACT,27303,1119,30552057,3.00717205207063%,1015973029.51
0221271,022,1271,CMGP GROUP,ACT,21486,376,8078736,0.795172289553429%,1015973029.51
0221275,022,1275,VICENNE,ACT,2062,420,866040,0.085242420304965%,1015973029.51
0221276,022,1276,CASH PLUS,ACT,3454,290,1001660,0.0985911998552852%,1015973029.51
0221278,022,1278,SGTM,ACT,14029,835,11714215,1.15300452470178%,1015973029.51
022201379,022,201379,BDT DU 05/08/2015 15 ANS à 4%,OBL,120,106747.26,12809671.2,1.26082787908042%,1015973029.51
022201516,022,201516,BDT du 15/01/2018 ATYP jouiss 18/07/2018 à 3.70% 15 ans,OBL,409,106557.02,43581821.18,4.28966320110086%,1015973029.51
022201651,022,201651,BDT du 20/04/2021 ATYP 16/06/2021 à 2.30% 10 ans,OBL,150,98472.67,14770900.5,1.45386738338162%,1015973029.51
022201808,022,201808,BDT DU 20/03/2023 à 4.90% 15 ans ,OBL,144,119318.13,17181810.72,1.69116799569834%,1015973029.51
022201822,022,201822,BDT du 27/06/2023 ATYP 14/03/2024 à 4.75 % 15 ans ,OBL,500,119665.25,59832625,5.88919422682481%,1015973029.51
022201837,022,201837,BDT du 18/09/2024 à 4%  10 ANS ATYP 02/01/2024,OBL,780,108473.11,84609025.8,8.32788108960005%,1015973029.51
022201862,022,201862,BDT du 15/04/2025  5 ans à 3.30%  ATYP 15/07/2024,OBL,460,106923.5,49184810,4.84115311837773%,1015973029.51
0225061,022,5061,OBLIGATION FT MIFTAH A2 du 15/11/2017 à 4.03%,OBL,646,77495.18,50061886.28,4.92748181555023%,1015973029.51
0225106,022,5106,OBLIGATION A1 MIFTTAH 09/12/2019 12 ANS AMORT,OBL,300,32551.56,9765468,0.961193625849482%,1015973029.51
0225116,022,5116,OBLIGATION A1 MIFTTAH 11/06/2021 12 ANS AMORT,OBL,443,55969.61,24794537.23,2.44047199185576%,1015973029.51
0229346,022,9346,OBL ANP DU 31/10/2017 10ANS 3.83%,OBL,7,20384.32,142690.24,0.0140446877875113%,1015973029.51
0229395,022,9395,OBL ANP du 04/06/2019 à 3.91% 15 ans TRANCH B ,OBL,64,61843,3957952,0.389572546222896%,1015973029.51
0229402,022,9402,OBL FEC du 12/07/2019 à 3.49% 15 ans Amrt Annuel,OBL,28,61400.82,1719222.96,0.169219350323618%,1015973029.51
0229425,022,9425,OBL SUB BCP du 26/12/2019 à 3.28% 10ans  Fixe,OBL,152,100108.67,15216517.84,1.49772852211824%,1015973029.51
0229428,022,9428,OBL ATW SUB PERP 27/12/2019 à 5.23% REVIS 10ans,OBL,170,100338.81,17057597.7,1.67894198020461%,1015973029.51
0229523,022,9523,OBL MANAGEM du 21/12/2021 à 3.22% 7 ANS,OBL,10,98933.12,989331.2,0.0973777030751644%,1015973029.51
0229644,022,9644,OBL OCP ORD SUB Fixe  DU 16/12/2024  10 ANS ,OBL,38,102621.92,3899632.96,0.383832330852403%,1015973029.51
022XS1061043367,022,XS1061043367,OBL OCP INTERNATIONAL à 6.875%  30 ANS,OBL,2412,1020.49,2461421.88,0.24227236437439%,1015973029.51
022XS2080771806,022,XS2080771806,EUROBOND DU 27/11/2019 11 ans (2031),OBL,1000,1003.04,1003040,0.0987270302326591%,1015973029.51
022XS2239829216,022,XS2239829216,EUROBOND DU 30/09/2020 10 ans (2030),OBL,1870,1017.32,1902388.4,0.187247923393942%,1015973029.51
022XS2270576965,022,XS2270576965,EUROBOND DU 15/12/2020 SEM (2032),OBL,699,1004.62,702229.38,0.0691188997742079%,1015973029.51
022XS2810168737,022,XS2810168737,OBL OCP INTERNATIONAL 6.75% 10 ANS,OBL,1784,1018.72,1817396.48,0.178882354866893%,1015973029.51
022XS2810168810,022,XS2810168810,OBL OCP INTERNATIONAL 7.50% 30ANS,OBL,321,1020.8,327676.8,0.0322525097106207%,1015973029.51
022XS3041322051,022,XS3041322051,KINGDOM OF MOROCCO 4 3/4 04/02/35 au 26/03/2025 à 99.276,OBL,604,1041.64,629150.56,0.0619259115867906%,1015973029.51
0251001,025,1001,SONASID,ACT,5237,1985,10395445,1.08839829270703%,955114048.75
0251006,025,1006,SMI,ACT,646,5300,3423800,0.358470279489751%,955114048.75
0251035,025,1035,CREDIT EQDOM,ACT,4681,1380,6459780,0.676335984006748%,955114048.75
0251036,025,1036,SOCIETE DE BOISSONS DU MAROC,ACT,1764,2209,3896676,0.407980178398564%,955114048.75
0251038,025,1038,CDM,ACT,13849,1040,14402960,1.50798326323959%,955114048.75
0251050,025,1050,CIMENTS DU MAROC,ACT,26423,1737,45896751,4.80536864263143%,955114048.75
0251080,025,1080,SAMIR ,ACT,10446,0,0,0%,955114048.75
0251081,025,1081,BMCI,ACT,15757,629,9911153,1.03769314386812%,955114048.75
0251092,025,1092,WAFA ASSURANCE,ACT,10776,4900,52802400,5.52838690511409%,955114048.75
0251095,025,1095,AFRIQUIA GAZ ,ACT,3120,4099,12788880,1.3389898323386%,955114048.75
0251096,025,1096,AUTO-HALL ,ACT,19461,90.21,1755576.81,0.183808081589586%,955114048.75
0251105,025,1105,MANAGEM,ACT,8956,7550,67617800,7.07955244596124%,955114048.75
0251145,025,1145,CIH,ACT,73986,400,29594400,3.09852001849742%,955114048.75
0251146,025,1146,RISMA,ACT,10575,370,3912750,0.409663118778411%,955114048.75
0251148,025,1148,ITISSALAT AL MAGHRIB,ACT,602299,106.85,64355648.15,6.73800665315572%,955114048.75
0251151,025,1151,ADDOHA,ACT,502156,29.9,15014464.4,1.57200749163412%,955114048.75
0251171,025,1171,ATLANTASANAD,ACT,12530,135,1691550,0.177104504138936%,955114048.75
0251172,025,1172,SNEP,ACT,4639,458,2124662,0.222451130603789%,955114048.75
0251179,025,1179,CMT,ACT,4342,2100,9118200,0.954671330814722%,955114048.75
0251180,025,1180,LABEL VIE,ACT,9045,4280,38712600,4.05319134931215%,955114048.75
0251181,025,1181,ALLIANCES,ACT,28011,498,13949478,1.46050390717803%,955114048.75
0251185,025,1185,DELTA HOLDING,ACT,66833,68,4544644,0.475822128880606%,955114048.75
0251188,025,1188,BCP,ACT,162217,270,43798590,4.58569215449413%,955114048.75
0251193,025,1193,COLORADO,ACT,977,85,83045,0.00869477316438646%,955114048.75
0251203,025,1203,LESIEUR,ACT,243960,344.95,84154002,8.81088516184387%,955114048.75
0251208,025,1208,JET CONTRACTORS,ACT,2405,2600,6253000,0.654686213461479%,955114048.75
0251210,025,1210,S2M,ACT,59,556,32804,0.00343456365686716%,955114048.75
0251220,025,1220,TAQA MOROCCO ,ACT,2187,1945,4253715,0.445361996880585%,955114048.75
0251224,025,1224,COSUMAR,ACT,167155,202.95,33924107.25,3.55183836887312%,955114048.75
0251226,025,1226,TOTALENERGIES MARKETING MAROC,ACT,10908,1598,17430984,1.82501597822927%,955114048.75
0251231,025,1231,SODEP-MARSA MAROC,ACT,94028,901,84719228,8.87006406312166%,955114048.75
0251232,025,1232,LAFARGE-HOLCIM MAROC,ACT,16666,1799,29982134,3.13911558930988%,955114048.75
0251238,025,1238,IMMORENT INVEST,ACT,6160,91.5,563640,0.0590128478099197%,955114048.75
0251239,025,1239,MUTANDIS,ACT,27130,244.85,6642780.5,0.695496051879218%,955114048.75
0251243,025,1243,BANK OF AFRICA,ACT,203630,209,42558670,4.45587310287169%,955114048.75
0251244,025,1244,ATW,ACT,170215,731,124427165,13.0274667368618%,955114048.75
0251246,025,1246,ARADEI CAPITAL,ACT,16159,440,7109960,0.744409529867676%,955114048.75
0251250,025,1250,SOTHEMA,ACT,2256,1730,3902880,0.408629734334645%,955114048.75
0251252,025,1252,TGCC,ACT,57758,834.3,48187499.4,5.04520894264566%,955114048.75
0251258,025,1258,AKDITAL,ACT,29877,1119,33432363,3.50035297289935%,955114048.75
0251261,025,1261,HPS (VN 10),ACT,27986,520,14552720,1.52366306610669%,955114048.75
0251262,025,1262,CFG BANK,ACT,28825,230,6629750,0.694131764544417%,955114048.75
0251271,025,1271,CMGP GROUP,ACT,27056,376,10173056,1.06511426706726%,955114048.75
0251275,025,1275,VICENNE,ACT,2062,420,866040,0.0906739882146457%,955114048.75
0251276,025,1276,CASH PLUS,ACT,3454,290,1001660,0.10487333960912%,955114048.75
0251278,025,1278,SGTM,ACT,26718,835,22309530,2.3357974923725%,955114048.75
02580129,025,80129,Droit d ' Attribution BOA 1/48  2025,ACT,35,4.35,152.25,0.0000159405047176572%,955114048.75
026008,026,008,ATTIJARI AL MOUCHARAKA    ,OPC,10000,1315.44,13154400,7.81951433567838%,168225281.46
0261001,026,1001,SONASID,ACT,1615,1985,3205775,1.90564401032805%,168225281.46
0261006,026,1006,SMI,ACT,240,5300,1272000,0.756128917699241%,168225281.46
0261041,026,1041,OULMES,ACT,26,1235,32110,0.0190874996441216%,168225281.46
0261050,026,1050,CIMENTS DU MAROC,ACT,5498,1737,9550026,5.67692674793995%,168225281.46
0261080,026,1080,SAMIR ,ACT,33,0,0,0%,168225281.46
0261095,026,1095,AFRIQUIA GAZ ,ACT,834,4099,3418566,2.03213569942093%,168225281.46
0261096,026,1096,AUTO-HALL ,ACT,21373,90.21,1928058.33,1.1461168697515%,168225281.46
0261105,026,1105,MANAGEM,ACT,1676,7550,12653800,7.52193718457756%,168225281.46
0261142,026,1142,DARI,ACT,83,4300,356900,0.212155983275833%,168225281.46
0261148,026,1148,ITISSALAT AL MAGHRIB,ACT,113416,106.85,12118499.6,7.20373269393607%,168225281.46
0261151,026,1151,ADDOHA,ACT,123994,29.9,3707420.6,2.20384270891028%,168225281.46
0261163,026,1163,DISWAY,ACT,1300,880,1144000,0.68004047315089%,168225281.46
0261172,026,1172,SNEP,ACT,1917,458,877986,0.521910852150225%,168225281.46
0261179,026,1179,CMT,ACT,1245,2100,2614500,1.55416592399738%,168225281.46
0261181,026,1181,ALLIANCES,ACT,7973,498,3970554,2.36025998324402%,168225281.46
0261185,026,1185,DELTA HOLDING,ACT,20854,68,1418072,0.842960099512263%,168225281.46
0261193,026,1193,COLORADO,ACT,2643,85,224655,0.133544136796952%,168225281.46
0261203,026,1203,LESIEUR,ACT,1,344.95,344.95,0.000205052413648076%,168225281.46
0261208,026,1208,JET CONTRACTORS,ACT,939,2600,2441400,1.45126819156519%,168225281.46
0261210,026,1210,S2M,ACT,117,556,65052,0.0386695741778074%,168225281.46
0261220,026,1220,TAQA MOROCCO ,ACT,971,1945,1888595,1.12265824946714%,168225281.46
0261224,026,1224,COSUMAR,ACT,40645,202.95,8248902.75,4.90348577717279%,168225281.46
0261226,026,1226,TOTALENERGIES MARKETING MAROC,ACT,2343,1598,3744114,2.2256547693102%,168225281.46
0261231,026,1231,SODEP-MARSA MAROC,ACT,15823,901,14256523,8.47466140420152%,168225281.46
0261232,026,1232,LAFARGE-HOLCIM MAROC,ACT,5559,1799,10000641,5.94479076700366%,168225281.46
0261238,026,1238,IMMORENT INVEST,ACT,14047,91.5,1285300.5,0.76403527986108%,168225281.46
0261239,026,1239,MUTANDIS,ACT,10749,244.85,2631892.65,1.56450482778702%,168225281.46
0261246,026,1246,ARADEI CAPITAL,ACT,8345,440,3671800,2.18266836478622%,168225281.46
0261250,026,1250,SOTHEMA,ACT,1175,1730,2032750,1.20834988793485%,168225281.46
0261252,026,1252,TGCC,ACT,10201,834.3,8510694.3,5.05910540088687%,168225281.46
0261253,026,1253,DISTY TECHNOLOGIES,ACT,4,324,1296,0.000770395501052057%,168225281.46
0261258,026,1258,AKDITAL,ACT,5831,1119,6524889,3.87866136609881%,168225281.46
0261261,026,1261,HPS (VN 10),ACT,7468,520,3883360,2.30842829704129%,168225281.46
0261271,026,1271,CMGP GROUP,ACT,10839,376,4075464,2.42262278572502%,168225281.46
0261275,026,1275,VICENNE,ACT,2501,420,1050420,0.624412686894369%,168225281.46
0261276,026,1276,CASH PLUS,ACT,1288,290,373520,0.222035592247658%,168225281.46
0261278,026,1278,SGTM,ACT,5298,835,4423830,2.62970580973698%,168225281.46
0271001,027,1001,SONASID,ACT,5,1985,9925,0.00614640427533586%,161476524.41
027101013,027,101013,BSF WAFASALAF du 10/10/2025 à 2.98%  5 ans,TCN,100,99289.06,9928906,6.14882320280181%,161476524.41
0271035,027,1035,CREDIT EQDOM,ACT,664,1380,916320,0.56746329124189%,161476524.41
0271038,027,1038,CDM,ACT,1901,1040,1977040,1.22435134594559%,161476524.41
0271050,027,1050,CIMENTS DU MAROC,ACT,2429,1737,4219173,2.61287082776641%,161476524.41
0271081,027,1081,BMCI,ACT,3533,629,2222257,1.37621057185844%,161476524.41
0271092,027,1092,WAFA ASSURANCE,ACT,1157,4900,5669300,3.51091282198102%,161476524.41
0271105,027,1105,MANAGEM,ACT,1087,7550,8206850,5.08237964000404%,161476524.41
0271145,027,1145,CIH,ACT,9052,400,3620800,2.24230736525301%,161476524.41
0271148,027,1148,ITISSALAT AL MAGHRIB,ACT,42745,106.85,4567303.25,2.82846269244891%,161476524.41
0271179,027,1179,CMT,ACT,20,2100,42000,0.026009972752051%,161476524.41
0271180,027,1180,LABEL VIE,ACT,1129,4280,4832120,2.99245975082478%,161476524.41
0271185,027,1185,DELTA HOLDING,ACT,57,68,3876,0.00240034891397499%,161476524.41
0271188,027,1188,BCP,ACT,8082,270,2182140,1.35136671288478%,161476524.41
0271224,027,1224,COSUMAR,ACT,4706,202.95,955082.7,0.591468452451317%,161476524.41
0271226,027,1226,TOTALENERGIES MARKETING MAROC,ACT,2338,1598,3736124,2.31372579614962%,161476524.41
0271231,027,1231,SODEP-MARSA MAROC,ACT,11753,901,10589453,6.55789009497916%,161476524.41
0271243,027,1243,BANK OF AFRICA,ACT,7463,209,1559767,0.96594040879877%,161476524.41
0271244,027,1244,ATW,ACT,20669,731,15109039,9.35680220713515%,161476524.41
0271246,027,1246,ARADEI CAPITAL,ACT,1706,440,750640,0.464860141585704%,161476524.41
0271252,027,1252,TGCC,ACT,8207,834.3,6847100.1,4.2403068340849%,161476524.41
0271258,027,1258,AKDITAL,ACT,1965,1119,2198835,1.36170567705372%,161476524.41
0271271,027,1271,CMGP GROUP,ACT,4174,376,1569424,0.971920844676546%,161476524.41
0271275,027,1275,VICENNE,ACT,800,420,336000,0.208079782016408%,161476524.41
0271276,027,1276,CASH PLUS,ACT,736,290,213440,0.132180204385661%,161476524.41
0271278,027,1278,SGTM,ACT,2258,835,1885430,1.16761864109285%,161476524.41
027201554,027,201554,BDT du 16/07/2020 à 3% ATYP 20/01/2020 15 ans,OBL,60,100787.01,6047220.6,3.74495340551528%,161476524.41
027201631,027,201631,BDT du 14/07/2021 ATYP 18/01/2021 à 3.45% 15 ans,OBL,90,97969.4,8817246,5.46038876686026%,161476524.41
027201792,027,201792,BDT du 16/01/2023 atp  a 4.20%  10 ans,OBL,23,110402.31,2539253.13,1.57252154099667%,161476524.41
027201808,027,201808,BDT DU 20/03/2023 à 4.90% 15 ans ,OBL,156,119318.13,18613628.28,11.5271420090382%,161476524.41
027201837,027,201837,BDT du 18/09/2024 à 4%  10 ANS ATYP 02/01/2024,OBL,73,108473.11,7918537.03,4.90383172348588%,161476524.41
0275106,027,5106,OBLIGATION A1 MIFTTAH 09/12/2019 12 ANS AMORT,OBL,58,32551.56,1887990.48,1.16920430811742%,161476524.41
0275116,027,5116,OBLIGATION A1 MIFTTAH 11/06/2021 12 ANS AMORT,OBL,86,55969.61,4813386.46,2.98085834927836%,161476524.41
02780129,027,80129,Droit d ' Attribution BOA 1/48  2025,ACT,15,4.35,65.25,0.0000404083505255078%,161476524.41
0279300,027,9300,OBL SUBORD CDM du 21/12/2016 à 3.13% REVISABLE 10 ANS,OBL,20,100383.18,2007663.6,1.24331608407821%,161476524.41
0279395,027,9395,OBL ANP du 04/06/2019 à 3.91% 15 ans TRANCH B ,OBL,94,61843,5813242,3.60005395288282%,161476524.41
0279411,027,9411,OBL ONCF du 31/10/19 à 4.02% 30 ANS AMRT LIN 15ans,OBL,34,104064.87,3538205.58,2.19115787445131%,161476524.41
0279425,027,9425,OBL SUB BCP du 26/12/2019 à 3.28% 10ans  Fixe,OBL,29,100108.67,2903151.43,1.79787832355662%,161476524.41
0279523,027,9523,OBL MANAGEM du 21/12/2021 à 3.22% 7 ANS,OBL,48,98933.12,4748789.76,2.94085457768616%,161476524.41
0279644,027,9644,OBL OCP ORD SUB Fixe  DU 16/12/2024  10 ANS ,OBL,26,102621.92,2668169.92,1.6523577837391%,161476524.41
0291001,029,1001,SONASID,ACT,3614,1985,7173790,1.1111388049819%,645625008.13
0291006,029,1006,SMI,ACT,1074,5300,5692200,0.881657297707069%,645625008.13
0291035,029,1035,CREDIT EQDOM,ACT,3241,1380,4472580,0.692751975787689%,645625008.13
0291036,029,1036,SOCIETE DE BOISSONS DU MAROC,ACT,1349,2209,2979941,0.461559103577966%,645625008.13
0291038,029,1038,CDM,ACT,10199,1040,10606960,1.64289794639805%,645625008.13
0291050,029,1050,CIMENTS DU MAROC,ACT,17726,1737,30790062,4.76903180829084%,645625008.13
0291080,029,1080,SAMIR ,ACT,4782,0,0,0%,645625008.13
0291081,029,1081,BMCI,ACT,11728,629,7376912,1.14260010177837%,645625008.13
0291092,029,1092,WAFA ASSURANCE,ACT,7689,4900,37676100,5.83560108818054%,645625008.13
0291095,029,1095,AFRIQUIA GAZ ,ACT,2214,4099,9075186,1.40564350601683%,645625008.13
0291096,029,1096,AUTO-HALL ,ACT,10983,90.21,990776.43,0.153460045308608%,645625008.13
0291105,029,1105,MANAGEM,ACT,6150,7550,46432500,7.19186825406406%,645625008.13
0291145,029,1145,CIH,ACT,50493,400,20197200,3.12831748238804%,645625008.13
0291146,029,1146,RISMA,ACT,7258,370,2685460,0.415947332613124%,645625008.13
0291148,029,1148,ITISSALAT AL MAGHRIB,ACT,425274,106.85,45440526.9,7.03822285812856%,645625008.13
0291151,029,1151,ADDOHA,ACT,312117,29.9,9332298.3,1.44546728867121%,645625008.13
0291167,029,1167,M2M,ACT,15,467.95,7019.25,0.00108720230963957%,645625008.13
0291171,029,1171,ATLANTASANAD,ACT,12391,135,1672785,0.259095446882562%,645625008.13
0291172,029,1172,SNEP,ACT,3193,458,1462394,0.226508264330668%,645625008.13
0291179,029,1179,CMT,ACT,2921,2100,6134100,0.950102601782251%,645625008.13
0291180,029,1180,LABEL VIE,ACT,6176,4280,26433280,4.09421563092202%,645625008.13
0291181,029,1181,ALLIANCES,ACT,19219,498,9571062,1.48244908104192%,645625008.13
0291185,029,1185,DELTA HOLDING,ACT,51822,68,3523896,0.54581157105526%,645625008.13
0291188,029,1188,BCP,ACT,124992,270,33747840,5.22715811423536%,645625008.13
0291194,029,1194,ENNAKL,ACT,21874,50.1,1095887.4,0.169740543845126%,645625008.13
0291203,029,1203,LESIEUR,ACT,42344,344.95,14606562.8,2.26239111187882%,645625008.13
0291208,029,1208,JET CONTRACTORS,ACT,1605,2600,4173000,0.64635042748526%,645625008.13
0291210,029,1210,S2M,ACT,414,556,230184,0.0356528940331337%,645625008.13
0291220,029,1220,TAQA MOROCCO ,ACT,1536,1945,2987520,0.462733004821655%,645625008.13
0291224,029,1224,COSUMAR,ACT,120138,202.95,24382007.1,3.77649669591029%,645625008.13
0291226,029,1226,TOTALENERGIES MARKETING MAROC,ACT,9485,1598,15157030,2.3476522453647%,645625008.13
0291231,029,1231,SODEP-MARSA MAROC,ACT,66858,901,60239058,9.33034768502501%,645625008.13
0291232,029,1232,LAFARGE-HOLCIM MAROC,ACT,11312,1799,20350288,3.1520290793789%,645625008.13
0291238,029,1238,IMMORENT INVEST,ACT,9960,91.5,911340,0.141156242172158%,645625008.13
0291239,029,1239,MUTANDIS,ACT,19759,244.85,4837991.15,0.749350023477691%,645625008.13
0291243,029,1243,BANK OF AFRICA,ACT,140124,209,29285916,4.53605663213454%,645625008.13
0291244,029,1244,ATW,ACT,99050,731,72405550,11.2147994715565%,645625008.13
0291246,029,1246,ARADEI CAPITAL,ACT,10632,440,4678080,0.724581597845733%,645625008.13
0291250,029,1250,SOTHEMA,ACT,1537,1730,2659010,0.411850527243609%,645625008.13
0291252,029,1252,TGCC,ACT,38542,834.3,32155590.6,4.98053671947065%,645625008.13
0291258,029,1258,AKDITAL,ACT,21960,1119,24573240,3.80611650579868%,645625008.13
0291261,029,1261,HPS (VN 10),ACT,18335,520,9534200,1.47673957482146%,645625008.13
0291262,029,1262,CFG BANK,ACT,19646,230,4518580,0.699876854691193%,645625008.13
0291271,029,1271,CMGP GROUP,ACT,18388,376,6913888,1.07088292939976%,645625008.13
0291275,029,1275,VICENNE,ACT,2062,420,866040,0.134139785338925%,645625008.13
0291276,029,1276,CASH PLUS,ACT,2988,290,866520,0.134214131901396%,645625008.13
0291278,029,1278,SGTM,ACT,17993,835,15024155,2.32707141309725%,645625008.13
02980129,029,80129,Droit d ' Attribution BOA 1/48  2025,ACT,33,4.35,143.55,0.0000222342688390868%,645625008.13
031050,031,050,FCP ATTIJARI GOLD,OPC,1260,2880.2,3629052,1.01566679120604%,357307340.5
0311050,031,1050,CIMENTS DU MAROC,ACT,3926,1737,6819462,1.9085703614309%,357307340.5
0311080,031,1080,SAMIR ,ACT,3704,0,0,0%,357307340.5
0311081,031,1081,BMCI,ACT,3954,629,2487066,0.696057908163798%,357307340.5
0311092,031,1092,WAFA ASSURANCE,ACT,2539,4900,12441100,3.48190439709144%,357307340.5
0311095,031,1095,AFRIQUIA GAZ ,ACT,513,4099,2102787,0.588509320031728%,357307340.5
0311180,031,1180,LABEL VIE,ACT,1,4280,4280,0.00119784832688037%,357307340.5
0311188,031,1188,BCP,ACT,4507,270,1216890,0.340572348247069%,357307340.5
0311220,031,1220,TAQA MOROCCO ,ACT,1937,1945,3767465,1.05440459038092%,357307340.5
0311223,031,1223,RESIDENCES DAR SAADA,ACT,80143,155,12422165,3.47660503772942%,357307340.5
0311224,031,1224,COSUMAR,ACT,63500,202.95,12887325,3.60678988065738%,357307340.5
0311226,031,1226,TOTALENERGIES MARKETING MAROC,ACT,6729,1598,10752942,3.00943775321067%,357307340.5
0311231,031,1231,SODEP-MARSA MAROC,ACT,34515,901,31098015,8.70343580304922%,357307340.5
0311232,031,1232,LAFARGE-HOLCIM MAROC,ACT,11581,1799,20834219,5.83089588107692%,357307340.5
0311244,031,1244,ATW,ACT,95505,731,69814155,19.5389646633918%,357307340.5
0311250,031,1250,SOTHEMA,ACT,19392,1730,33548160,9.38916059016705%,357307340.5
0311252,031,1252,TGCC,ACT,30183,834.3,25181676.9,7.04762372493156%,357307340.5
0311258,031,1258,AKDITAL,ACT,11590,1119,12969210,3.6297071260421%,357307340.5
0311261,031,1261,HPS (VN 10),ACT,3900,520,2028000,0.56757859974612%,357307340.5
0311262,031,1262,CFG BANK,ACT,72886,230,16763780,4.69169762270809%,357307340.5
0311275,031,1275,VICENNE,ACT,1428,420,599760,0.167855493581722%,357307340.5
0311276,031,1276,CASH PLUS,ACT,1675,290,485750,0.13594738896779%,357307340.5
0311278,031,1278,SGTM,ACT,13962,835,11658270,3.26281290042515%,357307340.5
031201657,031,201657,BDT DU 14/06/2021 5 ANS à 2.00%,OBL,77,100334.05,7725721.85,2.16220630653402%,357307340.5
0313984,031,3984,FCP STERLING EQUITY,OPC,31362,932.1,29232520.2,8.18133771309968%,357307340.5
031US02079K1079,031,US02079K1079,GOOG ALPHABET C,ACT,2211,331.33,732570.63,0.205025351277383%,357307340.5
031US0231351067,031,US0231351067,AMAZON,ACT,1898,222.69,422665.62,0.118291893866088%,357307340.5
031US0378331005,031,US0378331005,APPLE INC,ACT,1942,275.91,535817.22,0.149959757123993%,357307340.5
031US30303M1027,031,US30303M1027,META PLATFORMS CLA,ACT,702,670.21,470487.42,0.131675833847024%,357307340.5
031US5949181045,031,US5949181045,MICROSOFT,ACT,823,393.67,323990.41,0.0906755538653704%,357307340.5
031US67066G1040,031,US67066G1040,NVIDIA ORD,ACT,2373,171.88,407871.24,0.114151374396407%,357307340.5
031XS2080771806,031,XS2080771806,EUROBOND DU 27/11/2019 11 ans (2031),OBL,280,1003.04,280851.2,0.0786021355192394%,357307340.5
0331001,033,1001,SONASID,ACT,26,1985,51610,0.240350504934311%,21472806.98
0331006,033,1006,SMI,ACT,21,5300,111300,0.518329998046674%,21472806.98
0331035,033,1035,CREDIT EQDOM,ACT,43,1380,59340,0.276349524565046%,21472806.98
0331036,033,1036,SOCIETE DE BOISSONS DU MAROC,ACT,30,2209,66270,0.308622901801914%,21472806.98
0331038,033,1038,CDM,ACT,172,1040,178880,0.833053639268544%,21472806.98
0331050,033,1050,CIMENTS DU MAROC,ACT,315,1737,547155,2.54812983002002%,21472806.98
0331080,033,1080,SAMIR ,ACT,184,0,0,0%,21472806.98
0331081,033,1081,BMCI,ACT,131,629,82399,0.383736509515255%,21472806.98
0331092,033,1092,WAFA ASSURANCE,ACT,114,4900,558600,2.60142980151727%,21472806.98
0331095,033,1095,AFRIQUIA GAZ ,ACT,35,4099,143465,0.668124107545068%,21472806.98
0331096,033,1096,AUTO-HALL ,ACT,676,90.21,60981.96,0.283996219296337%,21472806.98
0331105,033,1105,MANAGEM,ACT,195,7550,1472250,6.8563462679624%,21472806.98
0331145,033,1145,CIH,ACT,977,400,390800,1.81997630940377%,21472806.98
0331146,033,1146,RISMA,ACT,290,370,107300,0.499701786077341%,21472806.98
0331148,033,1148,ITISSALAT AL MAGHRIB,ACT,10023,106.85,1070957.55,4.98750606288922%,21472806.98
0331151,033,1151,ADDOHA,ACT,4940,29.9,147706,0.687874669285552%,21472806.98
0331167,033,1167,M2M,ACT,1,467.95,467.95,0.00217926794776227%,21472806.98
0331172,033,1172,SNEP,ACT,74,458,33892,0.157836840016153%,21472806.98
0331179,033,1179,CMT,ACT,1,2100,2100,0.0097798112838995%,21472806.98
0331180,033,1180,LABEL VIE,ACT,110,4280,470800,2.19254054879042%,21472806.98
0331181,033,1181,ALLIANCES,ACT,400,498,199200,0.927684956072753%,21472806.98
0331185,033,1185,DELTA HOLDING,ACT,848,68,57664,0.268544303749896%,21472806.98
0331188,033,1188,BCP,ACT,1878,270,507060,2.36140529029242%,21472806.98
0331203,033,1203,LESIEUR,ACT,1359,344.95,468787.05,2.1831661339695%,21472806.98
0331208,033,1208,JET CONTRACTORS,ACT,57,2600,148200,0.690175253463765%,21472806.98
0331210,033,1210,S2M,ACT,48,556,26688,0.124287430259386%,21472806.98
0331220,033,1220,TAQA MOROCCO ,ACT,10,1945,19450,0.0905796807008787%,21472806.98
0331224,033,1224,COSUMAR,ACT,1884,202.95,382357.8,1.7806605366319%,21472806.98
0331226,033,1226,TOTALENERGIES MARKETING MAROC,ACT,190,1598,303620,1.41397442953217%,21472806.98
0331231,033,1231,SODEP-MARSA MAROC,ACT,1535,901,1383035,6.44086728525141%,21472806.98
0331232,033,1232,LAFARGE-HOLCIM MAROC,ACT,211,1799,379589,1.76776608830673%,21472806.98
0331239,033,1239,MUTANDIS,ACT,685,244.85,167722.25,0.78109140624334%,21472806.98
0331243,033,1243,BANK OF AFRICA,ACT,2229,209,465861,2.16953936406129%,21472806.98
0331244,033,1244,ATW,ACT,2791,731,2040221,9.50141731307082%,21472806.98
0331246,033,1246,ARADEI CAPITAL,ACT,90,440,39600,0.184419298496391%,21472806.98
0331250,033,1250,SOTHEMA,ACT,29,1730,50170,0.233644348625351%,21472806.98
0331252,033,1252,TGCC,ACT,595,834.3,496408.5,2.31180069034458%,21472806.98
0331253,033,1253,DISTY TECHNOLOGIES,ACT,2,324,648,0.00301777033903185%,21472806.98
0331258,033,1258,AKDITAL,ACT,333,1119,372627,1.7353436853741%,21472806.98
0331261,033,1261,HPS (VN 10),ACT,193,520,100360,0.46738183831055%,21472806.98
0331271,033,1271,CMGP GROUP,ACT,312,376,117312,0.54632820063658%,21472806.98
0331275,033,1275,VICENNE,ACT,24,420,10080,0.0469430941627176%,21472806.98
0331278,033,1278,SGTM,ACT,298,835,248830,1.15881449608224%,21472806.98
033201552,033,201552,BDT DU 17/06/2020 10 ANS 2.7%,OBL,13,101098.56,1314281.28,6.12067756779137%,21472806.98
033201808,033,201808,BDT DU 20/03/2023 à 4.90% 15 ans ,OBL,32,119318.13,3818180.16,17.7814673393949%,21472806.98
033201840,033,201840,BDT du 15/10/2024 à 3.50%  5 ANS ATYP 15/01/2024,OBL,30,103575.97,3107279.1,14.4707634306691%,21472806.98
033201862,033,201862,BDT du 15/04/2025  5 ans à 3.30%  ATYP 15/07/2024,OBL,3,106923.5,320770.5,1.49384521687718%,21472806.98
0335106,033,5106,OBLIGATION A1 MIFTTAH 09/12/2019 12 ANS AMORT,OBL,18,32551.56,585928.08,2.72869811825599%,21472806.98
03380129,033,80129,Droit d ' Attribution BOA 1/48  2025,ACT,24,4.35,104.4,0.000486196332399575%,21472806.98
0339411,033,9411,OBL ONCF du 31/10/19 à 4.02% 30 ANS AMRT LIN 15ans,OBL,2,104064.87,208129.74,0.969271228460509%,21472806.98
0451001,045,1001,SONASID,ACT,1672,1985,3318920,0.198227479671936%,1674298641.89
0451006,045,1006,SMI,ACT,839,5300,4446700,0.26558583330035%,1674298641.89
0451035,045,1035,CREDIT EQDOM,ACT,1714,1380,2365320,0.141272288038767%,1674298641.89
0451038,045,1038,CDM,ACT,9040,1040,9401600,0.56152467455789%,1674298641.89
0451050,045,1050,CIMENTS DU MAROC,ACT,12148,1737,21101076,1.26029344300133%,1674298641.89
0451080,045,1080,SAMIR ,ACT,6497,0,0,0%,1674298641.89
0451081,045,1081,BMCI,ACT,5786,629,3639394,0.217368270447364%,1674298641.89
0451092,045,1092,WAFA ASSURANCE,ACT,4583,4900,22456700,1.34126012159039%,1674298641.89
0451095,045,1095,AFRIQUIA GAZ ,ACT,1625,4099,6660875,0.39783075930116%,1674298641.89
0451105,045,1105,MANAGEM,ACT,4401,7550,33227550,1.98456530804395%,1674298641.89
0451145,045,1145,CIH,ACT,50933,400,20373200,1.21681995614606%,1674298641.89
0451146,045,1146,RISMA,ACT,5867,370,2170790,0.129653691742206%,1674298641.89
0451148,045,1148,ITISSALAT AL MAGHRIB,ACT,391638,106.85,41846520.3,2.49934624881272%,1674298641.89
0451151,045,1151,ADDOHA,ACT,163587,29.9,4891251.3,0.292137327094682%,1674298641.89
0451171,045,1171,ATLANTASANAD,ACT,11852,135,1600020,0.0955635965991018%,1674298641.89
0451172,045,1172,SNEP,ACT,3504,458,1604832,0.0958510005233246%,1674298641.89
0451179,045,1179,CMT,ACT,199,2100,417900,0.0249597048904168%,1674298641.89
0451180,045,1180,LABEL VIE,ACT,5006,4280,21425680,1.2796809042271%,1674298641.89
0451181,045,1181,ALLIANCES,ACT,12865,498,6406770,0.382653956690059%,1674298641.89
0451185,045,1185,DELTA HOLDING,ACT,33546,68,2281128,0.136243794441892%,1674298641.89
0451188,045,1188,BCP,ACT,70263,270,18971010,1.13307205329779%,1674298641.89
0451208,045,1208,JET CONTRACTORS,ACT,968,2600,2516800,0.150319658454656%,1674298641.89
0451220,045,1220,TAQA MOROCCO ,ACT,373,1945,725485,0.0433306807906772%,1674298641.89
0451224,045,1224,COSUMAR,ACT,89683,202.95,18201164.85,1.08709189595077%,1674298641.89
0451226,045,1226,TOTALENERGIES MARKETING MAROC,ACT,7608,1598,12157584,0.726129956497853%,1674298641.89
0451231,045,1231,SODEP-MARSA MAROC,ACT,57385,901,51703885,3.08809215431454%,1674298641.89
0451232,045,1232,LAFARGE-HOLCIM MAROC,ACT,8439,1799,15181761,0.906753467999135%,1674298641.89
0451239,045,1239,MUTANDIS,ACT,13898,244.85,3402925.3,0.203244822331019%,1674298641.89
0451243,045,1243,BANK OF AFRICA,ACT,90021,209,18814389,1.12371762893875%,1674298641.89
0451244,045,1244,ATW,ACT,115467,731,84406377,5.0412975850425%,1674298641.89
0451246,045,1246,ARADEI CAPITAL,ACT,13387,440,5890280,0.351805816037148%,1674298641.89
0451250,045,1250,SOTHEMA,ACT,5278,1730,9130940,0.54535909971788%,1674298641.89
0451252,045,1252,TGCC,ACT,24040,834.3,20056572,1.19790887349461%,1674298641.89
0451258,045,1258,AKDITAL,ACT,12714,1119,14226966,0.849726903196921%,1674298641.89
0451261,045,1261,HPS (VN 10),ACT,11215,520,5831800,0.348313010241523%,1674298641.89
0451262,045,1262,CFG BANK,ACT,9250,230,2127500,0.127068131501224%,1674298641.89
0451271,045,1271,CMGP GROUP,ACT,12548,376,4718048,0.28179249997325%,1674298641.89
0451275,045,1275,VICENNE,ACT,2062,420,866040,0.0517255391799391%,1674298641.89
0451276,045,1276,CASH PLUS,ACT,3454,290,1001660,0.0598256472853191%,1674298641.89
0451278,045,1278,SGTM,ACT,11693,835,9763655,0.58314895298359%,1674298641.89
045200802,045,200802,BDT 30 ans du 04/12/2006 4.5%,OBL,170,112748.26,19167204.2,1.1447900464378%,1674298641.89
045201328,045,201328,BDT DU 31/03/2014 à 5.85% 20 ans,OBL,60,124940.48,7496428.8,0.447735464417375%,1674298641.89
045201344,045,201344,BDT du 19/02/15 à 5.65% ATYP 04/08/14 20 ANS,OBL,400,125359.65,50143860,2.99491731913466%,1674298641.89
045201386,045,201386,BDT DU 04/02/2016 20 ANS à 4.40%,OBL,231,110718.55,25575985.05,1.52756410416298%,1674298641.89
045201524,045,201524,BDT du 02/04/18 ATYP 16/08/18 à 3.95% 20 ANS,OBL,150,108898.56,16334784,0.975619497699693%,1674298641.89
045201552,045,201552,BDT DU 17/06/2020 10 ANS 2.7%,OBL,184,101098.56,18602135.04,1.11104044252233%,1674298641.89
045201631,045,201631,BDT du 14/07/2021 ATYP 18/01/2021 à 3.45% 15 ans,OBL,1003,97969.4,98263308.2,5.8689236042787%,1674298641.89
045201792,045,201792,BDT du 16/01/2023 atp  a 4.20%  10 ans,OBL,1000,110402.31,110402310,6.59394371098423%,1674298641.89
045201793,045,201793,BDT du 17/08/2023 à 4.75%  20 ans ATYP 16/01/2023,OBL,451,118578.11,53478727.61,3.19409729375588%,1674298641.89
045201808,045,201808,BDT DU 20/03/2023 à 4.90% 15 ans ,OBL,2160,119318.13,257727160.8,15.3931416028069%,1674298641.89
045201809,045,201809,BDT DU 20/03/2023 à 5.5 30 ans ,OBL,1337,131399.42,175681024.54,10.4928129393742%,1674298641.89
045201837,045,201837,BDT du 18/09/2024 à 4%  10 ANS ATYP 02/01/2024,OBL,170,108473.11,18440428.7,1.1013822885972%,1674298641.89
045201854,045,201854,BDT du 15/02/2025  30ans à 4.90%  ATYP 04/06/2024,OBL,271,123692.92,33520781.32,2.00207898885713%,1674298641.89
045201862,045,201862,BDT du 15/04/2025  5 ans à 3.30%  ATYP 15/07/2024,OBL,100,106923.5,10692350,0.638616656102053%,1674298641.89
045201896,045,201896,BDT du 14/05/2025 à 2.90%   10 ANS ATYP 05/05/2025,OBL,200,100587.91,20117582,1.2015527873385%,1674298641.89
045201898,045,201898,BDT du 21/08/2025 à 3.40%  20 ANS ATYP 02/06/2025,OBL,100,99820.55,9982055,0.596193220866019%,1674298641.89
045201905,045,201905,BDT du 16/07/2025 à 3.05%  15 ans ATYP 16/06/2025 ,OBL,150,98573.02,14785953,0.883113240975287%,1674298641.89
0455107,045,5107,OBL MIFTAH A2 du 09/12/2019 DU 3.51% AMORT,OBL,60,100155,6009300,0.358914464221061%,1674298641.89
04580129,045,80129,Droit d ' Attribution BOA 1/48  2025,ACT,8,4.35,34.8,0.0000020784822450024%,1674298641.89
0459253,045,9253,OBL ADM du 10/06/2015 à 4.80% 20 ans,OBL,600,113406.13,68043678,4.06401082205921%,1674298641.89
0459394,045,9394,OBL ADM du 29/04/19 30ans à 4.33% AMORT avec DIF 15ans,OBL,403,109775.12,44239373.36,2.64226299019518%,1674298641.89
0459395,045,9395,OBL ANP du 04/06/2019 à 3.91% 15 ans TRANCH B ,OBL,95,61843,5875085,0.350898271849998%,1674298641.89
0459411,045,9411,OBL ONCF du 31/10/19 à 4.02% 30 ANS AMRT LIN 15ans,OBL,263,104064.87,27369060.81,1.63465824586138%,1674298641.89
0459523,045,9523,OBL MANAGEM du 21/12/2021 à 3.22% 7 ANS,OBL,359,98933.12,35516990.08,2.12130555394271%,1674298641.89
0459534,045,9534,"OBL TMSA Participations du 15/03/2022 à 3,70%  15 ans",OBL,1000,99046,99046000,5.91567104708356%,1674298641.89
0459647,045,9647,OBL OCP ORD SUB Fixe  DU 16/12/2024  30 ANS ,OBL,286,107089.53,30627605.58,1.82927972428065%,1674298641.89
0459714,045,9714,"OBL ORD MARJANE  du  07/07/2025  Fixe 7 ans AMORT 3,10%",OBL,500,100549.97,50274985,3.00274895661673%,1674298641.89
0461001,046,1001,SONASID,ACT,11148,1985,22128780,1.45014730123161%,1525967740.05
0461035,046,1035,CREDIT EQDOM,ACT,8737,1380,12057060,0.790125484540383%,1525967740.05
0461036,046,1036,SOCIETE DE BOISSONS DU MAROC,ACT,3335,2209,7367015,0.482776588695028%,1525967740.05
0461038,046,1038,CDM,ACT,23828,1040,24781120,1.62396093636868%,1525967740.05
0461050,046,1050,CIMENTS DU MAROC,ACT,41235,1737,71625195,4.69375551790191%,1525967740.05
0461080,046,1080,SAMIR ,ACT,18869,0,0,0%,1525967740.05
0461081,046,1081,BMCI,ACT,16813,629,10575377,0.693027560310907%,1525967740.05
0461092,046,1092,WAFA ASSURANCE,ACT,12775,4900,62597500,4.1021509404877%,1525967740.05
0461095,046,1095,AFRIQUIA GAZ ,ACT,5169,4099,21187731,1.38847830422062%,1525967740.05
0461105,046,1105,MANAGEM,ACT,14294,7550,107919700,7.07221372821839%,1525967740.05
0461145,046,1145,CIH,ACT,118569,400,47427600,3.10803424969167%,1525967740.05
0461146,046,1146,RISMA,ACT,11767,370,4353790,0.285313371032165%,1525967740.05
0461148,046,1148,ITISSALAT AL MAGHRIB,ACT,1036145,106.85,110712093.25,7.25520535882183%,1525967740.05
0461151,046,1151,ADDOHA,ACT,834804,29.9,24960639.6,1.63572524797819%,1525967740.05
0461171,046,1171,ATLANTASANAD,ACT,29636,135,4000860,0.262185097036777%,1525967740.05
0461172,046,1172,SNEP,ACT,6986,458,3199588,0.209675992226098%,1525967740.05
0461180,046,1180,LABEL VIE,ACT,13829,4280,59188120,3.87872682013977%,1525967740.05
0461181,046,1181,ALLIANCES,ACT,47987,498,23897526,1.56605709103765%,1525967740.05
0461185,046,1185,DELTA HOLDING,ACT,66081,68,4493508,0.294469396833564%,1525967740.05
0461188,046,1188,BCP,ACT,220557,270,59550390,3.90246716474155%,1525967740.05
0461203,046,1203,LESIEUR,ACT,144289,344.95,49772490.55,3.26170005064256%,1525967740.05
0461208,046,1208,JET CONTRACTORS,ACT,7432,2600,19323200,1.26629151408973%,1525967740.05
0461220,046,1220,TAQA MOROCCO ,ACT,3260,1945,6340700,0.415519924411524%,1525967740.05
0461224,046,1224,COSUMAR,ACT,271932,202.95,55188599.4,3.61662949691136%,1525967740.05
0461226,046,1226,TOTALENERGIES MARKETING MAROC,ACT,18017,1598,28791166,1.88674801205539%,1525967740.05
0461231,046,1231,SODEP-MARSA MAROC,ACT,149853,901,135017553,8.84799523976673%,1525967740.05
0461232,046,1232,LAFARGE-HOLCIM MAROC,ACT,37584,1799,67613616,4.43086798137584%,1525967740.05
0461239,046,1239,MUTANDIS,ACT,42919,244.85,10508717.15,0.688659194699337%,1525967740.05
0461243,046,1243,BANK OF AFRICA,ACT,330088,209,68988392,4.52096005632069%,1525967740.05
0461244,046,1244,ATW,ACT,385604,731,281876524,18.4719844726707%,1525967740.05
0461246,046,1246,ARADEI CAPITAL,ACT,29910,440,13160400,0.862429765361146%,1525967740.05
0461250,046,1250,SOTHEMA,ACT,6160,1730,10656800,0.69836338739709%,1525967740.05
0461252,046,1252,TGCC,ACT,94165,834.3,78561859.5,5.14833029808519%,1525967740.05
0461258,046,1258,AKDITAL,ACT,55550,1119,62160450,4.07351009910362%,1525967740.05
0461261,046,1261,HPS (VN 10),ACT,47636,520,24770720,1.62327940164635%,1525967740.05
0461262,046,1262,CFG BANK,ACT,35474,230,8159020,0.534678406748799%,1525967740.05
0461271,046,1271,CMGP GROUP,ACT,48506,376,18238256,1.19519276334128%,1525967740.05
0461275,046,1275,VICENNE,ACT,14897,420,6256740,0.410017842172403%,1525967740.05
0461276,046,1276,CASH PLUS,ACT,3454,290,1001660,0.0656409682662872%,1525967740.05
0461278,046,1278,SGTM,ACT,42643,835,35606905,2.33339828002087%,1525967740.05
0466066,046,6066,OPCI CIMR  IMMO PRENIUM SPI-RFA,DIV,1,95.08,95.08,0.00000623080013453526%,1525967740.05
04680129,046,80129,Droit d ' Attribution BOA 1/48  2025,ACT,24,4.35,104.4,0.00000684156009723896%,1525967740.05
0481035,048,1035,CREDIT EQDOM,ACT,463,1380,638940,0.306233566244114%,208644665.52
0481038,048,1038,CDM,ACT,2614,1040,2718560,1.30296166126491%,208644665.52
0481050,048,1050,CIMENTS DU MAROC,ACT,2739,1737,4757643,2.28026103046663%,208644665.52
0481081,048,1081,BMCI,ACT,4357,629,2740553,1.31350254902026%,208644665.52
0481092,048,1092,WAFA ASSURANCE,ACT,1303,4900,6384700,3.06008302876451%,208644665.52
0481105,048,1105,MANAGEM,ACT,738,7550,5571900,2.67052118783545%,208644665.52
0481145,048,1145,CIH,ACT,9850,400,3940000,1.88837801828311%,208644665.52
0481148,048,1148,ITISSALAT AL MAGHRIB,ACT,72093,106.85,7703137.05,3.69198849671122%,208644665.52
0481180,048,1180,LABEL VIE,ACT,1145,4280,4900600,2.34877799908584%,208644665.52
0481185,048,1185,DELTA HOLDING,ACT,6752,68,459136,0.220056428883867%,208644665.52
0481188,048,1188,BCP,ACT,8596,270,2320920,1.11237926654661%,208644665.52
0481226,048,1226,TOTALENERGIES MARKETING MAROC,ACT,3378,1598,5398044,2.58719483028554%,208644665.52
0481231,048,1231,SODEP-MARSA MAROC,ACT,20000,901,18020000,8.63669337295981%,208644665.52
0481243,048,1243,BANK OF AFRICA,ACT,3376,209,705584,0.338174953211236%,208644665.52
0481244,048,1244,ATW,ACT,20785,731,15193835,7.28215838259405%,208644665.52
0481246,048,1246,ARADEI CAPITAL,ACT,1984,440,872960,0.418395551989955%,208644665.52
0481252,048,1252,TGCC,ACT,9327,834.3,7781516.1,3.72955430257769%,208644665.52
0481258,048,1258,AKDITAL,ACT,4045,1119,4526355,2.1694084479558%,208644665.52
0481261,048,1261,HPS (VN 10),ACT,3890,520,2022800,0.969495191721593%,208644665.52
0481271,048,1271,CMGP GROUP,ACT,4211,376,1583336,0.758867232983834%,208644665.52
0481275,048,1275,VICENNE,ACT,872,420,366240,0.175532884623352%,208644665.52
0481276,048,1276,CASH PLUS,ACT,968,290,280720,0.134544537383867%,208644665.52
0481278,048,1278,SGTM,ACT,2957,835,2469095,1.18339713783064%,208644665.52
048152398,048,152398,CD CIH du 25/06/2021 à 2.61%  7ans,TCN,32,100476.74,3215255.68,1.54101983484059%,208644665.52
048201553,048,201553,BDT DU 14/02/2020 30ANS 4%,OBL,10,107456.42,1074564.2,0.515021171196441%,208644665.52
048201554,048,201554,BDT du 16/07/2020 à 3% ATYP 20/01/2020 15 ans,OBL,31,100787.01,3124397.31,1.49747289354997%,208644665.52
048201631,048,201631,BDT du 14/07/2021 ATYP 18/01/2021 à 3.45% 15 ans,OBL,40,97969.4,3918776,1.87820569973995%,208644665.52
048201651,048,201651,BDT du 20/04/2021 ATYP 16/06/2021 à 2.30% 10 ans,OBL,200,98472.67,19694534,9.439270326378%,208644665.52
048201808,048,201808,BDT DU 20/03/2023 à 4.90% 15 ans ,OBL,264,119318.13,31499986.32,15.0974319144433%,208644665.52
048201837,048,201837,BDT du 18/09/2024 à 4%  10 ANS ATYP 02/01/2024,OBL,63,108473.11,6833805.93,3.27533220797583%,208644665.52
048201862,048,201862,BDT du 15/04/2025  5 ans à 3.30%  ATYP 15/07/2024,OBL,109,106923.5,11654661.5,5.58588999673362%,208644665.52
0485106,048,5106,OBLIGATION A1 MIFTTAH 09/12/2019 12 ANS AMORT,OBL,55,32551.56,1790335.8,0.858078875651093%,208644665.52
0485116,048,5116,OBLIGATION A1 MIFTTAH 11/06/2021 12 ANS AMORT,OBL,86,55969.61,4813386.46,2.30697796562578%,208644665.52
04880129,048,80129,Droit d ' Attribution BOA 1/48  2025,ACT,44,4.35,191.4,0.0000917349118526364%,208644665.52
0489395,048,9395,OBL ANP du 04/06/2019 à 3.91% 15 ans TRANCH B ,OBL,94,61843,5813242,2.78619248927922%,208644665.52
0489411,048,9411,OBL ONCF du 31/10/19 à 4.02% 30 ANS AMRT LIN 15ans,OBL,32,104064.87,3330075.84,1.59605127296235%,208644665.52
0489425,048,9425,OBL SUB BCP du 26/12/2019 à 3.28% 10ans  Fixe,OBL,27,100108.67,2702934.09,1.29547241635128%,208644665.52
0489431,048,9431,OBL SUB ATW du 31/12/2019 à 2.97% 7 ANS Amrt 5ans,OBL,51,20070.15,1023577.65,0.490584145752762%,208644665.52
0489523,048,9523,OBL MANAGEM du 21/12/2021 à 3.22% 7 ANS,OBL,38,98933.12,3759458.56,1.80184743790616%,208644665.52
0489644,048,9644,OBL OCP ORD SUB Fixe  DU 16/12/2024  10 ANS ,OBL,26,102621.92,2668169.92,1.27881051420614%,208644665.52
048XS1061043367,048,XS1061043367,OBL OCP INTERNATIONAL à 6.875%  30 ANS,OBL,1688,1020.49,1722587.12,0.825608033498886%,208644665.52
048XS2810168810,048,XS2810168810,OBL OCP INTERNATIONAL 7.50% 30ANS,OBL,214,1020.8,218451.2,0.104700112727809%,208644665.52
0491001,049,1001,SONASID,ACT,11478,1985,22783830,1.44059664730484%,1581555117.64
0491035,049,1035,CREDIT EQDOM,ACT,8885,1380,12261300,0.775268586168299%,1581555117.64
0491038,049,1038,CDM,ACT,23442,1040,24379680,1.54150049707907%,1581555117.64
0491050,049,1050,CIMENTS DU MAROC,ACT,44227,1737,76822299,4.85738992863141%,1581555117.64
0491080,049,1080,SAMIR ,ACT,12950,0,0,0%,1581555117.64
0491081,049,1081,BMCI,ACT,17340,629,10906860,0.689628826611825%,1581555117.64
0491092,049,1092,WAFA ASSURANCE,ACT,15023,4900,73612700,4.65445049489297%,1581555117.64
0491095,049,1095,AFRIQUIA GAZ ,ACT,5631,4099,23081469,1.45941603568279%,1581555117.64
0491105,049,1105,MANAGEM,ACT,15077,7550,113831350,7.19743173857003%,1581555117.64
0491145,049,1145,CIH,ACT,123678,400,49471200,3.128009858665%,1581555117.64
0491146,049,1146,RISMA,ACT,14475,370,5355750,0.338638213759623%,1581555117.64
0491148,049,1148,ITISSALAT AL MAGHRIB,ACT,1054295,106.85,112651420.75,7.12282610283597%,1581555117.64
0491151,049,1151,ADDOHA,ACT,984492,29.9,29436310.8,1.86122573103395%,1581555117.64
0491171,049,1171,ATLANTASANAD,ACT,14527,135,1961145,0.124001053022194%,1581555117.64
0491172,049,1172,SNEP,ACT,10451,458,4786558,0.302648826247833%,1581555117.64
0491179,049,1179,CMT,ACT,5551,2100,11657100,0.737065681112319%,1581555117.64
0491180,049,1180,LABEL VIE,ACT,14296,4280,61186880,3.86877948909572%,1581555117.64
0491181,049,1181,ALLIANCES,ACT,45426,498,22622148,1.43037367131136%,1581555117.64
0491185,049,1185,DELTA HOLDING,ACT,67509,68,4590612,0.290259375016289%,1581555117.64
0491188,049,1188,BCP,ACT,229141,270,61868070,3.91185038763111%,1581555117.64
0491208,049,1208,JET CONTRACTORS,ACT,8098,2600,21054800,1.33127197181835%,1581555117.64
0491220,049,1220,TAQA MOROCCO ,ACT,3317,1945,6451565,0.407925397480111%,1581555117.64
0491224,049,1224,COSUMAR,ACT,275828,202.95,55979292.6,3.53950943445666%,1581555117.64
0491226,049,1226,TOTALENERGIES MARKETING MAROC,ACT,18388,1598,29384024,1.85791969386732%,1581555117.64
0491231,049,1231,SODEP-MARSA MAROC,ACT,155485,901,140091985,8.85786296269241%,1581555117.64
0491232,049,1232,LAFARGE-HOLCIM MAROC,ACT,34695,1799,62416305,3.9465146869581%,1581555117.64
0491239,049,1239,MUTANDIS,ACT,49964,244.85,12233685.4,0.77352254521835%,1581555117.64
0491243,049,1243,BANK OF AFRICA,ACT,343019,209,71690971,4.53294167243298%,1581555117.64
0491244,049,1244,ATW,ACT,399794,731,292249414,18.4786107509231%,1581555117.64
0491246,049,1246,ARADEI CAPITAL,ACT,34047,440,14980680,0.947212008795128%,1581555117.64
0491250,049,1250,SOTHEMA,ACT,4290,1730,7421700,0.469265972283955%,1581555117.64
0491252,049,1252,TGCC,ACT,97993,834.3,81755559.9,5.1693146187656%,1581555117.64
0491258,049,1258,AKDITAL,ACT,56455,1119,63173145,3.99436885223874%,1581555117.64
0491261,049,1261,HPS (VN 10),ACT,49331,520,25652120,1.62195548633665%,1581555117.64
0491262,049,1262,CFG BANK,ACT,37598,230,8647540,0.546774494518021%,1581555117.64
0491271,049,1271,CMGP GROUP,ACT,48675,376,18301800,1.15720279336897%,1581555117.64
0491275,049,1275,VICENNE,ACT,15444,420,6486480,0.410133034736035%,1581555117.64
0491276,049,1276,CASH PLUS,ACT,3454,290,1001660,0.0633338660681443%,1581555117.64
0491278,049,1278,SGTM,ACT,44122,835,36841870,2.32947113819059%,1581555117.64
0496018,049,6018,OPCI CMR O STONE SPI FRA,DIV,1,107.13,107.13,0.00000677371270878372%,1581555117.64
0496029,049,6029,OPCI CMR TBINAYAT SPI-RFA,DIV,1,111.02,111.02,0.00000701967315345065%,1581555117.64
0496040,049,6040,OPCI CMR ASTONE,DIV,1,111.06,111.06,0.00000702220230969402%,1581555117.64
0496052,049,6052,OPCI Anfa REIT SPI,DIV,450000,95.76,43092000,2.72466002097366%,1581555117.64
0496059,049,6059,OPCI CMR RPATRIMOINE SPI-RFA,DIV,1,109.29,109.29,0.00000691028714592526%,1581555117.64
04980129,049,80129,Droit d ' Attribution BOA 1/48  2025,ACT,19,4.35,82.65,0.0000052258690878463%,1581555117.64
0521001,052,1001,SONASID,ACT,5,1985,9925,0.00411671384184718%,241090354.62
052100983,052,100983,BSF EQDOM du 03/03/2025 à 3.14%  30 MOIS,TCN,100,103142.28,10314228,4.27815870786577%,241090354.62
0521035,052,1035,CREDIT EQDOM,ACT,429,1380,592020,0.245559388277115%,241090354.62
0521038,052,1038,CDM,ACT,2758,1040,2868320,1.18972822638258%,241090354.62
0521050,052,1050,CIMENTS DU MAROC,ACT,2889,1737,5018193,2.08145738883231%,241090354.62
0521081,052,1081,BMCI,ACT,3568,629,2244272,0.930884192168268%,241090354.62
0521092,052,1092,WAFA ASSURANCE,ACT,1108,4900,5429200,2.2519357974969%,241090354.62
0521105,052,1105,MANAGEM,ACT,1148,7550,8667400,3.59508368290441%,241090354.62
0521145,052,1145,CIH,ACT,10989,400,4395600,1.8232168627933%,241090354.62
0521148,052,1148,ITISSALAT AL MAGHRIB,ACT,73986,106.85,7905404.1,3.27902130819803%,241090354.62
0521180,052,1180,LABEL VIE,ACT,1216,4280,5204480,2.15872593003696%,241090354.62
0521185,052,1185,DELTA HOLDING,ACT,12604,68,857072,0.355498253487118%,241090354.62
0521188,052,1188,BCP,ACT,10430,270,2816100,1.16806829723182%,241090354.62
0521224,052,1224,COSUMAR,ACT,6131,202.95,1244286.45,0.51610793470407%,241090354.62
0521226,052,1226,TOTALENERGIES MARKETING MAROC,ACT,2674,1598,4273052,1.77238612748945%,241090354.62
0521231,052,1231,SODEP-MARSA MAROC,ACT,19761,901,17804661,7.38505736907775%,241090354.62
0521243,052,1243,BANK OF AFRICA,ACT,9388,209,1962092,0.813840936561977%,241090354.62
0521244,052,1244,ATW,ACT,29048,731,21234088,8.80752282001019%,241090354.62
0521246,052,1246,ARADEI CAPITAL,ACT,2009,440,883960,0.366650918653827%,241090354.62
0521252,052,1252,TGCC,ACT,9725,834.3,8113567.5,3.36536379183994%,241090354.62
0521258,052,1258,AKDITAL,ACT,2803,1119,3136557,1.30098817306223%,241090354.62
0521271,052,1271,CMGP GROUP,ACT,3976,376,1494976,0.620089510572225%,241090354.62
0521275,052,1275,VICENNE,ACT,970,420,407400,0.168982289084992%,241090354.62
0521276,052,1276,CASH PLUS,ACT,1100,290,319000,0.132315538090605%,241090354.62
0521278,052,1278,SGTM,ACT,3379,835,2821465,1.1702936040088%,241090354.62
052152398,052,152398,CD CIH du 25/06/2021 à 2.61%  7ans,TCN,61,100476.74,6129081.14,2.54223407222595%,241090354.62
052201552,052,201552,BDT DU 17/06/2020 10 ANS 2.7%,OBL,60,101098.56,6065913.6,2.51603329779034%,241090354.62
052201553,052,201553,BDT DU 14/02/2020 30ANS 4%,OBL,6,107456.42,644738.52,0.267426094675674%,241090354.62
052201554,052,201554,BDT du 16/07/2020 à 3% ATYP 20/01/2020 15 ans,OBL,41,100787.01,4132267.41,1.7139911783336%,241090354.62
052201630,052,201630,BDT du 20/04/2021 ATYP 18/01/2021 à 2.05% 5 ans,OBL,80,101597.41,8127792.8,3.37126419379606%,241090354.62
052201631,052,201631,BDT du 14/07/2021 ATYP 18/01/2021 à 3.45% 15 ans,OBL,70,97969.4,6857858,2.84451777874282%,241090354.62
052201651,052,201651,BDT du 20/04/2021 ATYP 16/06/2021 à 2.30% 10 ans,OBL,20,98472.67,1969453.4,0.816894314624987%,241090354.62
052201808,052,201808,BDT DU 20/03/2023 à 4.90% 15 ans ,OBL,201,119318.13,23982944.13,9.94769955347291%,241090354.62
052201822,052,201822,BDT du 27/06/2023 ATYP 14/03/2024 à 4.75 % 15 ans ,OBL,100,119665.25,11966525,4.96350217695822%,241090354.62
052201837,052,201837,BDT du 18/09/2024 à 4%  10 ANS ATYP 02/01/2024,OBL,69,108473.11,7484644.59,3.10449773148208%,241090354.62
052201862,052,201862,BDT du 15/04/2025  5 ans à 3.30%  ATYP 15/07/2024,OBL,300,106923.5,32077050,13.304991006612%,241090354.62
0525106,052,5106,OBLIGATION A1 MIFTTAH 09/12/2019 12 ANS AMORT,OBL,47,32551.56,1529923.32,0.634585038630609%,241090354.62
0525116,052,5116,OBLIGATION A1 MIFTTAH 11/06/2021 12 ANS AMORT,OBL,69,55969.61,3861903.09,1.60184885707561%,241090354.62
05280129,052,80129,Droit d ' Attribution BOA 1/48  2025,ACT,29,4.35,126.15,0.0000523247809721937%,241090354.62
0529395,052,9395,OBL ANP du 04/06/2019 à 3.91% 15 ans TRANCH B ,OBL,94,61843,5813242,2.41122960276145%,241090354.62
0529411,052,9411,OBL ONCF du 31/10/19 à 4.02% 30 ANS AMRT LIN 15ans,OBL,28,104064.87,2913816.36,1.20859930899877%,241090354.62
0529425,052,9425,OBL SUB BCP du 26/12/2019 à 3.28% 10ans  Fixe,OBL,23,100108.67,2302499.41,0.955035888361912%,241090354.62
0529431,052,9431,OBL SUB ATW du 31/12/2019 à 2.97% 7 ANS Amrt 5ans,OBL,35,20070.15,702455.25,0.291365969869342%,241090354.62
0529523,052,9523,OBL MANAGEM du 21/12/2021 à 3.22% 7 ANS,OBL,38,98933.12,3759458.56,1.55935668431263%,241090354.62
0529644,052,9644,OBL OCP ORD SUB Fixe  DU 16/12/2024  10 ANS ,OBL,26,102621.92,2668169.92,1.1067095256488%,241090354.62
053035,053,035,FCP CAP MONETAIRE PREMIERE    ,OPC,41,210848.77,8644799.57,8.83937917072118%,97798718.7
053042,053,042,ATTIJARI LIQUIDITE,OPC,1500,1574.22,2361330,2.41447948540455%,97798718.7
0531038,053,1038,CDM,ACT,420,1040,436800,0.44663161829338%,97798718.7
0531252,053,1252,TGCC,ACT,217,834.3,181043.1,0.185118069445628%,97798718.7
0531258,053,1258,AKDITAL,ACT,389,1119,435291,0.445088653293369%,97798718.7
0531271,053,1271,CMGP GROUP,ACT,889,376,334264,0.341787708922203%,97798718.7
0531275,053,1275,VICENNE,ACT,399,420,167580,0.171351938172172%,97798718.7
0531276,053,1276,CASH PLUS,ACT,445,290,129050,0.131954694003573%,97798718.7
0531278,053,1278,SGTM,ACT,744,835,621240,0.635223046127699%,97798718.7
053201552,053,201552,BDT DU 17/06/2020 10 ANS 2.7%,OBL,95,101098.56,9604363.2,9.82054093107459%,97798718.7
053201553,053,201553,BDT DU 14/02/2020 30ANS 4%,OBL,1,107456.42,107456.42,0.109875079580158%,97798718.7
053201554,053,201554,BDT du 16/07/2020 à 3% ATYP 20/01/2020 15 ans,OBL,37,100787.01,3729119.37,3.81305544650249%,97798718.7
053201631,053,201631,BDT du 14/07/2021 ATYP 18/01/2021 à 3.45% 15 ans,OBL,30,97969.4,2939082,3.00523569129337%,97798718.7
053201808,053,201808,BDT DU 20/03/2023 à 4.90% 15 ans ,OBL,137,119318.13,16346583.81,16.7145173549191%,97798718.7
053201837,053,201837,BDT du 18/09/2024 à 4%  10 ANS ATYP 02/01/2024,OBL,244,108473.11,26467438.84,27.0631754606004%,97798718.7
053201862,053,201862,BDT du 15/04/2025  5 ans à 3.30%  ATYP 15/07/2024,OBL,90,106923.5,9623115,9.83971480190773%,97798718.7
0539395,053,9395,OBL ANP du 04/06/2019 à 3.91% 15 ans TRANCH B ,OBL,94,61843,5813242,5.94408809979634%,97798718.7
0539411,053,9411,OBL ONCF du 31/10/19 à 4.02% 30 ANS AMRT LIN 15ans,OBL,21,104064.87,2185362.27,2.23455102382645%,97798718.7
0539425,053,9425,OBL SUB BCP du 26/12/2019 à 3.28% 10ans  Fixe,OBL,27,100108.67,2702934.09,2.7637724971544%,97798718.7
0539523,053,9523,OBL MANAGEM du 21/12/2021 à 3.22% 7 ANS,OBL,31,98933.12,3066926.72,3.13595797651284%,97798718.7
053XS1061043367,053,XS1061043367,OBL OCP INTERNATIONAL à 6.875%  30 ANS,OBL,125,1020.49,127561.25,0.130432434796306%,97798718.7
053XS2355149316,053,XS2355149316,OBL OCP INTERNATIONAL  du 23/06/2021 à 3.75% 10 ans,OBL,30,1004.95,30148.5,0.030827090989281%,97798718.7
053XS2810168737,053,XS2810168737,OBL OCP INTERNATIONAL 6.75% 10 ANS,OBL,557,1018.72,567427.04,0.580198848760582%,97798718.7
053XS2810168810,053,XS2810168810,OBL OCP INTERNATIONAL 7.50% 30ANS,OBL,160,1020.8,163328,0.16700423295014%,97798718.7
0541001,054,1001,SONASID,ACT,615,1985,1220775,0.661610710358119%,184515604.25
0541035,054,1035,CREDIT EQDOM,ACT,654,1380,902520,0.489129363160623%,184515604.25
0541038,054,1038,CDM,ACT,2764,1040,2874560,1.5578953399005%,184515604.25
0541050,054,1050,CIMENTS DU MAROC,ACT,2214,1737,3845718,2.08422372494276%,184515604.25
0541081,054,1081,BMCI,ACT,251,629,157879,0.0855640370589416%,184515604.25
0541092,054,1092,WAFA ASSURANCE,ACT,641,4900,3140900,1.70224085532864%,184515604.25
0541095,054,1095,AFRIQUIA GAZ ,ACT,393,4099,1610907,0.873046486527711%,184515604.25
0541105,054,1105,MANAGEM,ACT,1817,7550,13718350,7.4347912501823%,184515604.25
0541145,054,1145,CIH,ACT,9183,400,3673200,1.99072594154323%,184515604.25
0541148,054,1148,ITISSALAT AL MAGHRIB,ACT,32107,106.85,3430632.95,1.85926440419198%,184515604.25
0541151,054,1151,ADDOHA,ACT,40148,29.9,1200425.2,0.650581941228963%,184515604.25
0541180,054,1180,LABEL VIE,ACT,928,4280,3971840,2.15257675151342%,184515604.25
0541185,054,1185,DELTA HOLDING,ACT,4375,68,297500,0.161232976045168%,184515604.25
0541188,054,1188,BCP,ACT,14552,270,3929040,2.12938088134625%,184515604.25
0541231,054,1231,SODEP-MARSA MAROC,ACT,10529,901,9486629,5.14136950018958%,184515604.25
0541232,054,1232,LAFARGE-HOLCIM MAROC,ACT,874,1799,1572326,0.852137143842673%,184515604.25
0541243,054,1243,BANK OF AFRICA,ACT,6430,209,1343870,0.728323225269984%,184515604.25
0541244,054,1244,ATW,ACT,17389,731,12711359,6.88904282739003%,184515604.25
0541246,054,1246,ARADEI CAPITAL,ACT,540,440,237600,0.128769597002797%,184515604.25
0541252,054,1252,TGCC,ACT,2015,834.3,1681114.5,0.911096113975412%,184515604.25
0541258,054,1258,AKDITAL,ACT,2382,1119,2665458,1.44457050710387%,184515604.25
0541271,054,1271,CMGP GROUP,ACT,3063,376,1151688,0.624168348623556%,184515604.25
0541275,054,1275,VICENNE,ACT,735,420,308700,0.167302923378633%,184515604.25
0541276,054,1276,CASH PLUS,ACT,839,290,243310,0.131864186223697%,184515604.25
0541278,054,1278,SGTM,ACT,2567,835,2143445,1.16166055912315%,184515604.25
054201554,054,201554,BDT du 16/07/2020 à 3% ATYP 20/01/2020 15 ans,OBL,56,100787.01,5644072.56,3.05885921298713%,184515604.25
054201630,054,201630,BDT du 20/04/2021 ATYP 18/01/2021 à 2.05% 5 ans,OBL,60,101597.41,6095844.6,3.3037013995525%,184515604.25
054201808,054,201808,BDT DU 20/03/2023 à 4.90% 15 ans ,OBL,169,119318.13,20164763.97,10.9284870794336%,184515604.25
054201837,054,201837,BDT du 18/09/2024 à 4%  10 ANS ATYP 02/01/2024,OBL,63,108473.11,6833805.93,3.7036466144841%,184515604.25
054201840,054,201840,BDT du 15/10/2024 à 3.50%  5 ANS ATYP 15/01/2024,OBL,100,103575.97,10357597,5.61339895457649%,184515604.25
054201862,054,201862,BDT du 15/04/2025  5 ans à 3.30%  ATYP 15/07/2024,OBL,120,106923.5,12830820,6.95378586117602%,184515604.25
0545106,054,5106,OBLIGATION A1 MIFTTAH 09/12/2019 12 ANS AMORT,OBL,53,32551.56,1725232.68,0.935006384426156%,184515604.25
0545116,054,5116,OBLIGATION A1 MIFTTAH 11/06/2021 12 ANS AMORT,OBL,60,55969.61,3358176.6,1.81999599093528%,184515604.25
05480129,054,80129,Droit d ' Attribution BOA 1/48  2025,ACT,11,4.35,47.85,0.0000259327660630632%,184515604.25
0549360,054,9360,OBL AL MADA DU 17/01/2018 à 4.08% 10 ANS,OBL,80,101570.67,8125653.6,4.40377583946264%,184515604.25
0549395,054,9395,OBL ANP du 04/06/2019 à 3.91% 15 ans TRANCH B ,OBL,94,61843,5813242,3.15054221220426%,184515604.25
0549411,054,9411,OBL ONCF du 31/10/19 à 4.02% 30 ANS AMRT LIN 15ans,OBL,30,104064.87,3121946.1,1.69196860758187%,184515604.25
0549425,054,9425,OBL SUB BCP du 26/12/2019 à 3.28% 10ans  Fixe,OBL,26,100108.67,2602825.42,1.41062618014324%,184515604.25
0549431,054,9431,OBL SUB ATW du 31/12/2019 à 2.97% 7 ANS Amrt 5ans,OBL,25,20070.15,501753.75,0.271930253291843%,184515604.25
0549523,054,9523,OBL MANAGEM du 21/12/2021 à 3.22% 7 ANS,OBL,31,98933.12,3066926.72,1.66215032732116%,184515604.25
0549644,054,9644,OBL OCP ORD SUB Fixe  DU 16/12/2024  10 ANS ,OBL,19,102621.92,1949816.48,1.05672172710022%,184515604.25
054XS1061043367,054,XS1061043367,OBL OCP INTERNATIONAL à 6.875%  30 ANS,OBL,125,1020.49,127561.25,0.0691330419009806%,184515604.25
054XS2355149316,054,XS2355149316,OBL OCP INTERNATIONAL  du 23/06/2021 à 3.75% 10 ans,OBL,114,1004.95,114564.3,0.0620892202942234%,184515604.25
054XS2810168737,054,XS2810168737,OBL OCP INTERNATIONAL 6.75% 10 ANS,OBL,789,1018.72,803770.08,0.43561089766206%,184515604.25
054XS2810168810,054,XS2810168810,OBL OCP INTERNATIONAL 7.50% 30ANS,OBL,611,1020.8,623708.8,0.338024961376674%,184515604.25
055070,055,070,FCP ATTIJARI FIXED INCOME DISTRIBUTION,OPC,212400,108.49,23043276,6.1683981390742%,373569855.26
0551001,055,1001,SONASID,ACT,499,1985,990515,0.265148535422007%,373569855.26
055100958,055,100958,BSF WAFASALAF du 01/10/2024 à 3.50% 5ANS,TCN,88,101976.62,8973942.56,2.40221271434073%,373569855.26
055100964,055,100964,BSF WAFASALAF du 01/11/2024 à 3.43% 5ANS,TCN,125,101405.28,12675660,3.39311639349966%,373569855.26
0551038,055,1038,CDM,ACT,5009,1040,5209360,1.39448082511217%,373569855.26
0551050,055,1050,CIMENTS DU MAROC,ACT,5800,1737,10074600,2.69684500988127%,373569855.26
0551092,055,1092,WAFA ASSURANCE,ACT,350,4900,1715000,0.459084151425008%,373569855.26
0551105,055,1105,MANAGEM,ACT,2113,7550,15953150,4.27045966781683%,373569855.26
0551145,055,1145,CIH,ACT,25936,400,10374400,2.7770977379263%,373569855.26
0551148,055,1148,ITISSALAT AL MAGHRIB,ACT,123264,106.85,13170758.4,3.52564807212116%,373569855.26
0551151,055,1151,ADDOHA,ACT,100000,29.9,2990000,0.800385780035436%,373569855.26
0551180,055,1180,LABEL VIE,ACT,7,4280,29960,0.00801991905346544%,373569855.26
0551181,055,1181,ALLIANCES,ACT,4500,498,2241000,0.5998878036988%,373569855.26
0551185,055,1185,DELTA HOLDING,ACT,17286,68,1175448,0.314652797448526%,373569855.26
0551188,055,1188,BCP,ACT,47541,270,12836070,3.43605615369213%,373569855.26
0551224,055,1224,COSUMAR,ACT,81,202.95,16438.95,0.0044005022805062%,373569855.26
0551226,055,1226,TOTALENERGIES MARKETING MAROC,ACT,1911,1598,3053778,0.817458356717409%,373569855.26
0551231,055,1231,SODEP-MARSA MAROC,ACT,37430,901,33724430,9.02761010428109%,373569855.26
0551232,055,1232,LAFARGE-HOLCIM MAROC,ACT,5893,1799,10601507,2.83789145476459%,373569855.26
0551243,055,1243,BANK OF AFRICA,ACT,22334,209,4667806,1.24951356065689%,373569855.26
0551244,055,1244,ATW,ACT,38197,731,27922007,7.47437369660532%,373569855.26
0551252,055,1252,TGCC,ACT,11834,834.3,9873106.2,2.64290762784605%,373569855.26
0551258,055,1258,AKDITAL,ACT,5366,1119,6004554,1.60734436021903%,373569855.26
0551271,055,1271,CMGP GROUP,ACT,4956,376,1863456,0.498823974622647%,373569855.26
0551275,055,1275,VICENNE,ACT,1441,420,605220,0.162009860131454%,373569855.26
0551276,055,1276,CASH PLUS,ACT,5606,290,1625740,0.435190360546759%,373569855.26
0551278,055,1278,SGTM,ACT,5276,835,4405460,1.1792868021789%,373569855.26
055201631,055,201631,BDT du 14/07/2021 ATYP 18/01/2021 à 3.45% 15 ans,OBL,70,97969.4,6857858,1.83576321896396%,373569855.26
055201840,055,201840,BDT du 15/10/2024 à 3.50%  5 ANS ATYP 15/01/2024,OBL,676,103575.97,70017355.72,18.7427745397896%,373569855.26
055201854,055,201854,BDT du 15/02/2025  30ans à 4.90%  ATYP 04/06/2024,OBL,622,123692.92,76936996.24,20.5950761702795%,373569855.26
05580129,055,80129,Droit d ' Attribution BOA 1/48  2025,ACT,24,4.35,104.4,0.0000279465804132774%,373569855.26
0559647,055,9647,OBL OCP ORD SUB Fixe  DU 16/12/2024  30 ANS ,OBL,45,107089.53,4819028.85,1.28999403515736%,373569855.26
055XS1061043367,055,XS1061043367,OBL OCP INTERNATIONAL à 6.875%  30 ANS,OBL,627,1020.49,639847.23,0.171279138557546%,373569855.26
055XS3040572979,055,XS3040572979,OFFICE CHERIFIEN DES PHO à 6.10% écheance 30/04/2030 ,OBL,2000,1017.09,2034180,0.544524664224911%,373569855.26
0571035,057,1035,CREDIT EQDOM,ACT,3105,1380,4284900,2.36386632967098%,181266594.74
0571036,057,1036,SOCIETE DE BOISSONS DU MAROC,ACT,145,2209,320305,0.176703821495312%,181266594.74
0571038,057,1038,CDM,ACT,3005,1040,3125200,1.72409042299417%,181266594.74
0571050,057,1050,CIMENTS DU MAROC,ACT,5000,1737,8685000,4.79128546131588%,181266594.74
0571081,057,1081,BMCI,ACT,2278,629,1432862,0.790472178315716%,181266594.74
0571092,057,1092,WAFA ASSURANCE,ACT,1838,4900,9006200,4.96848303070847%,181266594.74
0571095,057,1095,AFRIQUIA GAZ ,ACT,657,4099,2693043,1.4856808028323%,181266594.74
0571105,057,1105,MANAGEM,ACT,1222,7550,9226100,5.08979606155975%,181266594.74
0571145,057,1145,CIH,ACT,12720,400,5088000,2.80691542051528%,181266594.74
0571148,057,1148,ITISSALAT AL MAGHRIB,ACT,105244,106.85,11245321.4,6.20374725752957%,181266594.74
0571151,057,1151,ADDOHA,ACT,27006,29.9,807479.4,0.445465090331845%,181266594.74
0571163,057,1163,DISWAY,ACT,232,880,204160,0.112629687942689%,181266594.74
0571171,057,1171,ATLANTASANAD,ACT,6191,135,835785,0.461080543383523%,181266594.74
0571180,057,1180,LABEL VIE,ACT,1003,4280,4292840,2.36824661827925%,181266594.74
0571185,057,1185,DELTA HOLDING,ACT,5170,68,351560,0.193946380746138%,181266594.74
0571188,057,1188,BCP,ACT,29573,270,7984710,4.40495393619154%,181266594.74
0571193,057,1193,COLORADO,ACT,9994,85,849490,0.468641230458633%,181266594.74
0571208,057,1208,JET CONTRACTORS,ACT,452,2600,1175200,0.648326847914614%,181266594.74
0571216,057,1216,MICRODATA VN 25 DHS,ACT,1514,810,1226340,0.676539437263111%,181266594.74
0571220,057,1220,TAQA MOROCCO ,ACT,158,1945,307310,0.169534822696256%,181266594.74
0571224,057,1224,COSUMAR,ACT,33807,202.95,6861130.65,3.78510483955484%,181266594.74
0571226,057,1226,TOTALENERGIES MARKETING MAROC,ACT,4934,1598,7884532,4.34968837546112%,181266594.74
0571231,057,1231,SODEP-MARSA MAROC,ACT,18782,901,16922582,9.33574221122923%,181266594.74
0571232,057,1232,LAFARGE-HOLCIM MAROC,ACT,3128,1799,5627272,3.10441756136672%,181266594.74
0571238,057,1238,IMMORENT INVEST,ACT,49998,91.5,4574817,2.52380589295115%,181266594.74
0571239,057,1239,MUTANDIS,ACT,11713,244.85,2867928.05,1.58216027289177%,181266594.74
0571243,057,1243,BANK OF AFRICA,ACT,22710,209,4746390,2.61845819237019%,181266594.74
0571244,057,1244,ATW,ACT,40655,731,29718805,16.3950809814832%,181266594.74
0571246,057,1246,ARADEI CAPITAL,ACT,9000,440,3960000,2.18462756785387%,181266594.74
0571252,057,1252,TGCC,ACT,6016,834.3,5019148.8,2.76893202920219%,181266594.74
0571253,057,1253,DISTY TECHNOLOGIES,ACT,281,324,91044,0.0502265738100222%,181266594.74
0571258,057,1258,AKDITAL,ACT,6454,1119,7222026,3.98420128670642%,181266594.74
0571271,057,1271,CMGP GROUP,ACT,5289,376,1988664,1.09709348424206%,181266594.74
0571275,057,1275,VICENNE,ACT,700,420,294000,0.162192046704303%,181266594.74
0571276,057,1276,CASH PLUS,ACT,794,290,230260,0.127028369639907%,181266594.74
0571278,057,1278,SGTM,ACT,4737,835,3955395,2.1820871107958%,181266594.74
05780129,057,80129,Droit d ' Attribution BOA 1/48  2025,ACT,42,4.35,182.7,0.000100790771880531%,181266594.74
0581001,058,1001,SONASID,ACT,2239,1985,4444415,1.75821252175219%,252780306.42
0581034,058,1034,CTM SA,ACT,995,880,875600,0.346387743729202%,252780306.42
0581035,058,1035,CREDIT EQDOM,ACT,2663,1380,3674940,1.45380787453197%,252780306.42
0581036,058,1036,SOCIETE DE BOISSONS DU MAROC,ACT,543,2209,1199487,0.474517582871755%,252780306.42
0581038,058,1038,CDM,ACT,4240,1040,4409600,1.74443969249462%,252780306.42
0581050,058,1050,CIMENTS DU MAROC,ACT,7479,1737,12991023,5.13925439207876%,252780306.42
0581081,058,1081,BMCI,ACT,3307,629,2080103,0.822889658399204%,252780306.42
0581092,058,1092,WAFA ASSURANCE,ACT,2417,4900,11843300,4.68521467029243%,252780306.42
0581095,058,1095,AFRIQUIA GAZ ,ACT,631,4099,2586469,1.02320826991266%,252780306.42
0581105,058,1105,MANAGEM,ACT,2882,7550,21759100,8.60790949586349%,252780306.42
0581145,058,1145,CIH,ACT,19377,400,7750800,3.06621987676598%,252780306.42
0581148,058,1148,ITISSALAT AL MAGHRIB,ACT,139914,106.85,14949810.9,5.91415174375197%,252780306.42
0581151,058,1151,ADDOHA,ACT,166786,29.9,4986901.4,1.97282037933531%,252780306.42
0581171,058,1171,ATLANTASANAD,ACT,7396,135,998460,0.394991213572246%,252780306.42
0581172,058,1172,SNEP,ACT,1658,458,759364,0.300404731189106%,252780306.42
0581180,058,1180,LABEL VIE,ACT,2004,4280,8577120,3.39311243089837%,252780306.42
0581181,058,1181,ALLIANCES,ACT,11380,498,5667240,2.24196262765176%,252780306.42
0581185,058,1185,DELTA HOLDING,ACT,7892,68,536656,0.212301348787961%,252780306.42
0581188,058,1188,BCP,ACT,29334,270,7920180,3.13322667899629%,252780306.42
0581208,058,1208,JET CONTRACTORS,ACT,1362,2600,3541200,1.4009002719208%,252780306.42
0581220,058,1220,TAQA MOROCCO ,ACT,650,1945,1264250,0.500137854053955%,252780306.42
0581224,058,1224,COSUMAR,ACT,41228,202.95,8367222.6,3.31007692747143%,252780306.42
0581226,058,1226,TOTALENERGIES MARKETING MAROC,ACT,3312,1598,5292576,2.09374538505633%,252780306.42
0581231,058,1231,SODEP-MARSA MAROC,ACT,26028,901,23451228,9.27731607423375%,252780306.42
0581232,058,1232,LAFARGE-HOLCIM MAROC,ACT,7542,1799,13568058,5.3675296909627%,252780306.42
0581239,058,1239,MUTANDIS,ACT,5814,244.85,1423557.9,0.563160129110188%,252780306.42
0581243,058,1243,BANK OF AFRICA,ACT,53173,209,11113157,4.39636977950935%,252780306.42
0581244,058,1244,ATW,ACT,65660,731,47997460,18.9878162107499%,252780306.42
0581246,058,1246,ARADEI CAPITAL,ACT,301,440,132440,0.0523933220414521%,252780306.42
0581250,058,1250,SOTHEMA,ACT,1414,1730,2446220,0.967725704048935%,252780306.42
0581252,058,1252,TGCC,ACT,15730,834.3,13123539,5.19167777975352%,252780306.42
0581258,058,1258,AKDITAL,ACT,8469,1119,9476811,3.74903058478538%,252780306.42
0581261,058,1261,HPS (VN 10),ACT,9204,520,4786080,1.8933753454859%,252780306.42
0581262,058,1262,CFG BANK,ACT,7401,230,1702230,0.67340293399744%,252780306.42
0581271,058,1271,CMGP GROUP,ACT,9675,376,3637800,1.43911527425547%,252780306.42
0581275,058,1275,VICENNE,ACT,3864,420,1622880,0.642012039222529%,252780306.42
0581278,058,1278,SGTM,ACT,8374,835,6992290,2.76615298835114%,252780306.42
05880129,058,80129,Droit d ' Attribution BOA 1/48  2025,ACT,33,4.35,143.55,0.0000567884429103779%,252780306.42
059050,059,050,FCP ATTIJARI GOLD,OPC,2800,2880.2,8064560,2.41159126548813%,334408243.86
0591001,059,1001,SONASID,ACT,2112,1985,4192320,1.25365330459829%,334408243.86
0591035,059,1035,CREDIT EQDOM,ACT,1523,1380,2101740,0.628495271450274%,334408243.86
0591038,059,1038,CDM,ACT,3309,1040,3441360,1.02908946271095%,334408243.86
0591050,059,1050,CIMENTS DU MAROC,ACT,4746,1737,8243802,2.46519102066493%,334408243.86
0591081,059,1081,BMCI,ACT,6050,629,3805450,1.13796536714363%,334408243.86
0591092,059,1092,WAFA ASSURANCE,ACT,3302,4900,16179800,4.83833765975389%,334408243.86
0591095,059,1095,AFRIQUIA GAZ ,ACT,780,4099,3197220,0.956082889313732%,334408243.86
0591105,059,1105,MANAGEM,ACT,1976,7550,14918800,4.46125365445409%,334408243.86
0591145,059,1145,CIH,ACT,15087,400,6034800,1.80462058301603%,334408243.86
0591148,059,1148,ITISSALAT AL MAGHRIB,ACT,142691,106.85,15246533.35,4.55925762296188%,334408243.86
0591151,059,1151,ADDOHA,ACT,68156,29.9,2037864.4,0.609394187319482%,334408243.86
0591180,059,1180,LABEL VIE,ACT,281,4280,1202680,0.359644243849294%,334408243.86
0591188,059,1188,BCP,ACT,23310,270,6293700,1.8820409232001%,334408243.86
0591208,059,1208,JET CONTRACTORS,ACT,778,2600,2022800,0.60488939406854%,334408243.86
0591224,059,1224,COSUMAR,ACT,8681,202.95,1761808.95,0.526843755304544%,334408243.86
0591226,059,1226,TOTALENERGIES MARKETING MAROC,ACT,3344,1598,5343712,1.59796060597033%,334408243.86
0591231,059,1231,SODEP-MARSA MAROC,ACT,20796,901,18737196,5.60309033764261%,334408243.86
0591232,059,1232,LAFARGE-HOLCIM MAROC,ACT,4756,1799,8556044,2.55856252263386%,334408243.86
0591243,059,1243,BANK OF AFRICA,ACT,31546,209,6593114,1.97157639533558%,334408243.86
0591244,059,1244,ATW,ACT,46015,731,33636965,10.0586530438771%,334408243.86
0591246,059,1246,ARADEI CAPITAL,ACT,602,440,264880,0.079208573611269%,334408243.86
0591250,059,1250,SOTHEMA,ACT,613,1730,1060490,0.317124359064537%,334408243.86
0591252,059,1252,TGCC,ACT,6668,834.3,5563112.4,1.66356915600711%,334408243.86
0591275,059,1275,VICENNE,ACT,1332,420,559440,0.167292526506676%,334408243.86
0591276,059,1276,CASH PLUS,ACT,1518,290,440220,0.131641491525041%,334408243.86
0591278,059,1278,SGTM,ACT,4660,835,3891100,1.16357777400638%,334408243.86
059152398,059,152398,CD CIH du 25/06/2021 à 2.61%  7ans,TCN,81,100476.74,8138615.94,2.43373663461695%,334408243.86
059201344,059,201344,BDT du 19/02/15 à 5.65% ATYP 04/08/14 20 ANS,OBL,350,125359.65,43875877.5,13.1204533098678%,334408243.86
059201552,059,201552,BDT DU 17/06/2020 10 ANS 2.7%,OBL,60,101098.56,6065913.6,1.81392465986559%,334408243.86
059201837,059,201837,BDT du 18/09/2024 à 4%  10 ANS ATYP 02/01/2024,OBL,34,108473.11,3688085.74,1.10286926465366%,334408243.86
059201841,059,201841,BDT du 18/07/2024 à 4.25%  15 ANS ATYP 15/01/2024,OBL,100,112513.3,11251330,3.36454923183962%,334408243.86
059201862,059,201862,BDT du 15/04/2025  5 ans à 3.30%  ATYP 15/07/2024,OBL,120,106923.5,12830820,3.83687311410051%,334408243.86
0595106,059,5106,OBLIGATION A1 MIFTTAH 09/12/2019 12 ANS AMORT,OBL,106,32551.56,3450465.36,1.03181229032276%,334408243.86
05980129,059,80129,Droit d ' Attribution BOA 1/48  2025,ACT,39,4.35,169.65,0.0000507314048367252%,334408243.86
0599395,059,9395,OBL ANP du 04/06/2019 à 3.91% 15 ans TRANCH B ,OBL,94,61843,5813242,1.73836683357415%,334408243.86
0599411,059,9411,OBL ONCF du 31/10/19 à 4.02% 30 ANS AMRT LIN 15ans,OBL,62,104064.87,6452021.94,1.92938483379648%,334408243.86
0599425,059,9425,OBL SUB BCP du 26/12/2019 à 3.28% 10ans  Fixe,OBL,54,100108.67,5405868.18,1.61654752215474%,334408243.86
0599523,059,9523,OBL MANAGEM du 21/12/2021 à 3.22% 7 ANS,OBL,108,98933.12,10684776.96,3.19512965250736%,334408243.86
0599600,059,9600,OBL SUB WAFASALAF du 28/12/2023 7 ans 4.39%,OBL,206,104025.22,21429195.32,6.40809421222622%,334408243.86
0599644,059,9644,OBL OCP ORD SUB Fixe  DU 16/12/2024  10 ANS ,OBL,30,102621.92,3078657.6,0.920628500201951%,334408243.86
059IE00BD3V0B10,059,IE00BD3V0B10,ISHARES S&P US BANKS UCITS,OPC,122650,8.235,1010022.75,0.302032850129988%,334408243.86
059LU1829219390,059,LU1829219390,LYXOR EURO STOXX BANKS,OPC,3413,331.384,1131013.592,0.338213430071269%,334408243.86
059US5949181045,059,US5949181045,MICROSOFT,ACT,644,393.67,253523.48,0.0758125688151808%,334408243.86
059XS1061043367,059,XS1061043367,OBL OCP INTERNATIONAL à 6.875%  30 ANS,OBL,415,1020.49,423503.35,0.126642616555021%,334408243.86
059XS2270576965,059,XS2270576965,EUROBOND DU 15/12/2020 SEM (2032),OBL,100,1004.62,100462,0.0300417235054942%,334408243.86
059XS2810168737,059,XS2810168737,OBL OCP INTERNATIONAL 6.75% 10 ANS,OBL,514,1018.72,523622.08,0.156581690079152%,334408243.86
060050,060,050,FCP ATTIJARI GOLD,OPC,5235,2880.2,15077847,11.4144392926746%,132094504.28
0601038,060,1038,CDM,ACT,20,1040,20800,0.0157463023260304%,132094504.28
0601050,060,1050,CIMENTS DU MAROC,ACT,2984,1737,5183208,3.9238634705144%,132094504.28
0601092,060,1092,WAFA ASSURANCE,ACT,500,4900,2450000,1.85473272590262%,132094504.28
0601105,060,1105,MANAGEM,ACT,1225,7550,9248750,7.0016160402824%,132094504.28
0601145,060,1145,CIH,ACT,3729,400,1491600,1.12919156488014%,132094504.28
0601148,060,1148,ITISSALAT AL MAGHRIB,ACT,52455,106.85,5604816.75,4.24303553016823%,132094504.28
0601180,060,1180,LABEL VIE,ACT,660,4280,2824800,2.13846898127744%,132094504.28
0601220,060,1220,TAQA MOROCCO ,ACT,43,1945,83635,0.0633145189921901%,132094504.28
0601224,060,1224,COSUMAR,ACT,2187,202.95,443851.65,0.336010686000358%,132094504.28
0601231,060,1231,SODEP-MARSA MAROC,ACT,6000,901,5406000,4.09252453723656%,132094504.28
0601244,060,1244,ATW,ACT,22423,731,16391213,12.4087017013635%,132094504.28
0601252,060,1252,TGCC,ACT,3191,834.3,2662251.3,2.01541412681094%,132094504.28
0601261,060,1261,HPS (VN 10),ACT,1690,520,878800,0.665281273274786%,132094504.28
0601271,060,1271,CMGP GROUP,ACT,3864,376,1452864,1.09986710493297%,132094504.28
0601275,060,1275,VICENNE,ACT,1779,420,747180,0.565640489036703%,132094504.28
0601276,060,1276,CASH PLUS,ACT,640,290,185600,0.140505466909195%,132094504.28
060201792,060,201792,BDT du 16/01/2023 atp  a 4.20%  10 ans,OBL,428,110402.31,47252188.68,35.7715023327843%,132094504.28
060201882,060,201882,BDT DU 06/01/2025 à 6.65% 2 ans ,OBL,110,103096.56,11340621.6,8.58523347493802%,132094504.28
060XS2810168810,060,XS2810168810,OBL OCP INTERNATIONAL 7.50% 30ANS,OBL,1115,1020.8,1138192,0.861649775820636%,132094504.28
0611001,061,1001,SONASID,ACT,1881,1985,3733785,0.224215894108412%,1665263301.18
0611050,061,1050,CIMENTS DU MAROC,ACT,9697,1737,16843689,1.01147301979601%,1665263301.18
0611081,061,1081,BMCI,ACT,3753,629,2360637,0.141757582619353%,1665263301.18
0611095,061,1095,AFRIQUIA GAZ ,ACT,1083,4099,4439217,0.266577483383822%,1665263301.18
0611105,061,1105,MANAGEM,ACT,5530,7550,41751500,2.50720111170498%,1665263301.18
0611148,061,1148,ITISSALAT AL MAGHRIB,ACT,319852,106.85,34176186.2,2.0522992475594%,1665263301.18
0611151,061,1151,ADDOHA,ACT,162691,29.9,4864460.9,0.292113619302909%,1665263301.18
0611171,061,1171,ATLANTASANAD,ACT,10714,135,1446390,0.0868565348780035%,1665263301.18
0611180,061,1180,LABEL VIE,ACT,2814,4280,12043920,0.723244185557066%,1665263301.18
0611181,061,1181,ALLIANCES,ACT,6046,498,3010908,0.180806722748678%,1665263301.18
0611188,061,1188,BCP,ACT,32855,270,8870850,0.532699543292292%,1665263301.18
0611224,061,1224,COSUMAR,ACT,56366,202.95,11439479.7,0.686947204799026%,1665263301.18
0611231,061,1231,SODEP-MARSA MAROC,ACT,54412,901,49025212,2.94399161773762%,1665263301.18
0611232,061,1232,LAFARGE-HOLCIM MAROC,ACT,6760,1799,12161240,0.73028931769424%,1665263301.18
0611239,061,1239,MUTANDIS,ACT,10343,244.85,2532483.55,0.152077064822451%,1665263301.18
0611243,061,1243,BANK OF AFRICA,ACT,57218,209,11958562,0.718118389537931%,1665263301.18
0611244,061,1244,ATW,ACT,102068,731,74611708,4.48047512649383%,1665263301.18
0611252,061,1252,TGCC,ACT,20065,834.3,16740229.5,1.00526021849746%,1665263301.18
0611258,061,1258,AKDITAL,ACT,12568,1119,14063592,0.844526627713142%,1665263301.18
0611261,061,1261,HPS (VN 10),ACT,8312,520,4322240,0.259552948590008%,1665263301.18
0611276,061,1276,CASH PLUS,ACT,3454,290,1001660,0.0601502476689558%,1665263301.18
0611278,061,1278,SGTM,ACT,9078,835,7580130,0.455191079670629%,1665263301.18
061200802,061,200802,BDT 30 ans du 04/12/2006 4.5%,OBL,65,112748.26,7328636.9,0.440088777240629%,1665263301.18
061201331,061,201331,BDT DU 060814 15 ANS 5.45% ATYP 14/04/2014,OBL,42,111595.59,4687014.78,0.281457879764647%,1665263301.18
061201344,061,201344,BDT du 19/02/15 à 5.65% ATYP 04/08/14 20 ANS,OBL,255,125359.65,31966710.75,1.91961900123233%,1665263301.18
061201379,061,201379,BDT DU 05/08/2015 15 ANS à 4%,OBL,38,106747.26,4056395.88,0.243588859318863%,1665263301.18
061201516,061,201516,BDT du 15/01/2018 ATYP jouiss 18/07/2018 à 3.70% 15 ans,OBL,182,106557.02,19393377.64,1.16458325997204%,1665263301.18
061201535,061,201535,BDT du 04/02/19 ATYP 18/06/19 à 3.35%  10 ans,OBL,471,104068.94,49016470.74,2.94346670014688%,1665263301.18
061201536,061,201536,BDT du 15/04/19 ATYP 17/07/19 à 3.50% 15ANS,OBL,500,105154.42,52577210,3.15729110001667%,1665263301.18
061201552,061,201552,BDT DU 17/06/2020 10 ANS 2.7%,OBL,404,101098.56,40843818.24,2.45269431032667%,1665263301.18
061201631,061,201631,BDT du 14/07/2021 ATYP 18/01/2021 à 3.45% 15 ans,OBL,213,97969.4,20867482.2,1.25310406980166%,1665263301.18
061201651,061,201651,BDT du 20/04/2021 ATYP 16/06/2021 à 2.30% 10 ans,OBL,1054,98472.67,103790194.18,6.23265967048302%,1665263301.18
061201657,061,201657,BDT DU 14/06/2021 5 ANS à 2.00%,OBL,298,100334.05,29899546.9,1.79548464671102%,1665263301.18
061201791,061,201791,BDT DU 16/01/2023 5 ANS 3.90%,OBL,287,105908.28,30395676.36,1.82527750046865%,1665263301.18
061201792,061,201792,BDT du 16/01/2023 atp  a 4.20%  10 ans,OBL,565,110402.31,62377305.15,3.74579233841277%,1665263301.18
061201793,061,201793,BDT du 17/08/2023 à 4.75%  20 ans ATYP 16/01/2023,OBL,316,118578.11,37470682.76,2.25013562320435%,1665263301.18
061201808,061,201808,BDT DU 20/03/2023 à 4.90% 15 ans ,OBL,764,119318.13,91159051.32,5.47415242114595%,1665263301.18
061201809,061,201809,BDT DU 20/03/2023 à 5.5 30 ans ,OBL,387,131399.42,50851575.54,3.05366577789631%,1665263301.18
061201822,061,201822,BDT du 27/06/2023 ATYP 14/03/2024 à 4.75 % 15 ans ,OBL,1025,119665.25,122656881.25,7.36561486481361%,1665263301.18
061201837,061,201837,BDT du 18/09/2024 à 4%  10 ANS ATYP 02/01/2024,OBL,1353,108473.11,146764117.83,8.81326801149124%,1665263301.18
061201840,061,201840,BDT du 15/10/2024 à 3.50%  5 ANS ATYP 15/01/2024,OBL,950,103575.97,98397171.5,5.90880561832331%,1665263301.18
061201853,061,201853,BDT du 14/09/2024  2 ans  à 3.25%  ATYP 27/05/2024,OBL,298,101802.42,30337121.16,1.82176122769914%,1665263301.18
061201862,061,201862,BDT du 15/04/2025  5 ans à 3.30%  ATYP 15/07/2024,OBL,503,106923.5,53782520.5,3.22967067501517%,1665263301.18
061201865,061,201865,BDT DU 18/06/2025 à 3.55% 10 ANS,OBL,930,108904.97,101281622.1,6.08201850291375%,1665263301.18
061201872,061,201872,BDT DU 14/08/2025 à 4% 20 ans ,OBL,50,111192.3,5559615,0.333858014889326%,1665263301.18
061201882,061,201882,BDT DU 06/01/2025 à 6.65% 2 ans ,OBL,150,103096.56,15464484,0.928650982042414%,1665263301.18
061201898,061,201898,BDT du 21/08/2025 à 3.40%  20 ANS ATYP 02/06/2025,OBL,660,99820.55,65881563,3.95622499777162%,1665263301.18
061201905,061,201905,BDT du 16/07/2025 à 3.05%  15 ans ATYP 16/06/2025 ,OBL,500,98573.02,49286510,2.95968270993997%,1665263301.18
061201926,061,201926,BDT du 29/09/2025 à 2.25%  2 ans ATYP 17/01/2026,OBL,110,100212.5,11023375,0.661959882992009%,1665263301.18
06180129,061,80129,Droit d ' Attribution BOA 1/48  2025,ACT,35,4.35,152.25,0.00000914269832837343%,1665263301.18
0619644,061,9644,OBL OCP ORD SUB Fixe  DU 16/12/2024  10 ANS ,OBL,153,102621.92,15701153.76,0.942863134549006%,1665263301.18
0619647,061,9647,OBL OCP ORD SUB Fixe  DU 16/12/2024  30 ANS ,OBL,95,107089.53,10173505.35,0.610924731409807%,1665263301.18
0631001,063,1001,SONASID,ACT,5879,1985,11669815,0.199922055550368%,5837182379.84
0631035,063,1035,CREDIT EQDOM,ACT,4125,1380,5692500,0.0975213661245245%,5837182379.84
0631036,063,1036,SOCIETE DE BOISSONS DU MAROC,ACT,1903,2209,4203727,0.0720163723942994%,5837182379.84
0631038,063,1038,CDM,ACT,38906,1040,40462240,0.693181013835464%,5837182379.84
0631050,063,1050,CIMENTS DU MAROC,ACT,44654,1737,77563998,1.32879175178566%,5837182379.84
0631081,063,1081,BMCI,ACT,23653,629,14877737,0.254878741691943%,5837182379.84
0631092,063,1092,WAFA ASSURANCE,ACT,15374,4900,75332600,1.29056443842114%,5837182379.84
0631095,063,1095,AFRIQUIA GAZ ,ACT,6317,4099,25893383,0.443593866270626%,5837182379.84
0631105,063,1105,MANAGEM,ACT,17735,7550,133899250,2.29390211384264%,5837182379.84
0631142,063,1142,DARI,ACT,724,4300,3113200,0.0533339511671269%,5837182379.84
0631145,063,1145,CIH,ACT,186456,400,74582400,1.27771234727198%,5837182379.84
0631148,063,1148,ITISSALAT AL MAGHRIB,ACT,1558699,106.85,166546988.15,2.8532085741437%,5837182379.84
0631151,063,1151,ADDOHA,ACT,766924,29.9,22931027.6,0.392844117380971%,5837182379.84
0631171,063,1171,ATLANTASANAD,ACT,32592,135,4399920,0.0753774631951898%,5837182379.84
0631172,063,1172,SNEP,ACT,13095,458,5997510,0.102746661141062%,5837182379.84
0631179,063,1179,CMT,ACT,6149,2100,12912900,0.221218032258124%,5837182379.84
0631180,063,1180,LABEL VIE,ACT,21164,4280,90581920,1.55180897401535%,5837182379.84
0631181,063,1181,ALLIANCES,ACT,52038,498,25914924,0.443962897056342%,5837182379.84
0631185,063,1185,DELTA HOLDING,ACT,123234,68,8379912,0.143560907552621%,5837182379.84
0631188,063,1188,BCP,ACT,251955,270,68027850,1.16542272578204%,5837182379.84
0631202,063,1202,UNIMER,ACT,26565,165,4383225,0.0750914519158839%,5837182379.84
0631208,063,1208,JET CONTRACTORS,ACT,9919,2600,25789400,0.441812475982751%,5837182379.84
0631220,063,1220,TAQA MOROCCO ,ACT,3344,1945,6504080,0.111424992004075%,5837182379.84
0631224,063,1224,COSUMAR,ACT,198313,202.95,40247623.35,0.68950429729597%,5837182379.84
0631226,063,1226,TOTALENERGIES MARKETING MAROC,ACT,24234,1598,38725932,0.663435361104162%,5837182379.84
0631231,063,1231,SODEP-MARSA MAROC,ACT,222399,901,200381499,3.43284629399386%,5837182379.84
0631232,063,1232,LAFARGE-HOLCIM MAROC,ACT,38811,1799,69820989,1.19614198180859%,5837182379.84
0631239,063,1239,MUTANDIS,ACT,60827,244.85,14893490.95,0.255148631323187%,5837182379.84
0631243,063,1243,BANK OF AFRICA,ACT,314764,209,65785676,1.12701080280111%,5837182379.84
0631244,063,1244,ATW,ACT,473018,731,345776158,5.92368261773376%,5837182379.84
0631246,063,1246,ARADEI CAPITAL,ACT,69635,440,30639400,0.524900508605315%,5837182379.84
0631250,063,1250,SOTHEMA,ACT,6009,1730,10395570,0.178092259647453%,5837182379.84
0631252,063,1252,TGCC,ACT,91372,834.3,76231659.6,1.30596672571484%,5837182379.84
0631258,063,1258,AKDITAL,ACT,56779,1119,63535701,1.08846523657432%,5837182379.84
0631261,063,1261,HPS (VN 10),ACT,55554,520,28888080,0.494897676998604%,5837182379.84
0631262,063,1262,CFG BANK,ACT,65500,230,15065000,0.258086847723489%,5837182379.84
0631271,063,1271,CMGP GROUP,ACT,77403,376,29103528,0.498588635854783%,5837182379.84
0631275,063,1275,VICENNE,ACT,2062,420,866040,0.0148366102623598%,5837182379.84
0631276,063,1276,CASH PLUS,ACT,24577,290,7127330,0.122102232484902%,5837182379.84
0631278,063,1278,SGTM,ACT,41208,835,34408680,0.589474129142135%,5837182379.84
063201236,063,201236,BDT du 14/08/13 ATYP 18/03/13 à 5.25% 15 ans,OBL,2968,108820.79,322980104.72,5.53315082008544%,5837182379.84
063201535,063,201535,BDT du 04/02/19 ATYP 18/06/19 à 3.35%  10 ans,OBL,500,104068.94,52034470,0.891431286774807%,5837182379.84
063201552,063,201552,BDT DU 17/06/2020 10 ANS 2.7%,OBL,522,101098.56,52773448.32,0.904091133116977%,5837182379.84
063201631,063,201631,BDT du 14/07/2021 ATYP 18/01/2021 à 3.45% 15 ans,OBL,1250,97969.4,122461750,2.0979599750549%,5837182379.84
063201651,063,201651,BDT du 20/04/2021 ATYP 16/06/2021 à 2.30% 10 ans,OBL,4175,98472.67,411123397.25,7.04318231806334%,5837182379.84
063201792,063,201792,BDT du 16/01/2023 atp  a 4.20%  10 ans,OBL,1646,110402.31,181722202.26,3.11318356074701%,5837182379.84
063201793,063,201793,BDT du 17/08/2023 à 4.75%  20 ans ATYP 16/01/2023,OBL,613,118578.11,72688381.43,1.24526486753344%,5837182379.84
063201808,063,201808,BDT DU 20/03/2023 à 4.90% 15 ans ,OBL,5071,119318.13,605062237.23,10.3656558568346%,5837182379.84
063201809,063,201809,BDT DU 20/03/2023 à 5.5 30 ans ,OBL,851,131399.42,111820906.42,1.91566579804322%,5837182379.84
063201837,063,201837,BDT du 18/09/2024 à 4%  10 ANS ATYP 02/01/2024,OBL,725,108473.11,78643004.75,1.34727681323803%,5837182379.84
063201840,063,201840,BDT du 15/10/2024 à 3.50%  5 ANS ATYP 15/01/2024,OBL,225,103575.97,23304593.25,0.399243877157026%,5837182379.84
063201854,063,201854,BDT du 15/02/2025  30ans à 4.90%  ATYP 04/06/2024,OBL,250,123692.92,30923230,0.529762957326813%,5837182379.84
063201862,063,201862,BDT du 15/04/2025  5 ans à 3.30%  ATYP 15/07/2024,OBL,4065,106923.5,434644027.5,7.44612724456134%,5837182379.84
063201889,063,201889,BDT DU 17/02/2025 à 2.85%   5 ans ATYP 14/10/2025,OBL,2345,102613.65,240629009.25,4.12234865371117%,5837182379.84
063201896,063,201896,BDT du 14/05/2025 à 2.90%   10 ANS ATYP 05/05/2025,OBL,150,100587.91,15088186.5,0.258484068479861%,5837182379.84
06380129,063,80129,Droit d ' Attribution BOA 1/48  2025,ACT,37,4.35,160.95,0.00000275732347435085%,5837182379.84
0639202,063,9202,OBL LYDEC à 4.50% du 31/12/2013 13 ans,OBL,331860,236.73,78561217.8,1.34587567575974%,5837182379.84
0639285,063,9285,OBL ATW NC du 28/06/2016 à 3.74% 10 ans,OBL,598,102528.62,61312114.76,1.05037175079119%,5837182379.84
0639360,063,9360,OBL AL MADA DU 17/01/2018 à 4.08% 10 ANS,OBL,370,101570.67,37581147.9,0.643823431486308%,5837182379.84
0639385,063,9385,OBL SUB CDM 17/12/2048 à 4.05% 10 ANS,OBL,373,102437.94,38209351.62,0.654585536884447%,5837182379.84
0639425,063,9425,OBL SUB BCP du 26/12/2019 à 3.28% 10ans  Fixe,OBL,476,100108.67,47651726.92,0.816348090897001%,5837182379.84
0639518,063,9518,OBL ANP du 13/10/2021  à  3.15%  AMORT  15 ANS,OBL,500,71796.97,35898485,0.614996802635178%,5837182379.84
0639529,063,9529,OBL ATW SUB PERP 28/12/2021 à 4.58% REVIS  tt 10ans,OBL,453,97487.42,44161801.26,0.756560244074651%,5837182379.84
0639530,063,9530,OBL ATW SUB du 30/12/2021 à 2.66% 7 ANS Fixe,OBL,310,98865.14,30648193.4,0.525051153204504%,5837182379.84
0639534,063,9534,"OBL TMSA Participations du 15/03/2022 à 3,70%  15 ans",OBL,4500,99046,445707000,7.63565314558866%,5837182379.84
0639596,063,9596,OBL OCP PERPT SUB DU 14/12/2023 REV 20ANS,OBL,900,116917.73,105225957,1.80268407174361%,5837182379.84
0639607,063,9607,OBL AL MADA du 28/03/2024 à 3.94%  5 ans,OBL,1500,105402.66,158103990,2.70856690286134%,5837182379.84
0639647,063,9647,OBL OCP ORD SUB Fixe  DU 16/12/2024  30 ANS ,OBL,762,107089.53,81602221.86,1.39797279834585%,5837182379.84
0639707,063,9707,OBL SUB ATW du 30/06/2025  à 3.07% FIXE  DIFERE 2ans,OBL,291,100724.59,29310855.69,0.502140481188861%,5837182379.84
0639753,063,9753,OBL OCP ORD NUTRICROPS DU 15/12/2025 FIXE 30 ANS,OBL,3000,98187.45,294562350,5.04631054560392%,5837182379.84
0641038,064,1038,CDM,ACT,4080,1040,4243200,1.89603279906495%,223793596.93
0641050,064,1050,CIMENTS DU MAROC,ACT,5087,1737,8836119,3.94833414414615%,223793596.93
0641081,064,1081,BMCI,ACT,5974,629,3757646,1.67906769967835%,223793596.93
0641092,064,1092,WAFA ASSURANCE,ACT,2811,4900,13773900,6.1547337318629%,223793596.93
0641105,064,1105,MANAGEM,ACT,1838,7550,13876900,6.20075828368786%,223793596.93
0641145,064,1145,CIH,ACT,20833,400,8333200,3.72360966279412%,223793596.93
0641148,064,1148,ITISSALAT AL MAGHRIB,ACT,96984,106.85,10362740.4,4.63049012221799%,223793596.93
0641180,064,1180,LABEL VIE,ACT,2658,4280,11376240,5.08336259663334%,223793596.93
0641185,064,1185,DELTA HOLDING,ACT,29728,68,2021504,0.903289471964787%,223793596.93
0641188,064,1188,BCP,ACT,37802,270,10206540,4.56069348721916%,223793596.93
0641223,064,1223,RESIDENCES DAR SAADA,ACT,50948,155,7896940,3.5286711095984%,223793596.93
0641224,064,1224,COSUMAR,ACT,14550,202.95,2952922.5,1.3194848022947%,223793596.93
0641226,064,1226,TOTALENERGIES MARKETING MAROC,ACT,4955,1598,7918090,3.53812178213333%,223793596.93
0641231,064,1231,SODEP-MARSA MAROC,ACT,23299,901,20992399,9.38025005539643%,223793596.93
0641232,064,1232,LAFARGE-HOLCIM MAROC,ACT,3581,1799,6442219,2.87864312847836%,223793596.93
0641239,064,1239,MUTANDIS,ACT,8308,244.85,2034213.8,0.908968722923864%,223793596.93
0641243,064,1243,BANK OF AFRICA,ACT,13687,209,2860583,1.27822379158362%,223793596.93
0641244,064,1244,ATW,ACT,57047,731,41701357,18.6338472467752%,223793596.93
0641250,064,1250,SOTHEMA,ACT,3055,1730,5285150,2.3616180590069%,223793596.93
0641252,064,1252,TGCC,ACT,6914,834.3,5768350.2,2.57753138567422%,223793596.93
0641261,064,1261,HPS (VN 10),ACT,4432,520,2304640,1.02980604968822%,223793596.93
0641262,064,1262,CFG BANK,ACT,10455,230,2404650,1.07449454898933%,223793596.93
0641271,064,1271,CMGP GROUP,ACT,6255,376,2351880,1.05091478588444%,223793596.93
0641276,064,1276,CASH PLUS,ACT,1033,290,299570,0.13385995136121%,223793596.93
0641278,064,1278,SGTM,ACT,6242,835,5212070,2.32896296922663%,223793596.93
0643984,064,3984,FCP STERLING EQUITY,OPC,11600,932.1,10812360,4.83139828320556%,223793596.93
06480129,064,80129,Droit d ' Attribution BOA 1/48  2025,ACT,16,4.35,69.6,0.0000311000855050245%,223793596.93
064US30303M1027,064,US30303M1027,META PLATFORMS CLA,ACT,602,670.21,403466.42,0.18028505977595%,223793596.93
064US67066G1040,064,US67066G1040,NVIDIA ORD,ACT,2622,171.88,450669.36,0.201377236070326%,223793596.93
064XS2355149316,064,XS2355149316,OBL OCP INTERNATIONAL  du 23/06/2021 à 3.75% 10 ans,OBL,636,1004.95,639148.2,0.285597179172163%,223793596.93
0651038,065,1038,CDM,ACT,2980,1040,3099200,1.24385274698909%,249161326.17
0651050,065,1050,CIMENTS DU MAROC,ACT,3232,1737,5613984,2.25315223927233%,249161326.17
0651081,065,1081,BMCI,ACT,2973,629,1870017,0.750524581300434%,249161326.17
0651092,065,1092,WAFA ASSURANCE,ACT,868,4900,4253200,1.70700648667205%,249161326.17
0651105,065,1105,MANAGEM,ACT,1351,7550,10200050,4.09375329502004%,249161326.17
0651145,065,1145,CIH,ACT,9295,400,3718000,1.49220589613624%,249161326.17
0651148,065,1148,ITISSALAT AL MAGHRIB,ACT,44775,106.85,4784208.75,1.92012493413034%,249161326.17
0651185,065,1185,DELTA HOLDING,ACT,7027,68,477836,0.191777755940333%,249161326.17
0651188,065,1188,BCP,ACT,5750,270,1552500,0.623090278039677%,249161326.17
0651226,065,1226,TOTALENERGIES MARKETING MAROC,ACT,691,1598,1104218,0.443173913453408%,249161326.17
0651231,065,1231,SODEP-MARSA MAROC,ACT,14523,901,13085223,5.25170707715374%,249161326.17
0651243,065,1243,BANK OF AFRICA,ACT,12496,209,2611664,1.0481819310185%,249161326.17
0651244,065,1244,ATW,ACT,23099,731,16885369,6.77688197424319%,249161326.17
0651246,065,1246,ARADEI CAPITAL,ACT,1618,440,711920,0.285726525437686%,249161326.17
0651252,065,1252,TGCC,ACT,10596,834.3,8840242.8,3.54799957757826%,249161326.17
0651258,065,1258,AKDITAL,ACT,3232,1119,3616608,1.45151258246732%,249161326.17
0651271,065,1271,CMGP GROUP,ACT,6814,376,2562064,1.02827514983282%,249161326.17
0651275,065,1275,VICENNE,ACT,1016,420,426720,0.171262533620026%,249161326.17
0651276,065,1276,CASH PLUS,ACT,1148,290,332920,0.133616241780979%,249161326.17
0651278,065,1278,SGTM,ACT,3533,835,2950055,1.18399393892582%,249161326.17
065152236,065,152236,CD CAM  du 15/06/2020 à 3.4% 7 ans ,TCN,62,102485.2,6354082.4,2.5501880639633%,249161326.17
065152398,065,152398,CD CIH du 25/06/2021 à 2.61%  7ans,TCN,86,100476.74,8640999.64,3.46803405360924%,249161326.17
065201331,065,201331,BDT DU 060814 15 ANS 5.45% ATYP 14/04/2014,OBL,100,111595.59,11159559,4.47884877301783%,249161326.17
065201535,065,201535,BDT du 04/02/19 ATYP 18/06/19 à 3.35%  10 ans,OBL,185,104068.94,19252753.9,7.72702336913397%,249161326.17
065201651,065,201651,BDT du 20/04/2021 ATYP 16/06/2021 à 2.30% 10 ans,OBL,122,98472.67,12013665.74,4.8216414339532%,249161326.17
065201792,065,201792,BDT du 16/01/2023 atp  a 4.20%  10 ans,OBL,10,110402.31,1104023.1,0.443095691041048%,249161326.17
065201808,065,201808,BDT DU 20/03/2023 à 4.90% 15 ans ,OBL,89,119318.13,10619313.57,4.26202321734095%,249161326.17
065201822,065,201822,BDT du 27/06/2023 ATYP 14/03/2024 à 4.75 % 15 ans ,OBL,200,119665.25,23933050,9.60544333580515%,249161326.17
065201837,065,201837,BDT du 18/09/2024 à 4%  10 ANS ATYP 02/01/2024,OBL,58,108473.11,6291440.38,2.52504691506876%,249161326.17
065201862,065,201862,BDT du 15/04/2025  5 ans à 3.30%  ATYP 15/07/2024,OBL,525,106923.5,56134837.5,22.529514657383%,249161326.17
06580129,065,80129,Droit d ' Attribution BOA 1/48  2025,ACT,1,4.35,4.35,0.00000174585681769571%,249161326.17
0659360,065,9360,OBL AL MADA DU 17/01/2018 à 4.08% 10 ANS,OBL,123,101570.67,12493192.41,5.01409773420295%,249161326.17
0659523,065,9523,OBL MANAGEM du 21/12/2021 à 3.22% 7 ANS,OBL,31,98933.12,3066926.72,1.23089998241038%,249161326.17
0659644,065,9644,OBL OCP ORD SUB Fixe  DU 16/12/2024  10 ANS ,OBL,11,102621.92,1128841.12,0.453056313895923%,249161326.17
065XS2810168737,065,XS2810168737,OBL OCP INTERNATIONAL 6.75% 10 ANS,OBL,413,1018.72,420731.36,0.168859014545837%,249161326.17
066056,066,056,FCP WG MONETAIRE,OPC,4110,1216.92,5001541.2,2.54368430375033%,196625862.44
0661035,066,1035,CREDIT EQDOM,ACT,1450,1380,2001000,1.01766877213856%,196625862.44
0661038,066,1038,CDM,ACT,3964,1040,4122560,2.09665196065344%,196625862.44
0661050,066,1050,CIMENTS DU MAROC,ACT,6396,1737,11109852,5.65024959694209%,196625862.44
0661081,066,1081,BMCI,ACT,3362,629,2114698,1.07549331189599%,196625862.44
0661092,066,1092,WAFA ASSURANCE,ACT,1007,4900,4934300,2.50948676779775%,196625862.44
0661095,066,1095,AFRIQUIA GAZ ,ACT,380,4099,1557620,0.792174529164649%,196625862.44
0661105,066,1105,MANAGEM,ACT,2292,7550,17304600,8.80077512960965%,196625862.44
0661145,066,1145,CIH,ACT,22078,400,8831200,4.49137254398303%,196625862.44
0661148,066,1148,ITISSALAT AL MAGHRIB,ACT,60160,106.85,6428096,3.26920168091393%,196625862.44
0661171,066,1171,ATLANTASANAD,ACT,13989,135,1888515,0.960461140037607%,196625862.44
0661172,066,1172,SNEP,ACT,3020,458,1383160,0.703447645612778%,196625862.44
0661180,066,1180,LABEL VIE,ACT,1382,4280,5914960,3.00823092476196%,196625862.44
0661188,066,1188,BCP,ACT,20801,270,5616270,2.85632313588137%,196625862.44
0661224,066,1224,COSUMAR,ACT,38897,202.95,7894146.15,4.01480560697293%,196625862.44
0661231,066,1231,SODEP-MARSA MAROC,ACT,15970,901,14388970,7.31794374424716%,196625862.44
0661232,066,1232,LAFARGE-HOLCIM MAROC,ACT,5952,1799,10707648,5.44569664800195%,196625862.44
0661243,066,1243,BANK OF AFRICA,ACT,9863,209,2061367,1.04837022679508%,196625862.44
0661244,066,1244,ATW,ACT,52394,731,38300014,19.4786247977359%,196625862.44
0661252,066,1252,TGCC,ACT,9117,834.3,7606313.1,3.86841944676584%,196625862.44
0661258,066,1258,AKDITAL,ACT,3550,1119,3972450,2.02030900243969%,196625862.44
0661275,066,1275,VICENNE,ACT,764,420,320880,0.163193181211305%,196625862.44
0661276,066,1276,CASH PLUS,ACT,885,290,256650,0.130527081643859%,196625862.44
0661278,066,1278,SGTM,ACT,5385,835,4496475,2.28681768725723%,196625862.44
0664198,066,4198,FCP Winéo Actions,OPC,3132.224,4356.33,13645001.37792,6.9395761109929%,196625862.44
06680129,066,80129,Droit d ' Attribution BOA 1/48  2025,ACT,14,4.35,60.9,0.0000309725278476953%,196625862.44
066US02079K1079,066,US02079K1079,GOOG ALPHABET C,ACT,1460,331.33,483741.8,0.246021451093501%,196625862.44
066US0231351067,066,US0231351067,AMAZON,ACT,1240,222.69,276135.6,0.140437069962891%,196625862.44
066US57636Q1040,066,US57636Q1040,MASTERCARD INCORPORATED,ACT,620,551.89,342171.8,0.17402176689977%,196625862.44
066XS2355149316,066,XS2355149316,OBL OCP INTERNATIONAL  du 23/06/2021 à 3.75% 10 ans,OBL,786,1004.95,789890.7,0.401722688052307%,196625862.44
0671001,067,1001,SONASID,ACT,1537,1985,3050945,1.62102589240388%,188210750.63
0671050,067,1050,CIMENTS DU MAROC,ACT,6277,1737,10903149,5.79305324669487%,188210750.63
0671095,067,1095,AFRIQUIA GAZ ,ACT,930,4099,3812070,2.02542627731934%,188210750.63
0671096,067,1096,AUTO-HALL ,ACT,37432,90.21,3376740.72,1.79412743889337%,188210750.63
0671105,067,1105,MANAGEM,ACT,2383,7550,17991650,9.55931047497358%,188210750.63
0671148,067,1148,ITISSALAT AL MAGHRIB,ACT,150024,106.85,16030064.4,8.51708223166975%,188210750.63
0671151,067,1151,ADDOHA,ACT,149382,29.9,4466521.8,2.37314913470626%,188210750.63
0671163,067,1163,DISWAY,ACT,1775,880,1562000,0.82992071110258%,188210750.63
0671172,067,1172,SNEP,ACT,3113,458,1425754,0.757530584851055%,188210750.63
0671179,067,1179,CMT,ACT,1290,2100,2709000,1.43934392213629%,188210750.63
0671181,067,1181,ALLIANCES,ACT,5126,498,2552748,1.35632422242362%,188210750.63
0671185,067,1185,DELTA HOLDING,ACT,39994,68,2719592,1.44497165592118%,188210750.63
0671220,067,1220,TAQA MOROCCO ,ACT,1341,1945,2608245,1.38581084835451%,188210750.63
0671224,067,1224,COSUMAR,ACT,55191,202.95,11201013.45,5.9513143709946%,188210750.63
0671226,067,1226,TOTALENERGIES MARKETING MAROC,ACT,3928,1598,6276944,3.33506134957175%,188210750.63
0671231,067,1231,SODEP-MARSA MAROC,ACT,18354,901,16536954,8.78640244759965%,188210750.63
0671232,067,1232,LAFARGE-HOLCIM MAROC,ACT,6820,1799,12269180,6.51885185034927%,188210750.63
0671238,067,1238,IMMORENT INVEST,ACT,29884,91.5,2734386,1.45283199330918%,188210750.63
0671239,067,1239,MUTANDIS,ACT,13000,244.85,3183050,1.69121582552821%,188210750.63
0671246,067,1246,ARADEI CAPITAL,ACT,6649,440,2925560,1.55440642482283%,188210750.63
0671250,067,1250,SOTHEMA,ACT,2700,1730,4671000,2.48179234414862%,188210750.63
0671252,067,1252,TGCC,ACT,11978,834.3,9993245.4,5.30960392355352%,188210750.63
0671258,067,1258,AKDITAL,ACT,8227,1119,9206013,4.89133217373854%,188210750.63
0671261,067,1261,HPS (VN 10),ACT,17408,520,9052160,4.80958710897204%,188210750.63
0671271,067,1271,CMGP GROUP,ACT,6854,376,2577104,1.36926503474091%,188210750.63
0671275,067,1275,VICENNE,ACT,618,420,259560,0.137909231609338%,188210750.63
0671276,067,1276,CASH PLUS,ACT,726,290,210540,0.111863960637348%,188210750.63
0671278,067,1278,SGTM,ACT,11430,835,9544050,5.07093774827054%,188210750.63
067US8863647025,067,US8863647025,SP FUNDS DOW JONES GLOBAL SU,OPC,45400,18.26,829004,0.440465806137569%,188210750.63
102075,102,075,FCP WG MOMENTUM FACTOR FUND ,OPC,41000,174.67,7161470,0.855353085017352%,837253074.25
1021001,102,1001,SONASID,ACT,3760,1985,7463600,0.891438948335399%,837253074.25
1021006,102,1006,SMI,ACT,347,5300,1839100,0.219658793328103%,837253074.25
1021035,102,1035,CREDIT EQDOM,ACT,1926,1380,2657880,0.317452402594149%,837253074.25
1021036,102,1036,SOCIETE DE BOISSONS DU MAROC,ACT,1368,2209,3021912,0.360931729358771%,837253074.25
1021038,102,1038,CDM,ACT,12430,1040,12927200,1.54400149698823%,837253074.25
1021050,102,1050,CIMENTS DU MAROC,ACT,17949,1737,31177413,3.72377408442821%,837253074.25
1021080,102,1080,SAMIR ,ACT,5919,0,0,0%,837253074.25
1021081,102,1081,BMCI,ACT,4092,629,2573868,0.307418160549083%,837253074.25
1021092,102,1092,WAFA ASSURANCE,ACT,6570,4900,32193000,3.84507396749042%,837253074.25
1021095,102,1095,AFRIQUIA GAZ ,ACT,2197,4099,9005503,1.07560106698527%,837253074.25
1021096,102,1096,AUTO-HALL ,ACT,14050,90.21,1267450.5,0.151382006107934%,837253074.25
1021105,102,1105,MANAGEM,ACT,7366,7550,55613300,6.64235243923322%,837253074.25
1021145,102,1145,CIH,ACT,45975,400,18390000,2.19646849508119%,837253074.25
1021146,102,1146,RISMA,ACT,2908,370,1075960,0.128510725501227%,837253074.25
1021148,102,1148,ITISSALAT AL MAGHRIB,ACT,513468,106.85,54864055.8,6.5528640607437%,837253074.25
1021151,102,1151,ADDOHA,ACT,404481,29.9,12093981.9,1.44448342704906%,837253074.25
1021171,102,1171,ATLANTASANAD,ACT,20387,135,2752245,0.328723188322172%,837253074.25
1021172,102,1172,SNEP,ACT,2212,458,1013096,0.121002362506404%,837253074.25
1021179,102,1179,CMT,ACT,2127,2100,4466700,0.533494607231059%,837253074.25
1021180,102,1180,LABEL VIE,ACT,5235,4280,22405800,2.67610841800382%,837253074.25
1021181,102,1181,ALLIANCES,ACT,32516,498,16192968,1.9340589480075%,837253074.25
1021185,102,1185,DELTA HOLDING,ACT,33364,68,2268752,0.27097565476631%,837253074.25
1021188,102,1188,BCP,ACT,113708,270,30701160,3.6668912834392%,837253074.25
1021208,102,1208,JET CONTRACTORS,ACT,3395,2600,8827000,1.054280989999%,837253074.25
1021220,102,1220,TAQA MOROCCO ,ACT,6529,1945,12698905,1.51673435315547%,837253074.25
1021224,102,1224,COSUMAR,ACT,98497,202.95,19989966.15,2.38756557184418%,837253074.25
1021226,102,1226,TOTALENERGIES MARKETING MAROC,ACT,6435,1598,10283130,1.22819853593389%,837253074.25
1021231,102,1231,SODEP-MARSA MAROC,ACT,76248,901,68699448,8.20533839920983%,837253074.25
1021232,102,1232,LAFARGE-HOLCIM MAROC,ACT,25379,1799,45656821,5.45316851071568%,837253074.25
1021239,102,1239,MUTANDIS,ACT,15146,244.85,3708498.1,0.442936337178818%,837253074.25
1021243,102,1243,BANK OF AFRICA,ACT,179691,209,37555419,4.48555163964511%,837253074.25
1021244,102,1244,ATW,ACT,211539,731,154635009,18.4693271074006%,837253074.25
1021246,102,1246,ARADEI CAPITAL,ACT,9732,440,4282080,0.511443926776361%,837253074.25
1021250,102,1250,SOTHEMA,ACT,1806,1730,3124380,0.373170322820108%,837253074.25
1021252,102,1252,TGCC,ACT,46529,834.3,38819144.7,4.63648876234628%,837253074.25
1021258,102,1258,AKDITAL,ACT,23819,1119,26653461,3.18344140137984%,837253074.25
1021261,102,1261,HPS (VN 10),ACT,15425,520,8021000,0.95801380092693%,837253074.25
1021262,102,1262,CFG BANK,ACT,41967,230,9652410,1.15286647453%,837253074.25
1021271,102,1271,CMGP GROUP,ACT,16653,376,6261528,0.747865632575789%,837253074.25
1021275,102,1275,VICENNE,ACT,4471,420,1877820,0.224283440425958%,837253074.25
1021276,102,1276,CASH PLUS,ACT,14504,290,4206160,0.502376178644411%,837253074.25
1021278,102,1278,SGTM,ACT,34581,835,28875135,3.44879414457402%,837253074.25
10280129,102,80129,Droit d ' Attribution BOA 1/48  2025,ACT,31,4.35,134.85,0.000016106241248597%,837253074.25
1071001,107,1001,SONASID,ACT,1243,1985,2467355,1.55719829510835%,158448349.69
1071035,107,1035,CREDIT EQDOM,ACT,2330,1380,3215400,2.02930482159697%,158448349.69
1071038,107,1038,CDM,ACT,1782,1040,1853280,1.16964298058383%,158448349.69
1071050,107,1050,CIMENTS DU MAROC,ACT,3230,1737,5610510,3.54090781694907%,158448349.69
1071092,107,1092,WAFA ASSURANCE,ACT,969,4900,4748100,2.99662319569092%,158448349.69
1071095,107,1095,AFRIQUIA GAZ ,ACT,279,4099,1143621,0.721762645201079%,158448349.69
1071105,107,1105,MANAGEM,ACT,1637,7550,12359350,7.80023902058983%,158448349.69
107113,107,113,ATTIJARI DIVERSIFIE           ,OPC,16056,720.93,11575252.08,7.30537875758673%,158448349.69
1071145,107,1145,CIH,ACT,9949,400,3979600,2.51160709959175%,158448349.69
1071148,107,1148,ITISSALAT AL MAGHRIB,ACT,37212,106.85,3976102.2,2.50939956634395%,158448349.69
1071151,107,1151,ADDOHA,ACT,81773,29.9,2445012.7,1.54309761179817%,158448349.69
1071180,107,1180,LABEL VIE,ACT,966,4280,4134480,2.60935504098907%,158448349.69
1071208,107,1208,JET CONTRACTORS,ACT,583,2600,1515800,0.956652437823191%,158448349.69
1071226,107,1226,TOTALENERGIES MARKETING MAROC,ACT,2532,1598,4046136,2.55359933247406%,158448349.69
1071231,107,1231,SODEP-MARSA MAROC,ACT,11640,901,10487640,6.61896448938647%,158448349.69
1071232,107,1232,LAFARGE-HOLCIM MAROC,ACT,807,1799,1451793,0.916256308658559%,158448349.69
1071243,107,1243,BANK OF AFRICA,ACT,5402,209,1129018,0.712546392694461%,158448349.69
1071244,107,1244,ATW,ACT,26527,731,19391237,12.238206985392%,158448349.69
1071252,107,1252,TGCC,ACT,7387,834.3,6162974.1,3.8895792301136%,158448349.69
1071258,107,1258,AKDITAL,ACT,1430,1119,1600170,1.00990007351335%,158448349.69
1071261,107,1261,HPS (VN 10),ACT,2890,520,1502800,0.948447871461071%,158448349.69
1071276,107,1276,CASH PLUS,ACT,730,290,211700,0.133608207604677%,158448349.69
1071278,107,1278,SGTM,ACT,2233,835,1864555,1.17675886410174%,158448349.69
107201553,107,201553,BDT DU 14/02/2020 30ANS 4%,OBL,5,107456.42,537282.1,0.339089741894553%,158448349.69
107201631,107,201631,BDT du 14/07/2021 ATYP 18/01/2021 à 3.45% 15 ans,OBL,10,97969.4,979694,0.618304956736214%,158448349.69
107201808,107,201808,BDT DU 20/03/2023 à 4.90% 15 ans ,OBL,89,119318.13,10619313.57,6.70206637732511%,158448349.69
107201809,107,201809,BDT DU 20/03/2023 à 5.5 30 ans ,OBL,45,131399.42,5912973.9,3.73179898154104%,158448349.69
107201840,107,201840,BDT du 15/10/2024 à 3.50%  5 ANS ATYP 15/01/2024,OBL,30,103575.97,3107279.1,1.96106750627527%,158448349.69
107201862,107,201862,BDT du 15/04/2025  5 ans à 3.30%  ATYP 15/07/2024,OBL,11,106923.5,1176158.5,0.742297728124732%,158448349.69
1075106,107,5106,OBLIGATION A1 MIFTTAH 09/12/2019 12 ANS AMORT,OBL,41,32551.56,1334613.96,0.842302215587058%,158448349.69
1075116,107,5116,OBLIGATION A1 MIFTTAH 11/06/2021 12 ANS AMORT,OBL,86,55969.61,4813386.46,3.03782681827691%,158448349.69
10780129,107,80129,Droit d ' Attribution BOA 1/48  2025,ACT,12,4.35,52.2,0.0000329444895463587%,158448349.69
1079300,107,9300,OBL SUBORD CDM du 21/12/2016 à 3.13% REVISABLE 10 ANS,OBL,69,100383.18,6926439.42,4.37141783650723%,158448349.69
1079395,107,9395,OBL ANP du 04/06/2019 à 3.91% 15 ans TRANCH B ,OBL,94,61843,5813242,3.66885613600486%,158448349.69
1079411,107,9411,OBL ONCF du 31/10/19 à 4.02% 30 ANS AMRT LIN 15ans,OBL,24,104064.87,2497556.88,1.57625932039457%,158448349.69
1079425,107,9425,OBL SUB BCP du 26/12/2019 à 3.28% 10ans  Fixe,OBL,20,100108.67,2002173.4,1.26361265605934%,158448349.69
1079523,107,9523,OBL MANAGEM du 21/12/2021 à 3.22% 7 ANS,OBL,31,98933.12,3066926.72,1.93560029246146%,158448349.69
1079644,107,9644,OBL OCP ORD SUB Fixe  DU 16/12/2024  10 ANS ,OBL,19,102621.92,1949816.48,1.23056913108579%,158448349.69
107US46090E1038,107,US46090E1038,INVESCO QQQ TRUST SERIES 1,OPC,1672,597.03,998234.16,0.630006031588854%,158448349.69
107XS2239829216,107,XS2239829216,EUROBOND DU 30/09/2020 10 ans (2030),OBL,23,1017.32,23398.36,0.0147671844142134%,158448349.69
107XS2270576965,107,XS2270576965,EUROBOND DU 15/12/2020 SEM (2032),OBL,480,1004.62,482217.6,0.304337407706326%,158448349.69
108056,108,056,FCP WG MONETAIRE,OPC,7000,1216.92,8518440,2.17258762667171%,392087292.38
1081035,108,1035,CREDIT EQDOM,ACT,3691,1380,5093580,1.29909336491922%,392087292.38
1081050,108,1050,CIMENTS DU MAROC,ACT,4636,1737,8052732,2.05381101517453%,392087292.38
1081081,108,1081,BMCI,ACT,3931,629,2472599,0.630624620601993%,392087292.38
1081092,108,1092,WAFA ASSURANCE,ACT,1993,4900,9765700,2.4906953603932%,392087292.38
1081105,108,1105,MANAGEM,ACT,3327,7550,25118850,6.40644328142508%,392087292.38
1081145,108,1145,CIH,ACT,16933,400,6773200,1.72747246126906%,392087292.38
1081151,108,1151,ADDOHA,ACT,58023,29.9,1734887.7,0.442474860500859%,392087292.38
1081181,108,1181,ALLIANCES,ACT,8500,498,4233000,1.07960652698162%,392087292.38
1081208,108,1208,JET CONTRACTORS,ACT,670,2600,1742000,0.4442888188051%,392087292.38
1081220,108,1220,TAQA MOROCCO ,ACT,885,1945,1721325,0.439015758340809%,392087292.38
1081226,108,1226,TOTALENERGIES MARKETING MAROC,ACT,18,1598,28764,0.00733612146045344%,392087292.38
1081231,108,1231,SODEP-MARSA MAROC,ACT,36162,901,32581962,8.30987451856065%,392087292.38
1081243,108,1243,BANK OF AFRICA,ACT,15098,209,3155482,0.804790683433269%,392087292.38
1081244,108,1244,ATW,ACT,77461,731,56623991,14.4416797229739%,392087292.38
1081252,108,1252,TGCC,ACT,36876,834.3,30765646.8,7.84663196127836%,392087292.38
1081258,108,1258,AKDITAL,ACT,8425,1119,9427575,2.40445818653645%,392087292.38
1081270,108,1270,STOKVIS NORD-AFRIQUE VN 10,ACT,14000,92.6,1296400,0.330640657117641%,392087292.38
1081271,108,1271,CMGP GROUP,ACT,10878,376,4090128,1.04316770257271%,392087292.38
1081275,108,1275,VICENNE,ACT,941,420,395220,0.10079898218608%,392087292.38
1081278,108,1278,SGTM,ACT,30292,835,25293820,6.45106854814513%,392087292.38
108201631,108,201631,BDT du 14/07/2021 ATYP 18/01/2021 à 3.45% 15 ans,OBL,60,97969.4,5878164,1.49919778432989%,392087292.38
108201792,108,201792,BDT du 16/01/2023 atp  a 4.20%  10 ans,OBL,54,110402.31,5961724.74,1.52050955383223%,392087292.38
108201808,108,201808,BDT DU 20/03/2023 à 4.90% 15 ans ,OBL,356,119318.13,42477254.28,10.8336217739065%,392087292.38
108201837,108,201837,BDT du 18/09/2024 à 4%  10 ANS ATYP 02/01/2024,OBL,73,108473.11,7918537.03,2.01958522601788%,392087292.38
108201840,108,201840,BDT du 15/10/2024 à 3.50%  5 ANS ATYP 15/01/2024,OBL,70,103575.97,7250317.9,1.84915911352036%,392087292.38
108201862,108,201862,BDT du 15/04/2025  5 ans à 3.30%  ATYP 15/07/2024,OBL,229,106923.5,24485481.5,6.24490565643463%,392087292.38
1085106,108,5106,OBLIGATION A1 MIFTTAH 09/12/2019 12 ANS AMORT,OBL,227,32551.56,7389204.12,1.88458138368805%,392087292.38
1085116,108,5116,OBLIGATION A1 MIFTTAH 11/06/2021 12 ANS AMORT,OBL,104,55969.61,5820839.44,1.48457742781386%,392087292.38
10880129,108,80129,Droit d ' Attribution BOA 1/48  2025,ACT,6,4.35,26.1,0.00000665668092469179%,392087292.38
1089360,108,9360,OBL AL MADA DU 17/01/2018 à 4.08% 10 ANS,OBL,20,101570.67,2031413.4,0.518102330649169%,392087292.38
1089395,108,9395,OBL ANP du 04/06/2019 à 3.91% 15 ans TRANCH B ,OBL,94,61843,5813242,1.4826397368589%,392087292.38
1089411,108,9411,OBL ONCF du 31/10/19 à 4.02% 30 ANS AMRT LIN 15ans,OBL,86,104064.87,8949578.82,2.28254753314635%,392087292.38
1089425,108,9425,OBL SUB BCP du 26/12/2019 à 3.28% 10ans  Fixe,OBL,106,100108.67,10611519.02,2.70641748055319%,392087292.38
1089523,108,9523,OBL MANAGEM du 21/12/2021 à 3.22% 7 ANS,OBL,89,98933.12,8805047.68,2.24568555296773%,392087292.38
1089644,108,9644,OBL OCP ORD SUB Fixe  DU 16/12/2024  10 ANS ,OBL,30,102621.92,3078657.6,0.785196985424422%,392087292.38
108FR0000121667,108,FR0000121667,ESSILORLUXOTTICA,ACT,2070,258.6,535302,0.136526230358213%,392087292.38
108USN070592100,108,USN070592100,ASML HOLDING NV-NY ,ACT,840,1350.16,1134134.4,0.289255587222865%,392087292.38
108XS1061043367,108,XS1061043367,OBL OCP INTERNATIONAL à 6.875%  30 ANS,OBL,1500,1020.49,1530735,0.390406684875789%,392087292.38
108XS2270576965,108,XS2270576965,EUROBOND DU 15/12/2020 SEM (2032),OBL,32,1004.62,32147.84,0.00819915376620858%,392087292.38
108XS2810168737,108,XS2810168737,OBL OCP INTERNATIONAL 6.75% 10 ANS,OBL,752,1018.72,766077.44,0.195384409259951%,392087292.38
108XS2810168810,108,XS2810168810,OBL OCP INTERNATIONAL 7.50% 30ANS,OBL,43,1020.8,43894.4,0.0111950580529039%,392087292.38
1091001,109,1001,SONASID,ACT,410,1985,813850,1.07170720989471%,75939584.29
1091035,109,1035,CREDIT EQDOM,ACT,270,1380,372600,0.490653199492251%,75939584.29
1091036,109,1036,SOCIETE DE BOISSONS DU MAROC,ACT,56,2209,123704,0.162897915700455%,75939584.29
1091038,109,1038,CDM,ACT,1007,1040,1047280,1.3790963037151%,75939584.29
1091050,109,1050,CIMENTS DU MAROC,ACT,1840,1737,3196080,4.2087141112002%,75939584.29
1091080,109,1080,SAMIR ,ACT,289,0,0,0%,75939584.29
1091081,109,1081,BMCI,ACT,533,629,335257,0.441478582131438%,75939584.29
1091092,109,1092,WAFA ASSURANCE,ACT,710,4900,3479000,4.58127343272556%,75939584.29
1091095,109,1095,AFRIQUIA GAZ ,ACT,258,4099,1057542,1.39260967766354%,75939584.29
1091105,109,1105,MANAGEM,ACT,960,7550,7248000,9.54442938786859%,75939584.29
1091145,109,1145,CIH,ACT,5344,400,2137600,2.81486924110208%,75939584.29
1091148,109,1148,ITISSALAT AL MAGHRIB,ACT,45618,106.85,4874283.3,6.41863310890136%,75939584.29
1091151,109,1151,ADDOHA,ACT,33677,29.9,1006942.3,1.32597815673399%,75939584.29
1091163,109,1163,DISWAY,ACT,174,880,153120,0.201633971836429%,75939584.29
1091180,109,1180,LABEL VIE,ACT,438,4280,1874640,2.46859397180932%,75939584.29
1091181,109,1181,ALLIANCES,ACT,2126,498,1058748,1.39419778222228%,75939584.29
1091185,109,1185,DELTA HOLDING,ACT,4949,68,336532,0.44315754839379%,75939584.29
1091188,109,1188,BCP,ACT,12171,270,3286170,4.32734789204362%,75939584.29
1091208,109,1208,JET CONTRACTORS,ACT,118,2600,306800,0.404005371992009%,75939584.29
1091220,109,1220,TAQA MOROCCO ,ACT,344,1945,669080,0.881068821031335%,75939584.29
1091224,109,1224,COSUMAR,ACT,11009,202.95,2234276.55,2.94217642997319%,75939584.29
1091226,109,1226,TOTALENERGIES MARKETING MAROC,ACT,602,1598,961996,1.26679123805354%,75939584.29
1091231,109,1231,SODEP-MARSA MAROC,ACT,7509,901,6765609,8.90919941589793%,75939584.29
1091232,109,1232,LAFARGE-HOLCIM MAROC,ACT,1668,1799,3000732,3.95147277675465%,75939584.29
1091239,109,1239,MUTANDIS,ACT,2158,244.85,528386.3,0.695798251913238%,75939584.29
1091243,109,1243,BANK OF AFRICA,ACT,14780,209,3089020,4.06773361861394%,75939584.29
1091244,109,1244,ATW,ACT,18620,731,13611220,17.9237483682043%,75939584.29
1091246,109,1246,ARADEI CAPITAL,ACT,2213,440,973720,1.28222982664948%,75939584.29
1091250,109,1250,SOTHEMA,ACT,92,1730,159160,0.209587662992986%,75939584.29
1091252,109,1252,TGCC,ACT,4454,834.3,3715972.2,4.89332702403183%,75939584.29
1091258,109,1258,AKDITAL,ACT,2041,1119,2283879,3.00749473591831%,75939584.29
1091261,109,1261,HPS (VN 10),ACT,1736,520,902720,1.1887344504714%,75939584.29
1091271,109,1271,CMGP GROUP,ACT,2531,376,951656,1.25317515087493%,75939584.29
1091275,109,1275,VICENNE,ACT,242,420,101640,0.133843239925906%,75939584.29
1091276,109,1276,CASH PLUS,ACT,337,290,97730,0.128694410054691%,75939584.29
1091278,109,1278,SGTM,ACT,2330,835,1945550,2.56197083272182%,75939584.29
10980129,109,80129,Droit d ' Attribution BOA 1/48  2025,ACT,31,4.35,134.85,0.000177575372924128%,75939584.29
113003,113,003,PATRIMOINE OBLIGATIONS        ,OPC,197950,422.5,83633875,2.34119475489657%,3572273294.44
113008,113,008,ATTIJARI AL MOUCHARAKA    ,OPC,18152,1315.44,23877866.88,0.668422175793892%,3572273294.44
113068,113,068,FCP ATTIJARI VALEURS ESG,OPC,54798,175.72,9629104.56,0.269551172778047%,3572273294.44
113070,113,070,FCP ATTIJARI FIXED INCOME DISTRIBUTION,OPC,365000,108.49,39598850,1.10850561354398%,3572273294.44
113075,113,075,FCP WG MOMENTUM FACTOR FUND ,OPC,40591,174.67,7090029.97,0.198473895629294%,3572273294.44
113100964,113,100964,BSF WAFASALAF du 01/11/2024 à 3.43% 5ANS,TCN,58,101405.28,5881506.24,0.164643232900298%,3572273294.44
113100999,113,100999,BSF WAFASALAF du 28/07/2025 à 2.90%  5 ANS,TCN,550,99639.7,54801835,1.53408853363194%,3572273294.44
113101011,113,101011,BSF WAFABAIL du 06/10/2025 à 2.86% 4ans,TCN,200,99707.06,19941412,0.558227502667208%,3572273294.44
113101018,113,101018,BSF WAFASALAF du 10/11/2025 à 3.12%  5 ans,TCN,650,99627.31,64757751.5,1.81278827688775%,3572273294.44
113101023,113,101023,BSF WAFABAIL du 05/01/2026 à 2.94% 4ans,TCN,230,99366.52,22854299.6,0.639769069056703%,3572273294.44
113102,113,102,ATTIJARI ACTIONS              ,OPC,34000,905.18,30776120,0.861527589389673%,3572273294.44
1131035,113,1035,CREDIT EQDOM,ACT,6807,1380,9393660,0.262960283991166%,3572273294.44
1131038,113,1038,CDM,ACT,43422,1040,45158880,1.26414964023852%,3572273294.44
1131050,113,1050,CIMENTS DU MAROC,ACT,41195,1737,71555715,2.00308624514736%,3572273294.44
1131080,113,1080,SAMIR ,ACT,1512,0,0,0%,3572273294.44
1131081,113,1081,BMCI,ACT,27735,629,17445315,0.488353313481151%,3572273294.44
1131092,113,1092,WAFA ASSURANCE,ACT,42819,4900,209813100,5.87337761437681%,3572273294.44
113110,113,110,ATTIJARI SOLIDARITE ,OPC,3490,5420.53,18917649.7,0.529568936661258%,3572273294.44
1131105,113,1105,MANAGEM,ACT,34390,7550,259644500,7.26832687756894%,3572273294.44
113112,113,112,ATTIJARI OBLIGATIONS          ,OPC,117000,313.5,36679500,1.02678314274244%,3572273294.44
1131145,113,1145,CIH,ACT,234160,400,93664000,2.62197184481326%,3572273294.44
1131146,113,1146,RISMA,ACT,2366,370,875420,0.0245059637895715%,3572273294.44
1131148,113,1148,ITISSALAT AL MAGHRIB,ACT,1055659,106.85,112797164.15,3.1575737591399%,3572273294.44
1131151,113,1151,ADDOHA,ACT,224272,29.9,6705732.8,0.187716119324829%,3572273294.44
1131171,113,1171,ATLANTASANAD,ACT,26393,135,3563055,0.0997419487905825%,3572273294.44
1131179,113,1179,CMT,ACT,10872,2100,22831200,0.639122433200596%,3572273294.44
1131180,113,1180,LABEL VIE,ACT,12550,4280,53714000,1.50363635625533%,3572273294.44
1131185,113,1185,DELTA HOLDING,ACT,47687,68,3242716,0.0907745777750842%,3572273294.44
1131188,113,1188,BCP,ACT,226328,270,61108560,1.7106350764123%,3572273294.44
1131220,113,1220,TAQA MOROCCO ,ACT,71,1945,138095,0.00386574566439067%,3572273294.44
1131224,113,1224,COSUMAR,ACT,5619,202.95,1140376.05,0.0319229788990366%,3572273294.44
1131226,113,1226,TOTALENERGIES MARKETING MAROC,ACT,6811,1598,10883978,0.304679320502722%,3572273294.44
1131231,113,1231,SODEP-MARSA MAROC,ACT,181853,901,163849553,4.58670262588869%,3572273294.44
1131232,113,1232,LAFARGE-HOLCIM MAROC,ACT,16980,1799,30547020,0.855114306275065%,3572273294.44
1131239,113,1239,MUTANDIS,ACT,3200,244.85,783520,0.0219333722652042%,3572273294.44
1131243,113,1243,BANK OF AFRICA,ACT,412020,209,86112180,2.41057088588456%,3572273294.44
1131244,113,1244,ATW,ACT,580634,731,424443454,11.8816064454144%,3572273294.44
1131246,113,1246,ARADEI CAPITAL,ACT,11277,440,4961880,0.138899787082999%,3572273294.44
1131250,113,1250,SOTHEMA,ACT,500,1730,865000,0.0242142727810415%,3572273294.44
1131252,113,1252,TGCC,ACT,50967,834.3,42521768.1,1.19032796752091%,3572273294.44
1131258,113,1258,AKDITAL,ACT,41274,1119,46185606,1.29289117022163%,3572273294.44
1131262,113,1262,CFG BANK,ACT,34328,230,7895440,0.221020043799244%,3572273294.44
1131271,113,1271,CMGP GROUP,ACT,11046,376,4153296,0.116264788768102%,3572273294.44
1131276,113,1276,CASH PLUS,ACT,42920,290,12446800,0.348427988960772%,3572273294.44
1131278,113,1278,SGTM,ACT,32525,835,27158375,0.760254682704992%,3572273294.44
113153078,113,153078,CD CIH du 30/04/2025  à  2.92%   5 ans,TCN,125,101175.48,12646935,0.354030443854452%,3572273294.44
113153118,113,153118,"CD CAM du  17/10/2025 à   2,65%   3 ANS",TCN,100,100037.66,10003766,0.280039212441282%,3572273294.44
113201516,113,201516,BDT du 15/01/2018 ATYP jouiss 18/07/2018 à 3.70% 15 ans,OBL,38,106557.02,4049166.76,0.113349859494296%,3572273294.44
113201552,113,201552,BDT DU 17/06/2020 10 ANS 2.7%,OBL,60,101098.56,6065913.6,0.169805418007664%,3572273294.44
113201651,113,201651,BDT du 20/04/2021 ATYP 16/06/2021 à 2.30% 10 ans,OBL,208,98472.67,20482315.36,0.57336921539232%,3572273294.44
113201792,113,201792,BDT du 16/01/2023 atp  a 4.20%  10 ans,OBL,453,110402.31,50012246.43,1.40001176583664%,3572273294.44
113201808,113,201808,BDT DU 20/03/2023 à 4.90% 15 ans ,OBL,2003,119318.13,238994214.39,6.69025560731813%,3572273294.44
113201809,113,201809,BDT DU 20/03/2023 à 5.5 30 ans ,OBL,470,131399.42,61757727.4,1.72880746543445%,3572273294.44
113201821,113,201821,BDT DU 27/06/2023 à 4.30% 10 ans ,OBL,1200,111760.68,134112816,3.75427087867934%,3572273294.44
113201822,113,201822,BDT du 27/06/2023 ATYP 14/03/2024 à 4.75 % 15 ans ,OBL,340,119665.25,40686185,1.13894379423112%,3572273294.44
113201840,113,201840,BDT du 15/10/2024 à 3.50%  5 ANS ATYP 15/01/2024,OBL,20,103575.97,2071519.4,0.0579888275408317%,3572273294.44
113201853,113,201853,BDT du 14/09/2024  2 ans  à 3.25%  ATYP 27/05/2024,OBL,50,101802.42,5090121,0.142489685991339%,3572273294.44
113201854,113,201854,BDT du 15/02/2025  30ans à 4.90%  ATYP 04/06/2024,OBL,98,123692.92,12121906.16,0.339333112583153%,3572273294.44
113201865,113,201865,BDT DU 18/06/2025 à 3.55% 10 ANS,OBL,1000,108904.97,108904970,3.04861809340017%,3572273294.44
113201914,113,201914,BDT du 14/02/2026 à 3.80%   30 ANS ATYP 08/07/2025,OBL,600,98111.99,58867194,1.64789166863641%,3572273294.44
1135106,113,5106,OBLIGATION A1 MIFTTAH 09/12/2019 12 ANS AMORT,OBL,349,32551.56,11360494.44,0.318018625777648%,3572273294.44
1135116,113,5116,OBLIGATION A1 MIFTTAH 11/06/2021 12 ANS AMORT,OBL,304,55969.61,17014761.44,0.476300664523129%,3572273294.44
1135122,113,5122,OBLIGATION FT HYPOTHECA du  06/08/2021  12 ANS AMORT,OBL,136,43611.79,5931203.44,0.166034425452037%,3572273294.44
1135129,113,5129,OBLIGATION FT RELEVIUM C1 du 14/01/2022  10 ANS,OBL,223,105780.51,23589053.73,0.660337319843774%,3572273294.44
1135172,113,5172,OBLIGATION FT CORPORATE SYNTHETIC FUND  2 ANS,OBL,630,100544.53,63343053.9,1.7731861108888%,3572273294.44
11380129,113,80129,Droit d ' Attribution BOA 1/48  2025,ACT,8,4.35,34.8,0.000000974169587029185%,3572273294.44
1139070,113,9070,OBL SUB BOA 151008 100000 10 ANS 52s+100PB,OBL,13,101240.27,1316123.51,0.0368427441441408%,3572273294.44
1139240,113,9240,OBL FEC du 08/12/2014 à 4.32% Révisable 5 ans,OBL,544,26952.89,14662372.16,0.410449339999294%,3572273294.44
1139360,113,9360,OBL AL MADA DU 17/01/2018 à 4.08% 10 ANS,OBL,1060,101570.67,107664910.2,3.01390462951346%,3572273294.44
1139395,113,9395,OBL ANP du 04/06/2019 à 3.91% 15 ans TRANCH B ,OBL,251,61843,15522593,0.434529827943452%,3572273294.44
1139411,113,9411,OBL ONCF du 31/10/19 à 4.02% 30 ANS AMRT LIN 15ans,OBL,209,104064.87,21749557.83,0.608843614060876%,3572273294.44
1139425,113,9425,OBL SUB BCP du 26/12/2019 à 3.28% 10ans  Fixe,OBL,321,100108.67,32134883.07,0.899563958894628%,3572273294.44
1139452,113,9452,OBL ONDA du 09/06/2020 à 3.67% 10 ANS Trabche A,OBL,725,51145.98,37080835.5,1.03801787947506%,3572273294.44
1139499,113,9499,OBL SUB CDG CAPITAL  du 09/03/2021 à 3.14% 10 ans,OBL,272,100327.84,27289172.48,0.763916146126718%,3572273294.44
1139523,113,9523,OBL MANAGEM du 21/12/2021 à 3.22% 7 ANS,OBL,466,98933.12,46102833.92,1.29057410002073%,3572273294.44
1139644,113,9644,OBL OCP ORD SUB Fixe  DU 16/12/2024  10 ANS ,OBL,153,102621.92,15701153.76,0.439528346961521%,3572273294.44
113IE000YYE6WK5,113,IE000YYE6WK5,VANECK DEFENSE ETF,OPC,16250,58.48,950300,0.0266021080044205%,3572273294.44
113IE00BFXR7892,113,IE00BFXR7892,KRANESHARES CSI CHINA INTRNT,OPC,63500,25.385,1611947.5,0.0451238571950496%,3572273294.44
113IE00BQQP9F84,113,IE00BQQP9F84,VANECK GOLD MINERS UCITS ETF,OPC,4400,106.14,467016,0.0130733558579317%,3572273294.44
113US25459W4583,113,US25459W4583,DAILY SEMICONDUCTOR BULL3X SHS,OPC,3500,53.25,186375,0.00521726599949897%,3572273294.44
113US25459Y6941,113,US25459Y6941,DIREXION SHARES DAILY BULL 3X,OPC,8267,152.28,1258898.76,0.0352408300327803%,3572273294.44
113US46090E1038,113,US46090E1038,INVESCO QQQ TRUST SERIES 1,OPC,1193,597.03,712256.79,0.019938474223363%,3572273294.44
113US4642887602,113,US4642887602,i SHARES US AEROSPACE  ETF DJ,OPC,16361,226.18,3700530.98,0.103590365993543%,3572273294.44
113US46428Q1094,113,US46428Q1094,iShares Silver Trust,OPC,5500,66.69,366795,0.0102678314274244%,3572273294.44
113US74347X8314,113,US74347X8314,PROSHARES ULTRA PRO QQQ,OPC,3000,47.64,142920,0.00400081371776469%,3572273294.44
113US88636R5110,113,US88636R5110,DEFIANCE DAILY TARGET 2X LONG ORCL ETF,OPC,23500,8.17,191995,0.0053745887891284%,3572273294.44
113US92189F1066,113,US92189F1066,VANECK GOLD MINERS ETF,OPC,5000,92.44,462200,0.0129385397449681%,3572273294.44
113XS1061043367,113,XS1061043367,OBL OCP INTERNATIONAL à 6.875%  30 ANS,OBL,1623,1020.49,1656255.27,0.0463641813905405%,3572273294.44
113XS2080771806,113,XS2080771806,EUROBOND DU 27/11/2019 11 ans (2031),OBL,1120,1003.04,1123404.8,0.0314478962667415%,3572273294.44
113XS2239829216,113,XS2239829216,EUROBOND DU 30/09/2020 10 ans (2030),OBL,1900,1017.32,1932908,0.0541086260955577%,3572273294.44
113XS2270576619,113,XS2270576619,EUROBOND DU 15/12/2020 SEM (2027),OBL,160,1003.66,160585.6,0.00449533355272511%,3572273294.44
113XS2270577344,113,XS2270577344,EUROBOND MAROC 4 15/12/2025 ,OBL,2000,1006.15,2012300,0.0563310764361732%,3572273294.44
113XS2621506588,113,XS2621506588,OBL BNP PARIBAS 13 SEM ,OBL,1000,1041.33,1041330,0.0291503452891121%,3572273294.44
113XS2810168737,113,XS2810168737,OBL OCP INTERNATIONAL 6.75% 10 ANS,OBL,81,1018.72,82516.32,0.00230991061429793%,3572273294.44
113XS3040573191,113,XS3040573191,OBL OCP INTERNATIONAL à 6.70% écheance 01/03/2036 ,OBL,1136,1029.78,1169830.08,0.0327474967220666%,3572273294.44
113XS3041322051,113,XS3041322051,KINGDOM OF MOROCCO 4 3/4 04/02/35 au 26/03/2025 à 99.276,OBL,5587,1041.64,5819642.68,0.162911462822788%,3572273294.44
2011001,201,1001,SONASID,ACT,1308,1985,2596380,0.439866257103028%,590265781.49
2011003,201,1003,MAROC LEASING ,ACT,338,370.95,125381.1,0.021241465104669%,590265781.49
201101013,201,101013,BSF WAFASALAF du 10/10/2025 à 2.98%  5 ans,TCN,250,99289.06,24822265,4.20526918184915%,590265781.49
201101018,201,101018,BSF WAFASALAF du 10/11/2025 à 3.12%  5 ans,TCN,150,99627.31,14944096.5,2.5317572132128%,590265781.49
2011036,201,1036,SOCIETE DE BOISSONS DU MAROC,ACT,424,2209,936616,0.158676994223808%,590265781.49
2011038,201,1038,CDM,ACT,9745,1040,10134800,1.71698924752454%,590265781.49
2011050,201,1050,CIMENTS DU MAROC,ACT,7296,1737,12673152,2.14702467895214%,590265781.49
2011080,201,1080,SAMIR ,ACT,478,0,0,0%,590265781.49
2011081,201,1081,BMCI,ACT,3322,629,2089538,0.35399951437561%,590265781.49
2011092,201,1092,WAFA ASSURANCE,ACT,2959,4900,14499100,2.45636803871641%,590265781.49
2011095,201,1095,AFRIQUIA GAZ ,ACT,810,4099,3320190,0.562490678625972%,590265781.49
2011096,201,1096,AUTO-HALL ,ACT,8000,90.21,721680,0.122263567130433%,590265781.49
2011105,201,1105,MANAGEM,ACT,3808,7550,28750400,4.87075498895188%,590265781.49
2011145,201,1145,CIH,ACT,19978,400,7991200,1.35383080818744%,590265781.49
2011148,201,1148,ITISSALAT AL MAGHRIB,ACT,249040,106.85,26609924,4.5081258027238%,590265781.49
2011151,201,1151,ADDOHA,ACT,78314,29.9,2341588.6,0.396700719138616%,590265781.49
2011171,201,1171,ATLANTASANAD,ACT,9873,135,1332855,0.225805906728236%,590265781.49
2011172,201,1172,SNEP,ACT,250,458,114500,0.0193980412875992%,590265781.49
2011179,201,1179,CMT,ACT,35,2100,73500,0.0124520177697689%,590265781.49
2011180,201,1180,LABEL VIE,ACT,2441,4280,10447480,1.76996199468442%,590265781.49
2011181,201,1181,ALLIANCES,ACT,10001,498,4980498,0.84377210337821%,590265781.49
2011185,201,1185,DELTA HOLDING,ACT,19526,68,1327768,0.224944091566401%,590265781.49
2011188,201,1188,BCP,ACT,43101,270,11637270,1.97153051471562%,590265781.49
2011203,201,1203,LESIEUR,ACT,4000,344.95,1379800,0.233759103656151%,590265781.49
2011208,201,1208,JET CONTRACTORS,ACT,471,2600,1224600,0.207465863413047%,590265781.49
2011220,201,1220,TAQA MOROCCO ,ACT,155,1945,301475,0.0510744497570214%,590265781.49
2011224,201,1224,COSUMAR,ACT,35408,202.95,7186053.6,1.2174267635607%,590265781.49
2011226,201,1226,TOTALENERGIES MARKETING MAROC,ACT,4104,1598,6558192,1.11105746015723%,590265781.49
2011231,201,1231,SODEP-MARSA MAROC,ACT,38231,901,34446131,5.83569843961615%,590265781.49
2011232,201,1232,LAFARGE-HOLCIM MAROC,ACT,5327,1799,9583273,1.62355218623873%,590265781.49
2011238,201,1238,IMMORENT INVEST,ACT,91,91.5,8326.5,0.00141063572734668%,590265781.49
2011239,201,1239,MUTANDIS,ACT,4540,244.85,1111619,0.188325163826023%,590265781.49
2011243,201,1243,BANK OF AFRICA,ACT,55231,209,11543279,1.95560700992381%,590265781.49
2011244,201,1244,ATW,ACT,82234,731,60113054,10.1840655320147%,590265781.49
2011246,201,1246,ARADEI CAPITAL,ACT,7109,440,3127960,0.529923993239814%,590265781.49
2011250,201,1250,SOTHEMA,ACT,193,1730,333890,0.0565660437163012%,590265781.49
2011252,201,1252,TGCC,ACT,16791,834.3,14008731.3,2.37329212353085%,590265781.49
2011258,201,1258,AKDITAL,ACT,8540,1119,9556260,1.61897577323172%,590265781.49
2011261,201,1261,HPS (VN 10),ACT,7529,520,3915080,0.663274091565534%,590265781.49
2011262,201,1262,CFG BANK,ACT,8301,230,1909230,0.32345259709627%,590265781.49
2011271,201,1271,CMGP GROUP,ACT,5538,376,2082288,0.352771254119408%,590265781.49
2011275,201,1275,VICENNE,ACT,1837,420,771540,0.130710609388945%,590265781.49
2011276,201,1276,CASH PLUS,ACT,10480,290,3039200,0.51488669939975%,590265781.49
2011278,201,1278,SGTM,ACT,7634,835,6374390,1.079918606142%,590265781.49
201152444,201,152444,CD CIH du 22/11/2021 à 2.63%  7ans,TCN,52,99137.15,5155131.8,0.873357724885724%,590265781.49
201153078,201,153078,CD CIH du 30/04/2025  à  2.92%   5 ans,TCN,74,101175.48,7486985.52,1.2684092073067%,590265781.49
201201524,201,201524,BDT du 02/04/18 ATYP 16/08/18 à 3.95% 20 ANS,OBL,400,108898.56,43559424,7.37962886651561%,590265781.49
201201552,201,201552,BDT DU 17/06/2020 10 ANS 2.7%,OBL,135,101098.56,13648305.6,2.31223052868621%,590265781.49
201201651,201,201651,BDT du 20/04/2021 ATYP 16/06/2021 à 2.30% 10 ans,OBL,158,98472.67,15558681.86,2.63587731965852%,590265781.49
201201808,201,201808,BDT DU 20/03/2023 à 4.90% 15 ans ,OBL,283,119318.13,33767030.79,5.7206485364546%,590265781.49
201201809,201,201809,BDT DU 20/03/2023 à 5.5 30 ans ,OBL,56,131399.42,7358367.52,1.24661936211606%,590265781.49
201201837,201,201837,BDT du 18/09/2024 à 4%  10 ANS ATYP 02/01/2024,OBL,565,108473.11,61287307.15,10.3830018733753%,590265781.49
201201854,201,201854,BDT du 15/02/2025  30ans à 4.90%  ATYP 04/06/2024,OBL,70,123692.92,8658504.4,1.46688232174724%,590265781.49
201201862,201,201862,BDT du 15/04/2025  5 ans à 3.30%  ATYP 15/07/2024,OBL,150,106923.5,16038525,2.71717004490997%,590265781.49
201201868,201,201868,BDT du 16/11/2024 à 2.85%  2 ANS,OBL,50,100978.42,5048921,0.855364000138222%,590265781.49
20180129,201,80129,Droit d ' Attribution BOA 1/48  2025,ACT,8,4.35,34.8,0.00000589564922976813%,590265781.49
2019149,201,9149,OBLIG FEC du 20/01/2012 à 5.30% 15 ans,OBL,174,6804.49,1183981.26,0.200584431137325%,590265781.49
2019240,201,9240,OBL FEC du 08/12/2014 à 4.32% Révisable 5 ans,OBL,109,26952.89,2937865.01,0.497719011016357%,590265781.49
2019395,201,9395,OBL ANP du 04/06/2019 à 3.91% 15 ans TRANCH B ,OBL,122,61843,7544846,1.27821165254653%,590265781.49
2019411,201,9411,OBL ONCF du 31/10/19 à 4.02% 30 ANS AMRT LIN 15ans,OBL,16,104064.87,1665037.92,0.282082745131687%,590265781.49
2019425,201,9425,OBL SUB BCP du 26/12/2019 à 3.28% 10ans  Fixe,OBL,242,100108.67,24226298.14,4.10430333244897%,590265781.49
2019523,201,9523,OBL MANAGEM du 21/12/2021 à 3.22% 7 ANS,OBL,52,98933.12,5144522.24,0.871560304074167%,590265781.49
2051001,205,1001,SONASID,ACT,2068,1985,4104980,0.888855340983942%,461827680.02
2051035,205,1035,CREDIT EQDOM,ACT,1571,1380,2167980,0.469434833335696%,461827680.02
2051036,205,1036,SOCIETE DE BOISSONS DU MAROC,ACT,200,2209,441800,0.0956633868244682%,461827680.02
2051038,205,1038,CDM,ACT,7903,1040,8219120,1.77969410574179%,461827680.02
2051050,205,1050,CIMENTS DU MAROC,ACT,12514,1737,21736818,4.7066944967566%,461827680.02
2051080,205,1080,SAMIR ,ACT,1244,0,0,0%,461827680.02
2051092,205,1092,WAFA ASSURANCE,ACT,3836,4900,18796400,4.07000290653562%,461827680.02
2051095,205,1095,AFRIQUIA GAZ ,ACT,1217,4099,4988483,1.08016111112785%,461827680.02
2051105,205,1105,MANAGEM,ACT,5233,7550,39509150,8.554954955989%,461827680.02
2051145,205,1145,CIH,ACT,27851,400,11140400,2.41224172607358%,461827680.02
2051148,205,1148,ITISSALAT AL MAGHRIB,ACT,320310,106.85,34225123.5,7.41079952126686%,461827680.02
2051151,205,1151,ADDOHA,ACT,229402,29.9,6859119.8,1.48521193006512%,461827680.02
2051171,205,1171,ATLANTASANAD,ACT,12410,135,1675350,0.362765176813882%,461827680.02
2051179,205,1179,CMT,ACT,73,2100,153300,0.0331941991855839%,461827680.02
2051180,205,1180,LABEL VIE,ACT,3845,4280,16456600,3.56336372027058%,461827680.02
2051181,205,1181,ALLIANCES,ACT,17612,498,8770776,1.89914471987044%,461827680.02
2051185,205,1185,DELTA HOLDING,ACT,28133,68,1913044,0.414233291498932%,461827680.02
2051188,205,1188,BCP,ACT,65571,270,17704170,3.83350127459517%,461827680.02
2051208,205,1208,JET CONTRACTORS,ACT,3064,2600,7966400,1.72497239655601%,461827680.02
2051220,205,1220,TAQA MOROCCO ,ACT,1200,1945,2334000,0.505383306582863%,461827680.02
2051224,205,1224,COSUMAR,ACT,67599,202.95,13719217.05,2.97063550833633%,461827680.02
2051226,205,1226,TOTALENERGIES MARKETING MAROC,ACT,4569,1598,7301262,1.58094941379083%,461827680.02
2051231,205,1231,SODEP-MARSA MAROC,ACT,47613,901,42899313,9.28903027166804%,461827680.02
2051232,205,1232,LAFARGE-HOLCIM MAROC,ACT,8999,1799,16189201,3.50546355283402%,461827680.02
2051239,205,1239,MUTANDIS,ACT,10164,244.85,2488655.4,0.538870991858311%,461827680.02
2051243,205,1243,BANK OF AFRICA,ACT,99059,209,20703331,4.48291254415574%,461827680.02
2051244,205,1244,ATW,ACT,113875,731,83242625,18.0246071427323%,461827680.02
2051246,205,1246,ARADEI CAPITAL,ACT,6846,440,3012240,0.652243278243857%,461827680.02
2051250,205,1250,SOTHEMA,ACT,509,1730,880570,0.190670684780493%,461827680.02
2051252,205,1252,TGCC,ACT,28196,834.3,23523922.8,5.09365804989889%,461827680.02
2051253,205,1253,DISTY TECHNOLOGIES,ACT,2,324,648,0.000140312074835345%,461827680.02
2051258,205,1258,AKDITAL,ACT,15746,1119,17619774,3.81522692603374%,461827680.02
2051261,205,1261,HPS (VN 10),ACT,11937,520,6207240,1.34405975833479%,461827680.02
2051262,205,1262,CFG BANK,ACT,11325,230,2604750,0.564009069332353%,461827680.02
2051271,205,1271,CMGP GROUP,ACT,12442,376,4678192,1.01297349691067%,461827680.02
2051275,205,1275,VICENNE,ACT,1362,420,572040,0.123864381618535%,461827680.02
2051276,205,1276,CASH PLUS,ACT,8635,290,2504150,0.542226052776125%,461827680.02
2051278,205,1278,SGTM,ACT,11522,835,9620870,2.08321640651408%,461827680.02
20580129,205,80129,Droit d ' Attribution BOA 1/48  2025,ACT,10,4.35,43.5,0.00000941909761626159%,461827680.02
2071001,207,1001,SONASID,ACT,607,1985,1204895,3.41649615121364%,35266979.58
2071035,207,1035,CREDIT EQDOM,ACT,174,1380,240120,0.68086352406593%,35266979.58
2071038,207,1038,CDM,ACT,571,1040,593840,1.68384139235096%,35266979.58
2071050,207,1050,CIMENTS DU MAROC,ACT,1048,1737,1820376,5.16170089324105%,35266979.58
2071080,207,1080,SAMIR ,ACT,366,0,0,0%,35266979.58
2071081,207,1081,BMCI,ACT,255,629,160395,0.454802202825899%,35266979.58
2071092,207,1092,WAFA ASSURANCE,ACT,412,4900,2018800,5.72433484251333%,35266979.58
2071095,207,1095,AFRIQUIA GAZ ,ACT,136,4099,557464,1.5806967498746%,35266979.58
2071105,207,1105,MANAGEM,ACT,364,7550,2748200,7.79255845759616%,35266979.58
2071145,207,1145,CIH,ACT,2505,400,1002000,2.84118462066493%,35266979.58
2071148,207,1148,ITISSALAT AL MAGHRIB,ACT,25528,106.85,2727666.8,7.73433628987856%,35266979.58
2071151,207,1151,ADDOHA,ACT,14248,29.9,426015.2,1.20797189062824%,35266979.58
2071171,207,1171,ATLANTASANAD,ACT,1053,135,142155,0.403082434880861%,35266979.58
2071172,207,1172,SNEP,ACT,144,458,65952,0.187007792517059%,35266979.58
2071179,207,1179,CMT,ACT,89,2100,186900,0.529957490621033%,35266979.58
2071180,207,1180,LABEL VIE,ACT,324,4280,1386720,3.93206341034777%,35266979.58
2071181,207,1181,ALLIANCES,ACT,1003,498,499494,1.41632202686069%,35266979.58
2071185,207,1185,DELTA HOLDING,ACT,2698,68,183464,0.520214665913842%,35266979.58
2071188,207,1188,BCP,ACT,5668,270,1530360,4.33935658291495%,35266979.58
2071208,207,1208,JET CONTRACTORS,ACT,73,2600,189800,0.538180480042119%,35266979.58
2071220,207,1220,TAQA MOROCCO ,ACT,90,1945,175050,0.496356654538319%,35266979.58
2071224,207,1224,COSUMAR,ACT,6350,202.95,1288732.5,3.65421852210685%,35266979.58
2071226,207,1226,TOTALENERGIES MARKETING MAROC,ACT,623,1598,995554,2.82290690004137%,35266979.58
2071231,207,1231,SODEP-MARSA MAROC,ACT,3587,901,3231887,9.16405952108474%,35266979.58
2071232,207,1232,LAFARGE-HOLCIM MAROC,ACT,754,1799,1356446,3.84622107181882%,35266979.58
2071239,207,1239,MUTANDIS,ACT,345,244.85,84473.25,0.239525048660263%,35266979.58
2071243,207,1243,BANK OF AFRICA,ACT,4895,209,1023055,2.90088635937561%,35266979.58
2071244,207,1244,ATW,ACT,8681,731,6345811,17.993633352142%,35266979.58
2071246,207,1246,ARADEI CAPITAL,ACT,932,440,410080,1.16278741441345%,35266979.58
2071250,207,1250,SOTHEMA,ACT,45,1730,77850,0.22074473325226%,35266979.58
2071252,207,1252,TGCC,ACT,2157,834.3,1799585.1,5.10274801367041%,35266979.58
2071258,207,1258,AKDITAL,ACT,1174,1119,1313706,3.72503122083357%,35266979.58
2071261,207,1261,HPS (VN 10),ACT,1345,520,699400,1.98315820727849%,35266979.58
2071262,207,1262,CFG BANK,ACT,772,230,177560,0.503473793657948%,35266979.58
2071271,207,1271,CMGP GROUP,ACT,774,376,291024,0.825202508028333%,35266979.58
2071275,207,1275,VICENNE,ACT,142,420,59640,0.169110030715026%,35266979.58
2071276,207,1276,CASH PLUS,ACT,166,290,48140,0.13650162439003%,35266979.58
2071278,207,1278,SGTM,ACT,980,835,818300,2.32030077354302%,35266979.58
207201317,207,201317,BDT DU 06/01/2014 15 ANS 5.60%,OBL,2,113230.05,226460.1,0.642130691930381%,35266979.58
20780129,207,80129,Droit d ' Attribution BOA 1/48  2025,ACT,44,4.35,191.4,0.000542717301791684%,35266979.58
2091001,209,1001,SONASID,ACT,1575,1985,3126375,0.424706842828009%,736125412.81
2091006,209,1006,SMI,ACT,674,5300,3572200,0.485270571812471%,736125412.81
209101018,209,101018,BSF WAFASALAF du 10/11/2025 à 3.12%  5 ans,TCN,400,99627.31,39850924,5.41360525075173%,736125412.81
2091035,209,1035,CREDIT EQDOM,ACT,1805,1380,2490900,0.338379840806138%,736125412.81
2091036,209,1036,SOCIETE DE BOISSONS DU MAROC,ACT,875,2209,1932875,0.262574143802707%,736125412.81
2091038,209,1038,CDM,ACT,5644,1040,5869760,0.797385866301431%,736125412.81
2091050,209,1050,CIMENTS DU MAROC,ACT,8359,1737,14519583,1.97243333096933%,736125412.81
2091080,209,1080,SAMIR ,ACT,88,0,0,0%,736125412.81
2091081,209,1081,BMCI,ACT,3937,629,2476373,0.336406399902291%,736125412.81
2091092,209,1092,WAFA ASSURANCE,ACT,3574,4900,17512600,2.37902396728153%,736125412.81
2091095,209,1095,AFRIQUIA GAZ ,ACT,1066,4099,4369534,0.593585539089086%,736125412.81
2091105,209,1105,MANAGEM,ACT,3353,7550,25315150,3.4389724304402%,736125412.81
2091145,209,1145,CIH,ACT,26801,400,10720400,1.45632793182308%,736125412.81
2091148,209,1148,ITISSALAT AL MAGHRIB,ACT,306990,106.85,32801881.5,4.45601808186269%,736125412.81
2091151,209,1151,ADDOHA,ACT,232359,29.9,6947534.1,0.943797616425072%,736125412.81
2091171,209,1171,ATLANTASANAD,ACT,8369,135,1129815,0.153481319940739%,736125412.81
2091172,209,1172,SNEP,ACT,1378,458,631124,0.0857359342602805%,736125412.81
2091179,209,1179,CMT,ACT,127,2100,266700,0.0362302394889385%,736125412.81
2091180,209,1180,LABEL VIE,ACT,3715,4280,15900200,2.15998520405707%,736125412.81
2091181,209,1181,ALLIANCES,ACT,10264,498,5111472,0.694375158233983%,736125412.81
2091185,209,1185,DELTA HOLDING,ACT,21453,68,1458804,0.198173296915716%,736125412.81
2091188,209,1188,BCP,ACT,49581,270,13386870,1.81855832811131%,736125412.81
2091208,209,1208,JET CONTRACTORS,ACT,615,2600,1599000,0.217218421232893%,736125412.81
2091220,209,1220,TAQA MOROCCO ,ACT,795,1945,1546275,0.210055918881734%,736125412.81
2091224,209,1224,COSUMAR,ACT,52114,202.95,10576536.3,1.43678456360124%,736125412.81
2091226,209,1226,TOTALENERGIES MARKETING MAROC,ACT,5050,1598,8069900,1.09626700281884%,736125412.81
2091231,209,1231,SODEP-MARSA MAROC,ACT,40934,901,36881534,5.01022425774063%,736125412.81
2091232,209,1232,LAFARGE-HOLCIM MAROC,ACT,6058,1799,10898342,1.48050071500696%,736125412.81
2091238,209,1238,IMMORENT INVEST,ACT,5582,91.5,510753,0.069383965165706%,736125412.81
2091239,209,1239,MUTANDIS,ACT,10598,244.85,2594920.3,0.35251062588567%,736125412.81
2091243,209,1243,BANK OF AFRICA,ACT,65730,209,13737570,1.86619966665188%,736125412.81
2091244,209,1244,ATW,ACT,86967,731,63572877,8.63614757671852%,736125412.81
2091246,209,1246,ARADEI CAPITAL,ACT,6873,440,3024120,0.410815867428904%,736125412.81
2091250,209,1250,SOTHEMA,ACT,865,1730,1496450,0.20328737114069%,736125412.81
2091252,209,1252,TGCC,ACT,17503,834.3,14602752.9,1.98373166390998%,736125412.81
2091253,209,1253,DISTY TECHNOLOGIES,ACT,12,324,3888,0.000528170870389924%,736125412.81
2091258,209,1258,AKDITAL,ACT,12680,1119,14188920,1.92751394709182%,736125412.81
2091261,209,1261,HPS (VN 10),ACT,7772,520,4041440,0.549015144657576%,736125412.81
2091262,209,1262,CFG BANK,ACT,8052,230,1851960,0.251582130948386%,736125412.81
2091271,209,1271,CMGP GROUP,ACT,8809,376,3312184,0.449948329776641%,736125412.81
2091275,209,1275,VICENNE,ACT,2062,420,866040,0.117648431222348%,736125412.81
2091276,209,1276,CASH PLUS,ACT,3157,290,915530,0.124371470413603%,736125412.81
2091278,209,1278,SGTM,ACT,7723,835,6448705,0.876033470354387%,736125412.81
209201,209,201,Cdm OPTIMUM                   ,OPC,3207,6813.29,21850221.03,2.96827424373131%,736125412.81
209201344,209,201344,BDT du 19/02/15 à 5.65% ATYP 04/08/14 20 ANS,OBL,100,125359.65,12535965,1.70296593241451%,736125412.81
209201651,209,201651,BDT du 20/04/2021 ATYP 16/06/2021 à 2.30% 10 ans,OBL,212,98472.67,20876206.04,2.83595779696147%,736125412.81
209201792,209,201792,BDT du 16/01/2023 atp  a 4.20%  10 ans,OBL,290,110402.31,32016669.9,4.34934989919493%,736125412.81
209201808,209,201808,BDT DU 20/03/2023 à 4.90% 15 ans ,OBL,415,119318.13,49517023.95,6.72671029804275%,736125412.81
209201809,209,201809,BDT DU 20/03/2023 à 5.5 30 ans ,OBL,106,131399.42,13928338.52,1.89211488662395%,736125412.81
209201822,209,201822,BDT du 27/06/2023 ATYP 14/03/2024 à 4.75 % 15 ans ,OBL,336,119665.25,40207524,5.46204808315426%,736125412.81
209201837,209,201837,BDT du 18/09/2024 à 4%  10 ANS ATYP 02/01/2024,OBL,536,108473.11,58141586.96,7.89832628356859%,736125412.81
209201865,209,201865,BDT DU 18/06/2025 à 3.55% 10 ANS,OBL,250,108904.97,27226242.5,3.69858749965848%,736125412.81
209205,209,205,Cdm EXPANSION                 ,OPC,4906,7615.58,37362035.48,5.07549866229703%,736125412.81
2095116,209,5116,OBLIGATION A1 MIFTTAH 11/06/2021 12 ANS AMORT,OBL,218,55969.61,12201374.98,1.65751307693941%,736125412.81
20980129,209,80129,Droit d ' Attribution BOA 1/48  2025,ACT,29,4.35,126.15,0.0000171370255400435%,736125412.81
2099360,209,9360,OBL AL MADA DU 17/01/2018 à 4.08% 10 ANS,OBL,17,101570.67,1726701.39,0.234566197546243%,736125412.81
2099523,209,9523,OBL MANAGEM du 21/12/2021 à 3.22% 7 ANS,OBL,276,98933.12,27305541.12,3.70935993308083%,736125412.81
2099644,209,9644,OBL OCP ORD SUB Fixe  DU 16/12/2024  10 ANS ,OBL,76,102621.92,7799265.92,1.0595023326566%,736125412.81
