code_position,code_fonds,code_titre,description_titre,classe_titre,quantite_actif,cours,valo_titre_cv,actif_net,poids
001068,001,068,FCP ATTIJARI VALEURS ESG,OPC,80155,175.720000,14084836.600000,1105401326.260000,0.0127418307
001075,001,075,FCP WG MOMENTUM FACTOR FUND,OPC,30000,174.670000,5240100.000000,1105401326.260000,0.0047404503
0011001,001,1001,SONASID,ACT,5985,1985.000000,11880225.000000,1105401326.260000,0.0107474315
0011003,001,1003,MAROC LEASING,ACT,10828,370.950000,4016646.600000,1105401326.260000,0.0036336546
0011035,001,1035,CREDIT EQDOM,ACT,5459,1380.000000,7533420.000000,1105401326.260000,0.0068150995
0011036,001,1036,SOCIETE DE BOISSONS DU MAROC,ACT,374,2209.000000,826166.000000,1105401326.260000,0.0007473901
0011038,001,1038,CDM,ACT,18026,1040.000000,18747040.000000,1105401326.260000,0.0169594875
0011050,001,1050,CIMENTS DU MAROC,ACT,28533,1737.000000,49561821.000000,1105401326.260000,0.0448360426
0011080,001,1080,SAMIR,ACT,11363,0.000000,0.000000,1105401326.260000,0.0000000000
0011081,001,1081,BMCI,ACT,12458,629.000000,7836082.000000,1105401326.260000,0.0070889023
0011092,001,1092,WAFA ASSURANCE,ACT,12896,4900.000000,63190400.000000,1105401326.260000,0.0571651205
0011095,001,1095,AFRIQUIA GAZ,ACT,3263,4099.000000,13375037.000000,1105401326.260000,0.0120997114
0011099,001,1099,REBAB COMPANY,ACT,544,107.000000,58208.000000,1105401326.260000,0.0000526578
0011105,001,1105,MANAGEM,ACT,11547,7550.000000,87179850.000000,1105401326.260000,0.0788671480
0011142,001,1142,DARI,ACT,2249,4300.000000,9670700.000000,1105401326.260000,0.0087485873
0011145,001,1145,CIH,ACT,86850,400.000000,34740000.000000,1105401326.260000,0.0314274998
0011146,001,1146,RISMA,ACT,9299,370.000000,3440630.000000,1105401326.260000,0.0031125619
0011148,001,1148,ITISSALAT AL MAGHRIB,ACT,741206,106.850000,79197861.100000,1105401326.260000,0.0716462512
0011151,001,1151,ADDOHA,ACT,568822,29.900000,17007777.800000,1105401326.260000,0.0153860660
0011171,001,1171,ATLANTASANAD,ACT,11030,135.000000,1489050.000000,1105401326.260000,0.0013470673
0011172,001,1172,SNEP,ACT,6541,458.000000,2995778.000000,1105401326.260000,0.0027101270
0011179,001,1179,CMT,ACT,138,2100.000000,289800.000000,1105401326.260000,0.0002621672
0011180,001,1180,LABEL VIE,ACT,10811,4280.000000,46271080.000000,1105401326.260000,0.0418590777
0011181,001,1181,ALLIANCES,ACT,35101,498.000000,17480298.000000,1105401326.260000,0.0158135309
0011185,001,1185,DELTA HOLDING,ACT,70788,68.000000,4813584.000000,1105401326.260000,0.0043546031
0011188,001,1188,BCP,ACT,145426,270.000000,39265020.000000,1105401326.260000,0.0355210538
0011200,001,1200,SANLAM  MAROC,ACT,161,2095.000000,337295.000000,1105401326.260000,0.0003051335
0011208,001,1208,JET CONTRACTORS,ACT,2746,2600.000000,7139600.000000,1105401326.260000,0.0064588307
0011220,001,1220,TAQA MOROCCO,ACT,868,1945.000000,1688260.000000,1105401326.260000,0.0015272824
0011224,001,1224,COSUMAR,ACT,185957,202.950000,37739973.150000,1105401326.260000,0.0341414220
0011226,001,1226,TOTALENERGIES MARKETING MAROC,ACT,13481,1598.000000,21542638.000000,1105401326.260000,0.0194885219
0011231,001,1231,SODEP-MARSA MAROC,ACT,110825,901.000000,99853325.000000,1105401326.260000,0.0903321921
0011232,001,1232,LAFARGE-HOLCIM MAROC,ACT,22418,1799.000000,40329982.000000,1105401326.260000,0.0364844704
0011239,001,1239,MUTANDIS,ACT,21940,244.850000,5372009.000000,1105401326.260000,0.0048597816
0011243,001,1243,BANK OF AFRICA,ACT,232257,209.000000,48541713.000000,1105401326.260000,0.0439132031
0011244,001,1244,ATW,ACT,271764,731.000000,198659484.000000,1105401326.260000,0.1797170668
0011246,001,1246,ARADEI CAPITAL,ACT,20369,440.000000,8962360.000000,1105401326.260000,0.0081077884
0011250,001,1250,SOTHEMA,ACT,4418,1730.000000,7643140.000000,1105401326.260000,0.0069143575
0011252,001,1252,TGCC,ACT,65615,834.300000,54742594.500000,1105401326.260000,0.0495228232
0011258,001,1258,AKDITAL,ACT,36003,1119.000000,40287357.000000,1105401326.260000,0.0364459098
0011261,001,1261,HPS (VN 10),ACT,30547,520.000000,15884440.000000,1105401326.260000,0.0143698398
0011262,001,1262,CFG BANK,ACT,21973,230.000000,5053790.000000,1105401326.260000,0.0045719051
0011271,001,1271,CMGP GROUP,ACT,29797,376.000000,11203672.000000,1105401326.260000,0.0101353886
0011275,001,1275,VICENNE,ACT,2062,420.000000,866040.000000,1105401326.260000,0.0007834621
0011276,001,1276,CASH PLUS,ACT,3454,290.000000,1001660.000000,1105401326.260000,0.0009061505
0011278,001,1278,SGTM,ACT,30480,835.000000,25450800.000000,1105401326.260000,0.0230240361
00180039,001,80039,Droit d'attribution D.SALAF (CP57 1P5),ACT,1,5.250000,5.250000,1105401326.260000,0.0000000047
00180129,001,80129,Droit d ' Attribution BOA 1/48  2025,ACT,46,4.350000,200.100000,1105401326.260000,0.0000001810
001IE000YYE6WK5,001,IE000YYE6WK5,VANECK DEFENSE ETF,OPC,14750,58.480000,862580.000000,1105401326.260000,0.0007803320
001IE00BFXR7892,001,IE00BFXR7892,KRANESHARES CSI CHINA INTRNT,OPC,40470,25.385000,1027330.950000,1105401326.260000,0.0009293737
001IE00BQQP9F84,001,IE00BQQP9F84,VANECK GOLD MINERS UCITS ETF,OPC,8150,106.140000,865041.000000,1105401326.260000,0.0007825583
001US25459Y6941,001,US25459Y6941,DIREXION SHARES DAILY BULL 3X,OPC,1100,152.280000,167508.000000,1105401326.260000,0.0001515359
001US4642887602,001,US4642887602,i SHARES US AEROSPACE  ETF DJ,OPC,1865,226.180000,421825.700000,1105401326.260000,0.0003816041
001US88636R5110,001,US88636R5110,DEFIANCE DAILY TARGET 2X LONG ORCL ETF,OPC,5000,8.170000,40850.000000,1105401326.260000,0.0000369549
001US92189F1066,001,US92189F1066,VANECK GOLD MINERS ETF,OPC,700,92.440000,64708.000000,1105401326.260000,0.0000585380
004001,004,001,ATTIJARI PATRIMOINE VALEURS,OPC,439562,117.670000,51723260.540000,3044569591.800000,0.0169886938
004057,004,057,FCP ATTIJARI DIVIDEND FUND,OPC,10775,1117.240000,12038261.000000,3044569591.800000,0.0039540108
0041001,004,1001,SONASID,ACT,9083,1985.000000,18029755.000000,3044569591.800000,0.0059219389
004102,004,102,ATTIJARI ACTIONS,OPC,31500,905.180000,28513170.000000,3044569591.800000,0.0093652548
0041035,004,1035,CREDIT EQDOM,ACT,798,1380.000000,1101240.000000,3044569591.800000,0.0003617063
0041038,004,1038,CDM,ACT,45957,1040.000000,47795280.000000,3044569591.800000,0.0156985342
0041050,004,1050,CIMENTS DU MAROC,ACT,81429,1737.000000,141442173.000000,3044569591.800000,0.0464571982
0041080,004,1080,SAMIR,ACT,88775,0.000000,0.000000,3044569591.800000,0.0000000000
0041081,004,1081,BMCI,ACT,156,629.000000,98124.000000,3044569591.800000,0.0000322292
0041092,004,1092,WAFA ASSURANCE,ACT,35657,4900.000000,174719300.000000,3044569591.800000,0.0573871921
0041095,004,1095,AFRIQUIA GAZ,ACT,5000,4099.000000,20495000.000000,3044569591.800000,0.0067316576
0041105,004,1105,MANAGEM,ACT,38854,7550.000000,293347700.000000,3044569591.800000,0.0963511233
0041145,004,1145,CIH,ACT,238399,400.000000,95359600.000000,3044569591.800000,0.0313212088
0041148,004,1148,ITISSALAT AL MAGHRIB,ACT,2330033,106.850000,248964026.050000,3044569591.800000,0.0817731435
0041179,004,1179,CMT,ACT,5370,2100.000000,11277000.000000,3044569591.800000,0.0037039718
0041180,004,1180,LABEL VIE,ACT,17768,4280.000000,76047040.000000,3044569591.800000,0.0249779280
0041188,004,1188,BCP,ACT,131777,270.000000,35579790.000000,3044569591.800000,0.0116863119
0041224,004,1224,COSUMAR,ACT,361995,202.950000,73466885.250000,3044569591.800000,0.0241304667
0041226,004,1226,TOTALENERGIES MARKETING MAROC,ACT,73453,1598.000000,117377894.000000,3044569591.800000,0.0385531979
0041231,004,1231,SODEP-MARSA MAROC,ACT,313552,901.000000,282510352.000000,3044569591.800000,0.0927915567
0041232,004,1232,LAFARGE-HOLCIM MAROC,ACT,41186,1799.000000,74093614.000000,3044569591.800000,0.0243363181
0041238,004,1238,IMMORENT INVEST,ACT,6650,91.500000,608475.000000,3044569591.800000,0.0001998558
0041243,004,1243,BANK OF AFRICA,ACT,348983,209.000000,72937447.000000,3044569591.800000,0.0239565708
0041244,004,1244,ATW,ACT,787596,731.000000,575732676.000000,3044569591.800000,0.1891014998
0041252,004,1252,TGCC,ACT,177382,834.300000,147989802.600000,3044569591.800000,0.0486077911
0041258,004,1258,AKDITAL,ACT,59940,1119.000000,67072860.000000,3044569591.800000,0.0220303258
0041261,004,1261,HPS (VN 10),ACT,9850,520.000000,5122000.000000,3044569591.800000,0.0016823396
0041271,004,1271,CMGP GROUP,ACT,64555,376.000000,24272680.000000,3044569591.800000,0.0079724504
0041275,004,1275,VICENNE,ACT,2062,420.000000,866040.000000,3044569591.800000,0.0002844540
0041278,004,1278,SGTM,ACT,83468,835.000000,69695780.000000,3044569591.800000,0.0228918334
00480129,004,80129,Droit d ' Attribution BOA 1/48  2025,ACT,5,4.350000,21.750000,3044569591.800000,0.0000000071
004US46090E1038,004,US46090E1038,INVESCO QQQ TRUST SERIES 1,OPC,7879,597.030000,4703999.370000,3044569591.800000,0.0015450458
004XS0864259717,004,XS0864259717,EUROBOND DU 11/12/2012  SEM (2042),OBL,2000,1009.070000,2018140.000000,3044569591.800000,0.0006628655
004XS1061043367,004,XS1061043367,OBL OCP INTERNATIONAL à 6.875%  30 ANS,OBL,7755,1020.490000,7913899.950000,3044569591.800000,0.0025993493
004XS2355149316,004,XS2355149316,OBL OCP INTERNATIONAL  du 23/06/2021 à 3.75% 10 ans,OBL,7205,1004.950000,7240664.750000,3044569591.800000,0.0023782228
004XS3040572979,004,XS3040572979,OFFICE CHERIFIEN DES PHO à 6.10% écheance 30/04/2030,OBL,4354,1017.090000,4428409.860000,3044569591.800000,0.0014545274
0051038,005,1038,CDM,ACT,41023,1040.000000,42663920.000000,2238908215.730000,0.0190556807
0051050,005,1050,CIMENTS DU MAROC,ACT,62745,1737.000000,108988065.000000,2238908215.730000,0.0486791125
0051080,005,1080,SAMIR,ACT,251,0.000000,0.000000,2238908215.730000,0.0000000000
0051081,005,1081,BMCI,ACT,32527,629.000000,20459483.000000,2238908215.730000,0.0091381517
0051092,005,1092,WAFA ASSURANCE,ACT,24708,4900.000000,121069200.000000,2238908215.730000,0.0540751064
0051095,005,1095,AFRIQUIA GAZ,ACT,8157,4099.000000,33435543.000000,2238908215.730000,0.0149338605
0051105,005,1105,MANAGEM,ACT,19587,7550.000000,147881850.000000,2238908215.730000,0.0660508765
0051145,005,1145,CIH,ACT,122529,400.000000,49011600.000000,2238908215.730000,0.0218908483
0051148,005,1148,ITISSALAT AL MAGHRIB,ACT,1667714,106.850000,178195240.900000,2238908215.730000,0.0795902394
0051151,005,1151,ADDOHA,ACT,1042273,29.900000,31163962.700000,2238908215.730000,0.0139192677
0051171,005,1171,ATLANTASANAD,ACT,49395,135.000000,6668325.000000,2238908215.730000,0.0029783825
0051180,005,1180,LABEL VIE,ACT,20632,4280.000000,88304960.000000,2238908215.730000,0.0394410809
0051181,005,1181,ALLIANCES,ACT,56464,498.000000,28119072.000000,2238908215.730000,0.0125592786
0051185,005,1185,DELTA HOLDING,ACT,146280,68.000000,9947040.000000,2238908215.730000,0.0044428083
0051188,005,1188,BCP,ACT,359302,270.000000,97011540.000000,2238908215.730000,0.0433298423
0051208,005,1208,JET CONTRACTORS,ACT,7000,2600.000000,18200000.000000,2238908215.730000,0.0081289621
0051220,005,1220,TAQA MOROCCO,ACT,5781,1945.000000,11244045.000000,2238908215.730000,0.0050221107
0051224,005,1224,COSUMAR,ACT,374613,202.950000,76027708.350000,2238908215.730000,0.0339574922
0051226,005,1226,TOTALENERGIES MARKETING MAROC,ACT,28805,1598.000000,46030390.000000,2238908215.730000,0.0205593019
0051231,005,1231,SODEP-MARSA MAROC,ACT,232907,901.000000,209849207.000000,2238908215.730000,0.0937283652
0051232,005,1232,LAFARGE-HOLCIM MAROC,ACT,49983,1799.000000,89919417.000000,2238908215.730000,0.0401621721
0051243,005,1243,BANK OF AFRICA,ACT,282367,209.000000,59014703.000000,2238908215.730000,0.0263586969
0051244,005,1244,ATW,ACT,578134,731.000000,422615954.000000,2238908215.730000,0.1887598388
0051252,005,1252,TGCC,ACT,122103,834.300000,101870532.900000,2238908215.730000,0.0455000934
0051258,005,1258,AKDITAL,ACT,72813,1119.000000,81477747.000000,2238908215.730000,0.0363917317
0051271,005,1271,CMGP GROUP,ACT,50977,376.000000,19167352.000000,2238908215.730000,0.0085610262
0051275,005,1275,VICENNE,ACT,2062,420.000000,866040.000000,2238908215.730000,0.0003868135
0051278,005,1278,SGTM,ACT,62095,835.000000,51849325.000000,2238908215.730000,0.0231583075
00580129,005,80129,Droit d ' Attribution BOA 1/48  2025,ACT,29,4.350000,126.150000,2238908215.730000,0.0000000563
005XS2080771806,005,XS2080771806,EUROBOND DU 27/11/2019 11 ans (2031),OBL,11330,1003.040000,11364443.200000,2238908215.730000,0.0050758861
0081001,008,1001,SONASID,ACT,6716,1985.000000,13331260.000000,604148419.590000,0.0220662002
0081006,008,1006,SMI,ACT,1341,5300.000000,7107300.000000,604148419.590000,0.0117641622
0081034,008,1034,CTM SA,ACT,610,880.000000,536800.000000,604148419.590000,0.0008885234
0081050,008,1050,CIMENTS DU MAROC,ACT,21570,1737.000000,37467090.000000,604148419.590000,0.0620163668
0081080,008,1080,SAMIR,ACT,6706,0.000000,0.000000,604148419.590000,0.0000000000
0081095,008,1095,AFRIQUIA GAZ,ACT,2475,4099.000000,10145025.000000,604148419.590000,0.0167922727
0081096,008,1096,AUTO-HALL,ACT,57550,90.210000,5191585.500000,604148419.590000,0.0085932286
0081105,008,1105,MANAGEM,ACT,7151,7550.000000,53990050.000000,604148419.590000,0.0893655404
0081142,008,1142,DARI,ACT,2142,4300.000000,9210600.000000,604148419.590000,0.0152455915
0081148,008,1148,ITISSALAT AL MAGHRIB,ACT,446710,106.850000,47730963.500000,604148419.590000,0.0790053602
0081151,008,1151,ADDOHA,ACT,478633,29.900000,14311126.700000,604148419.590000,0.0236880976
0081163,008,1163,DISWAY,ACT,21058,880.000000,18531040.000000,604148419.590000,0.0306729926
0081172,008,1172,SNEP,ACT,2778,458.000000,1272324.000000,604148419.590000,0.0021059792
0081179,008,1179,CMT,ACT,4166,2100.000000,8748600.000000,604148419.590000,0.0144808787
0081181,008,1181,ALLIANCES,ACT,31592,498.000000,15732816.000000,604148419.590000,0.0260413095
0081185,008,1185,DELTA HOLDING,ACT,79180,68.000000,5384240.000000,604148419.590000,0.0089121147
0081193,008,1193,COLORADO,ACT,60838,85.000000,5171230.000000,604148419.590000,0.0085595358
0081203,008,1203,LESIEUR,ACT,343,344.950000,118317.850000,604148419.590000,0.0001958424
0081208,008,1208,JET CONTRACTORS,ACT,3705,2600.000000,9633000.000000,604148419.590000,0.0159447574
0081220,008,1220,TAQA MOROCCO,ACT,2773,1945.000000,5393485.000000,604148419.590000,0.0089274172
0081224,008,1224,COSUMAR,ACT,156253,202.950000,31711546.350000,604148419.590000,0.0524896620
0081226,008,1226,TOTALENERGIES MARKETING MAROC,ACT,10221,1598.000000,16333158.000000,604148419.590000,0.0270350091
0081231,008,1231,SODEP-MARSA MAROC,ACT,57896,901.000000,52164296.000000,604148419.590000,0.0863435115
0081232,008,1232,LAFARGE-HOLCIM MAROC,ACT,23289,1799.000000,41896911.000000,604148419.590000,0.0693487058
0081238,008,1238,IMMORENT INVEST,ACT,119849,91.500000,10966183.500000,604148419.590000,0.0181514726
0081239,008,1239,MUTANDIS,ACT,35612,244.850000,8719598.200000,604148419.590000,0.0144328743
0081246,008,1246,ARADEI CAPITAL,ACT,22949,440.000000,10097560.000000,604148419.590000,0.0167137075
0081250,008,1250,SOTHEMA,ACT,7466,1730.000000,12916180.000000,604148419.590000,0.0213791505
0081252,008,1252,TGCC,ACT,40762,834.300000,34007736.600000,604148419.590000,0.0562903676
0081258,008,1258,AKDITAL,ACT,24048,1119.000000,26909712.000000,604148419.590000,0.0445415582
0081261,008,1261,HPS (VN 10),ACT,33598,520.000000,17470960.000000,604148419.590000,0.0289183244
0081270,008,1270,STOKVIS NORD-AFRIQUE VN 10,ACT,30,92.600000,2778.000000,604148419.590000,0.0000045982
0081271,008,1271,CMGP GROUP,ACT,33259,376.000000,12505384.000000,604148419.590000,0.0206991918
0081275,008,1275,VICENNE,ACT,13029,420.000000,5472180.000000,604148419.590000,0.0090576749
0081276,008,1276,CASH PLUS,ACT,5289,290.000000,1533810.000000,604148419.590000,0.0025387967
0081278,008,1278,SGTM,ACT,24332,835.000000,20317220.000000,604148419.590000,0.0336295177
009003,009,003,PATRIMOINE OBLIGATIONS,OPC,2250,422.500000,950625.000000,56299905.720000,0.0168850194
009068,009,068,FCP ATTIJARI VALEURS ESG,OPC,28090,175.720000,4935974.800000,56299905.720000,0.0876728786
009070,009,070,FCP ATTIJARI FIXED INCOME DISTRIBUTION,OPC,49663,108.490000,5387938.870000,56299905.720000,0.0957006730
0091001,009,1001,SONASID,ACT,445,1985.000000,883325.000000,56299905.720000,0.0156896355
0091006,009,1006,SMI,ACT,47,5300.000000,249100.000000,56299905.720000,0.0044245190
0091035,009,1035,CREDIT EQDOM,ACT,353,1380.000000,487140.000000,56299905.720000,0.0086525900
0091038,009,1038,CDM,ACT,450,1040.000000,468000.000000,56299905.720000,0.0083126249
0091050,009,1050,CIMENTS DU MAROC,ACT,806,1737.000000,1400022.000000,56299905.720000,0.0248672175
0091080,009,1080,SAMIR,ACT,345,0.000000,0.000000,56299905.720000,0.0000000000
0091081,009,1081,BMCI,ACT,166,629.000000,104414.000000,56299905.720000,0.0018546035
0091092,009,1092,WAFA ASSURANCE,ACT,257,4900.000000,1259300.000000,56299905.720000,0.0223677106
0091095,009,1095,AFRIQUIA GAZ,ACT,143,4099.000000,586157.000000,56299905.720000,0.0104113318
0091096,009,1096,AUTO-HALL,ACT,2094,90.210000,188899.740000,56299905.720000,0.0033552408
0091105,009,1105,MANAGEM,ACT,244,7550.000000,1842200.000000,56299905.720000,0.0327211916
0091145,009,1145,CIH,ACT,2340,400.000000,936000.000000,56299905.720000,0.0166252499
0091146,009,1146,RISMA,ACT,1150,370.000000,425500.000000,56299905.720000,0.0075577391
0091148,009,1148,ITISSALAT AL MAGHRIB,ACT,19906,106.850000,2126956.100000,56299905.720000,0.0377790348
0091151,009,1151,ADDOHA,ACT,20305,29.900000,607119.500000,56299905.720000,0.0107836681
0091172,009,1172,SNEP,ACT,179,458.000000,81982.000000,56299905.720000,0.0014561658
0091180,009,1180,LABEL VIE,ACT,247,4280.000000,1057160.000000,56299905.720000,0.0187772961
0091181,009,1181,ALLIANCES,ACT,1431,498.000000,712638.000000,56299905.720000,0.0126578898
0091185,009,1185,DELTA HOLDING,ACT,2873,68.000000,195364.000000,56299905.720000,0.0034700591
0091188,009,1188,BCP,ACT,4738,270.000000,1279260.000000,56299905.720000,0.0227222405
0091208,009,1208,JET CONTRACTORS,ACT,65,2600.000000,169000.000000,56299905.720000,0.0030017812
0091220,009,1220,TAQA MOROCCO,ACT,35,1945.000000,68075.000000,56299905.720000,0.0012091494
0091224,009,1224,COSUMAR,ACT,5415,202.950000,1098974.250000,56299905.720000,0.0195200016
0091226,009,1226,TOTALENERGIES MARKETING MAROC,ACT,511,1598.000000,816578.000000,56299905.720000,0.0145040740
0091231,009,1231,SODEP-MARSA MAROC,ACT,2812,901.000000,2533612.000000,56299905.720000,0.0450020647
0091232,009,1232,LAFARGE-HOLCIM MAROC,ACT,796,1799.000000,1432004.000000,56299905.720000,0.0254352824
0091239,009,1239,MUTANDIS,ACT,969,244.850000,237259.650000,56299905.720000,0.0042142104
0091243,009,1243,BANK OF AFRICA,ACT,4751,209.000000,992959.000000,56299905.720000,0.0176369567
0091244,009,1244,ATW,ACT,6371,731.000000,4657201.000000,56299905.720000,0.0827212931
0091246,009,1246,ARADEI CAPITAL,ACT,759,440.000000,333960.000000,56299905.720000,0.0059318039
0091250,009,1250,SOTHEMA,ACT,181,1730.000000,313130.000000,56299905.720000,0.0055618210
0091252,009,1252,TGCC,ACT,1869,834.300000,1559306.700000,56299905.720000,0.0276964354
0091258,009,1258,AKDITAL,ACT,975,1119.000000,1091025.000000,56299905.720000,0.0193788069
0091261,009,1261,HPS (VN 10),ACT,984,520.000000,511680.000000,56299905.720000,0.0090884699
0091262,009,1262,CFG BANK,ACT,1160,230.000000,266800.000000,56299905.720000,0.0047389067
0091271,009,1271,CMGP GROUP,ACT,1300,376.000000,488800.000000,56299905.720000,0.0086820749
0091275,009,1275,VICENNE,ACT,283,420.000000,118860.000000,56299905.720000,0.0021111936
0091276,009,1276,CASH PLUS,ACT,539,290.000000,156310.000000,56299905.720000,0.0027763812
0091278,009,1278,SGTM,ACT,775,835.000000,647125.000000,56299905.720000,0.0114942466
009201379,009,201379,BDT DU 05/08/2015 15 ANS à 4%,OBL,16,106747.260000,1707956.160000,56299905.720000,0.0303367499
009201630,009,201630,BDT du 20/04/2021 ATYP 18/01/2021 à 2.05% 5 ans,OBL,40,101597.410000,4063896.400000,56299905.720000,0.0721830054
009201808,009,201808,BDT DU 20/03/2023 à 4.90% 15 ans,OBL,32,119318.130000,3818180.160000,56299905.720000,0.0678185889
009201862,009,201862,BDT du 15/04/2025  5 ans à 3.30%  ATYP 15/07/2024,OBL,35,106923.500000,3742322.500000,56299905.720000,0.0664712037
00980037,009,80037,Droit d'attribution OULMES (CP34 7P3),ACT,1,2882.000000,2882.000000,56299905.720000,0.0000511901
00980129,009,80129,Droit d ' Attribution BOA 1/48  2025,ACT,47,4.350000,204.450000,56299905.720000,0.0000036314
0099240,009,9240,OBL FEC du 08/12/2014 à 4.32% Révisable 5 ans,OBL,21,26952.890000,566010.690000,56299905.720000,0.0100534927
0099411,009,9411,OBL ONCF du 31/10/19 à 4.02% 30 ANS AMRT LIN 15ans,OBL,4,104064.870000,416259.480000,56299905.720000,0.0073936088
0099523,009,9523,OBL MANAGEM du 21/12/2021 à 3.22% 7 ANS,OBL,20,98933.120000,1978662.400000,56299905.720000,0.0351450393
0121035,012,1035,CREDIT EQDOM,ACT,824,1380.000000,1137120.000000,283093007.710000,0.0040167718
0121038,012,1038,CDM,ACT,3806,1040.000000,3958240.000000,283093007.710000,0.0139821186
0121050,012,1050,CIMENTS DU MAROC,ACT,3913,1737.000000,6796881.000000,283093007.710000,0.0240093567
0121081,012,1081,BMCI,ACT,5898,629.000000,3709842.000000,283093007.710000,0.0131046755
0121092,012,1092,WAFA ASSURANCE,ACT,2220,4900.000000,10878000.000000,283093007.710000,0.0384255340
0121105,012,1105,MANAGEM,ACT,1743,7550.000000,13159650.000000,283093007.710000,0.0464852527
0121145,012,1145,CIH,ACT,12989,400.000000,5195600.000000,283093007.710000,0.0183529789
0121148,012,1148,ITISSALAT AL MAGHRIB,ACT,86909,106.850000,9286226.650000,283093007.710000,0.0328027411
0121180,012,1180,LABEL VIE,ACT,1535,4280.000000,6569800.000000,283093007.710000,0.0232072140
0121185,012,1185,DELTA HOLDING,ACT,9766,68.000000,664088.000000,283093007.710000,0.0023458298
0121188,012,1188,BCP,ACT,10856,270.000000,2931120.000000,283093007.710000,0.0103539117
0121224,012,1224,COSUMAR,ACT,3247,202.950000,658978.650000,283093007.710000,0.0023277814
0121226,012,1226,TOTALENERGIES MARKETING MAROC,ACT,5721,1598.000000,9142158.000000,283093007.710000,0.0322938319
0121231,012,1231,SODEP-MARSA MAROC,ACT,19464,901.000000,17537064.000000,283093007.710000,0.0619480648
0121238,012,1238,IMMORENT INVEST,ACT,778,91.500000,71187.000000,283093007.710000,0.0002514615
0121244,012,1244,ATW,ACT,40406,731.000000,29536786.000000,283093007.710000,0.1043359786
0121246,012,1246,ARADEI CAPITAL,ACT,2536,440.000000,1115840.000000,283093007.710000,0.0039416021
0121250,012,1250,SOTHEMA,ACT,1988,1730.000000,3439240.000000,283093007.710000,0.0121487988
0121252,012,1252,TGCC,ACT,10244,834.300000,8546569.200000,283093007.710000,0.0301899693
0121258,012,1258,AKDITAL,ACT,3601,1119.000000,4029519.000000,283093007.710000,0.0142339051
0121271,012,1271,CMGP GROUP,ACT,11641,376.000000,4377016.000000,283093007.710000,0.0154614063
0121275,012,1275,VICENNE,ACT,1181,420.000000,496020.000000,283093007.710000,0.0017521450
0121276,012,1276,CASH PLUS,ACT,1309,290.000000,379610.000000,283093007.710000,0.0013409374
0121278,012,1278,SGTM,ACT,3995,835.000000,3335825.000000,283093007.710000,0.0117834949
012152398,012,152398,CD CIH du 25/06/2021 à 2.61%  7ans,TCN,50,100476.740000,5023837.000000,283093007.710000,0.0177462419
012201554,012,201554,BDT du 16/07/2020 à 3% ATYP 20/01/2020 15 ans,OBL,123,100787.010000,12396802.230000,283093007.710000,0.0437905631
012201651,012,201651,BDT du 20/04/2021 ATYP 16/06/2021 à 2.30% 10 ans,OBL,200,98472.670000,19694534.000000,283093007.710000,0.0695691291
012201792,012,201792,BDT du 16/01/2023 atp  a 4.20%  10 ans,OBL,127,110402.310000,14021093.370000,283093007.710000,0.0495282221
012201808,012,201808,BDT DU 20/03/2023 à 4.90% 15 ans,OBL,274,119318.130000,32693167.620000,283093007.710000,0.1154856062
012201837,012,201837,BDT du 18/09/2024 à 4%  10 ANS ATYP 02/01/2024,OBL,98,108473.110000,10630364.780000,283093007.710000,0.0375507854
012201862,012,201862,BDT du 15/04/2025  5 ans à 3.30%  ATYP 15/07/2024,OBL,31,106923.500000,3314628.500000,283093007.710000,0.0117086202
0125106,012,5106,OBLIGATION A1 MIFTTAH 09/12/2019 12 ANS AMORT,OBL,105,32551.560000,3417913.800000,283093007.710000,0.0120734660
0125116,012,5116,OBLIGATION A1 MIFTTAH 11/06/2021 12 ANS AMORT,OBL,130,55969.610000,7276049.300000,283093007.710000,0.0257019746
0129395,012,9395,OBL ANP du 04/06/2019 à 3.91% 15 ans TRANCH B,OBL,94,61843.000000,5813242.000000,283093007.710000,0.0205347424
0129411,012,9411,OBL ONCF du 31/10/19 à 4.02% 30 ANS AMRT LIN 15ans,OBL,64,104064.870000,6660151.680000,283093007.710000,0.0235263730
0129425,012,9425,OBL SUB BCP du 26/12/2019 à 3.28% 10ans  Fixe,OBL,52,100108.670000,5205650.840000,283093007.710000,0.0183884826
0129523,012,9523,OBL MANAGEM du 21/12/2021 à 3.22% 7 ANS,OBL,70,98933.120000,6925318.400000,283093007.710000,0.0244630500
0129644,012,9644,OBL OCP ORD SUB Fixe  DU 16/12/2024  10 ANS,OBL,30,102621.920000,3078657.600000,283093007.710000,0.0108750747
012IE000YYE6WK5,012,IE000YYE6WK5,VANECK DEFENSE ETF,OPC,8250,58.480000,482460.000000,283093007.710000,0.0017042456
012IE00BFXR7892,012,IE00BFXR7892,KRANESHARES CSI CHINA INTRNT,OPC,2930,25.385000,74378.050000,283093007.710000,0.0002627336
012IE00BQQP9F84,012,IE00BQQP9F84,VANECK GOLD MINERS UCITS ETF,OPC,3450,106.140000,366183.000000,283093007.710000,0.0012935078
012US25459Y6941,012,US25459Y6941,DIREXION SHARES DAILY BULL 3X,OPC,2533,152.280000,385725.240000,283093007.710000,0.0013625389
012US46090E1038,012,US46090E1038,INVESCO QQQ TRUST SERIES 1,OPC,20,597.030000,11940.600000,283093007.710000,0.0000421791
012US4642887602,012,US4642887602,i SHARES US AEROSPACE  ETF DJ,OPC,1474,226.180000,333389.320000,283093007.710000,0.0011776671
012US46428Q1094,012,US46428Q1094,iShares Silver Trust,OPC,500,66.690000,33345.000000,283093007.710000,0.0001177881
012US74347X8314,012,US74347X8314,PROSHARES ULTRA PRO QQQ,OPC,200,47.640000,9528.000000,283093007.710000,0.0000336568
012US88636R5110,012,US88636R5110,DEFIANCE DAILY TARGET 2X LONG ORCL ETF,OPC,6000,8.170000,49020.000000,283093007.710000,0.0001731586
012US92189F1066,012,US92189F1066,VANECK GOLD MINERS ETF,OPC,1300,92.440000,120172.000000,283093007.710000,0.0004244965
012XS2239829216,012,XS2239829216,EUROBOND DU 30/09/2020 10 ans (2030),OBL,570,1017.320000,579872.400000,283093007.710000,0.0020483459
015068,015,068,FCP ATTIJARI VALEURS ESG,OPC,97007,175.720000,17046070.040000,1206640178.390000,0.0141268875
015070,015,070,FCP ATTIJARI FIXED INCOME DISTRIBUTION,OPC,365000,108.490000,39598850.000000,1206640178.390000,0.0328174469
015075,015,075,FCP WG MOMENTUM FACTOR FUND,OPC,30000,174.670000,5240100.000000,1206640178.390000,0.0043427196
0151001,015,1001,SONASID,ACT,4813,1985.000000,9553805.000000,1206640178.390000,0.0079176918
0151006,015,1006,SMI,ACT,284,5300.000000,1505200.000000,1206640178.390000,0.0012474307
0151034,015,1034,CTM SA,ACT,609,880.000000,535920.000000,1206640178.390000,0.0004441423
0151035,015,1035,CREDIT EQDOM,ACT,3680,1380.000000,5078400.000000,1206640178.390000,0.0042087112
0151038,015,1038,CDM,ACT,10884,1040.000000,11319360.000000,1206640178.390000,0.0093808910
0151050,015,1050,CIMENTS DU MAROC,ACT,18341,1737.000000,31858317.000000,1206640178.390000,0.0264024997
0151080,015,1080,SAMIR,ACT,39,0.000000,0.000000,1206640178.390000,0.0000000000
0151081,015,1081,BMCI,ACT,8084,629.000000,5084836.000000,1206640178.390000,0.0042140450
0151092,015,1092,WAFA ASSURANCE,ACT,12836,4900.000000,62896400.000000,1206640178.390000,0.0521252326
0151095,015,1095,AFRIQUIA GAZ,ACT,1970,4099.000000,8075030.000000,1206640178.390000,0.0066921607
015110,015,110,ATTIJARI SOLIDARITE,OPC,3490,5420.530000,18917649.700000,1206640178.390000,0.0156779544
0151105,015,1105,MANAGEM,ACT,9410,7550.000000,71045500.000000,1206640178.390000,0.0588787787
015112,015,112,ATTIJARI OBLIGATIONS,OPC,110120,313.500000,34522620.000000,1206640178.390000,0.0286105341
0151145,015,1145,CIH,ACT,65491,400.000000,26196400.000000,1206640178.390000,0.0217102003
0151148,015,1148,ITISSALAT AL MAGHRIB,ACT,443485,106.850000,47386372.250000,1206640178.390000,0.0392713363
0151151,015,1151,ADDOHA,ACT,370025,29.900000,11063747.500000,1206640178.390000,0.0091690528
0151171,015,1171,ATLANTASANAD,ACT,1246,135.000000,168210.000000,1206640178.390000,0.0001394036
0151172,015,1172,SNEP,ACT,1382,458.000000,632956.000000,1206640178.390000,0.0005245607
0151179,015,1179,CMT,ACT,1810,2100.000000,3801000.000000,1206640178.390000,0.0031500691
0151180,015,1180,LABEL VIE,ACT,7282,4280.000000,31166960.000000,1206640178.390000,0.0258295394
0151181,015,1181,ALLIANCES,ACT,29824,498.000000,14852352.000000,1206640178.390000,0.0123088492
0151185,015,1185,DELTA HOLDING,ACT,20718,68.000000,1408824.000000,1206640178.390000,0.0011675593
0151188,015,1188,BCP,ACT,85656,270.000000,23127120.000000,1206640178.390000,0.0191665423
0151200,015,1200,SANLAM  MAROC,ACT,500,2095.000000,1047500.000000,1206640178.390000,0.0008681130
0151203,015,1203,LESIEUR,ACT,167434,344.950000,57756358.300000,1206640178.390000,0.0478654361
0151208,015,1208,JET CONTRACTORS,ACT,1191,2600.000000,3096600.000000,1206640178.390000,0.0025662994
0151224,015,1224,COSUMAR,ACT,80566,202.950000,16350869.700000,1206640178.390000,0.0135507420
0151226,015,1226,TOTALENERGIES MARKETING MAROC,ACT,9071,1598.000000,14495458.000000,1206640178.390000,0.0120130742
0151231,015,1231,SODEP-MARSA MAROC,ACT,57475,901.000000,51784975.000000,1206640178.390000,0.0429166672
0151232,015,1232,LAFARGE-HOLCIM MAROC,ACT,11239,1799.000000,20218961.000000,1206640178.390000,0.0167564129
0151238,015,1238,IMMORENT INVEST,ACT,26688,91.500000,2441952.000000,1206640178.390000,0.0020237616
0151239,015,1239,MUTANDIS,ACT,31650,244.850000,7749502.500000,1206640178.390000,0.0064223806
0151243,015,1243,BANK OF AFRICA,ACT,120492,209.000000,25182828.000000,1206640178.390000,0.0208702051
0151244,015,1244,ATW,ACT,127168,731.000000,92959808.000000,1206640178.390000,0.0770402061
0151246,015,1246,ARADEI CAPITAL,ACT,8867,440.000000,3901480.000000,1206640178.390000,0.0032333417
0151250,015,1250,SOTHEMA,ACT,3592,1730.000000,6214160.000000,1206640178.390000,0.0051499694
0151252,015,1252,TGCC,ACT,28796,834.300000,24024502.800000,1206640178.390000,0.0199102460
0151258,015,1258,AKDITAL,ACT,19306,1119.000000,21603414.000000,1206640178.390000,0.0179037748
0151261,015,1261,HPS (VN 10),ACT,15864,520.000000,8249280.000000,1206640178.390000,0.0068365700
0151262,015,1262,CFG BANK,ACT,21536,230.000000,4953280.000000,1206640178.390000,0.0041050183
0151271,015,1271,CMGP GROUP,ACT,8486,376.000000,3190736.000000,1206640178.390000,0.0026443144
0151275,015,1275,VICENNE,ACT,2062,420.000000,866040.000000,1206640178.390000,0.0007177285
0151276,015,1276,CASH PLUS,ACT,6213,290.000000,1801770.000000,1206640178.390000,0.0014932123
0151278,015,1278,SGTM,ACT,13740,835.000000,11472900.000000,1206640178.390000,0.0095081369
015201808,015,201808,BDT DU 20/03/2023 à 4.90% 15 ans,OBL,1260,119318.130000,150340843.800000,1206640178.390000,0.1245945946
015201822,015,201822,BDT du 27/06/2023 ATYP 14/03/2024 à 4.75 % 15 ans,OBL,180,119665.250000,21539745.000000,1206640178.390000,0.0178510093
015201854,015,201854,BDT du 15/02/2025  30ans à 4.90%  ATYP 04/06/2024,OBL,28,123692.920000,3463401.760000,1206640178.390000,0.0028702855
0155116,015,5116,OBLIGATION A1 MIFTTAH 11/06/2021 12 ANS AMORT,OBL,543,55969.610000,30391498.230000,1206640178.390000,0.0251868774
0155129,015,5129,OBLIGATION FT RELEVIUM C1 du 14/01/2022  10 ANS,OBL,202,105780.510000,21367663.020000,1206640178.390000,0.0177083968
0155172,015,5172,OBLIGATION FT CORPORATE SYNTHETIC FUND  2 ANS,OBL,400,100544.530000,40217812.000000,1206640178.390000,0.0333304101
01580129,015,80129,Droit d ' Attribution BOA 1/48  2025,ACT,3,4.350000,13.050000,1206640178.390000,0.0000000108
0159240,015,9240,OBL FEC du 08/12/2014 à 4.32% Révisable 5 ans,OBL,560,26952.890000,15093618.400000,1206640178.390000,0.0125087981
0159411,015,9411,OBL ONCF du 31/10/19 à 4.02% 30 ANS AMRT LIN 15ans,OBL,64,104064.870000,6660151.680000,1206640178.390000,0.0055195839
0159499,015,9499,OBL SUB CDG CAPITAL  du 09/03/2021 à 3.14% 10 ans,OBL,228,100327.840000,22874747.520000,1206640178.390000,0.0189573892
0159523,015,9523,OBL MANAGEM du 21/12/2021 à 3.22% 7 ANS,OBL,154,98933.120000,15235700.480000,1206640178.390000,0.0126265483
0159644,015,9644,OBL OCP ORD SUB Fixe  DU 16/12/2024  10 ANS,OBL,114,102621.920000,11698898.880000,1206640178.390000,0.0096954329
015IE000YYE6WK5,015,IE000YYE6WK5,VANECK DEFENSE ETF,OPC,8250,58.480000,482460.000000,1206640178.390000,0.0003998375
015IE00BFXR7892,015,IE00BFXR7892,KRANESHARES CSI CHINA INTRNT,OPC,3100,25.385000,78693.500000,1206640178.390000,0.0000652170
015IE00BQQP9F84,015,IE00BQQP9F84,VANECK GOLD MINERS UCITS ETF,OPC,4750,106.140000,504165.000000,1206640178.390000,0.0004178255
015US25459W4583,015,US25459W4583,DAILY SEMICONDUCTOR BULL3X SHS,OPC,1500,53.250000,79875.000000,1206640178.390000,0.0000661962
015US25459Y6941,015,US25459Y6941,DIREXION SHARES DAILY BULL 3X,OPC,4600,152.280000,700488.000000,1206640178.390000,0.0005805277
015US46090E1038,015,US46090E1038,INVESCO QQQ TRUST SERIES 1,OPC,236,597.030000,140899.080000,1206640178.390000,0.0001167698
015US4642887602,015,US4642887602,i SHARES US AEROSPACE  ETF DJ,OPC,3500,226.180000,791630.000000,1206640178.390000,0.0006560614
015US46428Q1094,015,US46428Q1094,iShares Silver Trust,OPC,4000,66.690000,266760.000000,1206640178.390000,0.0002210767
015US74347X8314,015,US74347X8314,PROSHARES ULTRA PRO QQQ,OPC,1800,47.640000,85752.000000,1206640178.390000,0.0000710668
015US88636R5110,015,US88636R5110,DEFIANCE DAILY TARGET 2X LONG ORCL ETF,OPC,10500,8.170000,85785.000000,1206640178.390000,0.0000710941
015US92189F1066,015,US92189F1066,VANECK GOLD MINERS ETF,OPC,3000,92.440000,277320.000000,1206640178.390000,0.0002298282
015XS1061043367,015,XS1061043367,OBL OCP INTERNATIONAL à 6.875%  30 ANS,OBL,1875,1020.490000,1913418.750000,1206640178.390000,0.0015857410
015XS2080771806,015,XS2080771806,EUROBOND DU 27/11/2019 11 ans (2031),OBL,1600,1003.040000,1604864.000000,1206640178.390000,0.0013300270
015XS2270576965,015,XS2270576965,EUROBOND DU 15/12/2020 SEM (2032),OBL,1418,1004.620000,1424551.160000,1206640178.390000,0.0011805932
015XS3040573191,015,XS3040573191,OBL OCP INTERNATIONAL à 6.70% écheance 01/03/2036,OBL,1021,1029.780000,1051405.380000,1206640178.390000,0.0008713496
015XS3041270664,015,XS3041270664,KINGDOM OF MOROCCO 3 7/8 04/02/29 au 26/03/2025 à 99.775,OBL,1150,1033.970000,1189065.500000,1206640178.390000,0.0009854350
015XS3041322051,015,XS3041322051,KINGDOM OF MOROCCO 4 3/4 04/02/35 au 26/03/2025 à 99.276,OBL,271,1041.640000,282284.440000,1206640178.390000,0.0002339425
016056,016,056,FCP WG MONETAIRE,OPC,45191,1216.920000,54993831.720000,2665007584.690000,0.0206355254
0161001,016,1001,SONASID,ACT,7192,1985.000000,14276120.000000,2665007584.690000,0.0053568778
0161006,016,1006,SMI,ACT,2508,5300.000000,13292400.000000,2665007584.690000,0.0049877532
016100964,016,100964,BSF WAFASALAF du 01/11/2024 à 3.43% 5ANS,TCN,375,101405.280000,38026980.000000,2665007584.690000,0.0142689950
016100999,016,100999,BSF WAFASALAF du 28/07/2025 à 2.90%  5 ANS,TCN,700,99639.700000,69747790.000000,2665007584.690000,0.0261717041
016101000,016,101000,"BSF SAHAMLEASE du 01/08/2025 à 3,00%  5 ans",TCN,400,99651.400000,39860560.000000,2665007584.690000,0.0149570156
0161035,016,1035,CREDIT EQDOM,ACT,7050,1380.000000,9729000.000000,2665007584.690000,0.0036506463
0161036,016,1036,SOCIETE DE BOISSONS DU MAROC,ACT,3619,2209.000000,7994371.000000,2665007584.690000,0.0029997554
0161038,016,1038,CDM,ACT,22986,1040.000000,23905440.000000,2665007584.690000,0.0089701208
0161050,016,1050,CIMENTS DU MAROC,ACT,39235,1737.000000,68151195.000000,2665007584.690000,0.0255726083
0161080,016,1080,SAMIR,ACT,22274,0.000000,0.000000,2665007584.690000,0.0000000000
0161081,016,1081,BMCI,ACT,16569,629.000000,10421901.000000,2665007584.690000,0.0039106459
0161092,016,1092,WAFA ASSURANCE,ACT,14596,4900.000000,71520400.000000,2665007584.690000,0.0268368467
0161095,016,1095,AFRIQUIA GAZ,ACT,5171,4099.000000,21195929.000000,2665007584.690000,0.0079534216
0161096,016,1096,AUTO-HALL,ACT,67904,90.210000,6125619.840000,2665007584.690000,0.0022985375
0161105,016,1105,MANAGEM,ACT,13742,7550.000000,103752100.000000,2665007584.690000,0.0389312588
0161145,016,1145,CIH,ACT,100791,400.000000,40316400.000000,2665007584.690000,0.0151280620
0161146,016,1146,RISMA,ACT,19525,370.000000,7224250.000000,2665007584.690000,0.0027107803
0161148,016,1148,ITISSALAT AL MAGHRIB,ACT,1048739,106.850000,112057762.150000,2665007584.690000,0.0420478211
0161151,016,1151,ADDOHA,ACT,580665,29.900000,17361883.500000,2665007584.690000,0.0065147595
0161157,016,1157,INVOLYS,ACT,13,176.500000,2294.500000,2665007584.690000,0.0000008610
0161167,016,1167,M2M,ACT,70,467.950000,32756.500000,2665007584.690000,0.0000122913
0161171,016,1171,ATLANTASANAD,ACT,20416,135.000000,2756160.000000,2665007584.690000,0.0010342034
0161172,016,1172,SNEP,ACT,6547,458.000000,2998526.000000,2665007584.690000,0.0011251473
0161179,016,1179,CMT,ACT,5766,2100.000000,12108600.000000,2665007584.690000,0.0045435518
0161180,016,1180,LABEL VIE,ACT,14050,4280.000000,60134000.000000,2665007584.690000,0.0225642885
0161181,016,1181,ALLIANCES,ACT,38577,498.000000,19211346.000000,2665007584.690000,0.0072087397
0161185,016,1185,DELTA HOLDING,ACT,95335,68.000000,6482780.000000,2665007584.690000,0.0024325559
0161188,016,1188,BCP,ACT,205020,270.000000,55355400.000000,2665007584.690000,0.0207711979
0161203,016,1203,LESIEUR,ACT,539145,344.950000,185978067.750000,2665007584.690000,0.0697851927
0161208,016,1208,JET CONTRACTORS,ACT,3293,2600.000000,8561800.000000,2665007584.690000,0.0032126738
0161210,016,1210,S2M,ACT,2459,556.000000,1367204.000000,2665007584.690000,0.0005130207
0161220,016,1220,TAQA MOROCCO,ACT,1187,1945.000000,2308715.000000,2665007584.690000,0.0008663071
0161224,016,1224,COSUMAR,ACT,235650,202.950000,47825167.500000,2665007584.690000,0.0179456028
0161226,016,1226,TOTALENERGIES MARKETING MAROC,ACT,21382,1598.000000,34168436.000000,2665007584.690000,0.0128211402
0161231,016,1231,SODEP-MARSA MAROC,ACT,188472,901.000000,169813272.000000,2665007584.690000,0.0637196205
0161232,016,1232,LAFARGE-HOLCIM MAROC,ACT,25761,1799.000000,46344039.000000,2665007584.690000,0.0173898338
0161238,016,1238,IMMORENT INVEST,ACT,21557,91.500000,1972465.500000,2665007584.690000,0.0007401350
0161239,016,1239,MUTANDIS,ACT,38057,244.850000,9318256.450000,2665007584.690000,0.0034965215
0161243,016,1243,BANK OF AFRICA,ACT,281900,209.000000,58917100.000000,2665007584.690000,0.0221076669
0161244,016,1244,ATW,ACT,402222,731.000000,294024282.000000,2665007584.690000,0.1103277468
0161246,016,1246,ARADEI CAPITAL,ACT,5653,440.000000,2487320.000000,2665007584.690000,0.0009333257
0161250,016,1250,SOTHEMA,ACT,3587,1730.000000,6205510.000000,2665007584.690000,0.0023285149
0161252,016,1252,TGCC,ACT,74917,834.300000,62503253.100000,2665007584.690000,0.0234533115
0161258,016,1258,AKDITAL,ACT,40594,1119.000000,45424686.000000,2665007584.690000,0.0170448618
0161261,016,1261,HPS (VN 10),ACT,34142,520.000000,17753840.000000,2665007584.690000,0.0066618347
0161271,016,1271,CMGP GROUP,ACT,38595,376.000000,14511720.000000,2665007584.690000,0.0054452828
0161275,016,1275,VICENNE,ACT,2062,420.000000,866040.000000,2665007584.690000,0.0003249672
0161276,016,1276,CASH PLUS,ACT,3454,290.000000,1001660.000000,2665007584.690000,0.0003758563
0161278,016,1278,SGTM,ACT,37378,835.000000,31210630.000000,2665007584.690000,0.0117112725
016153125,016,153125,CD CIH du 23/10/2025  à  2.95%   5 ans  Fixe,TCN,400,99740.350000,39896140.000000,2665007584.690000,0.0149703664
016201379,016,201379,BDT DU 05/08/2015 15 ANS à 4%,OBL,416,106747.260000,44406860.160000,2665007584.690000,0.0166629395
016201432,016,201432,BDT du 16/05/2016 15 ans à 3.2%,OBL,600,103173.400000,61904040.000000,2665007584.690000,0.0232284667
0162185,016,2185,OBL OCP PERPET du 14/05/18 Révis 10 ans 4.03%,OBL,630,104313.370000,65717423.100000,2665007584.690000,0.0246593756
0165061,016,5061,OBLIGATION FT MIFTAH A2 du 15/11/2017 à 4.03%,OBL,140,77495.180000,10849325.200000,2665007584.690000,0.0040710298
0165107,016,5107,OBL MIFTAH A2 du 09/12/2019 DU 3.51% AMORT,OBL,147,100155.000000,14722785.000000,2665007584.690000,0.0055244815
0165116,016,5116,OBLIGATION A1 MIFTTAH 11/06/2021 12 ANS AMORT,OBL,517,55969.610000,28936288.370000,2665007584.690000,0.0108578634
0165122,016,5122,OBLIGATION FT HYPOTHECA du  06/08/2021  12 ANS AMORT,OBL,180,43611.790000,7850122.200000,2665007584.690000,0.0029456285
0165172,016,5172,OBLIGATION FT CORPORATE SYNTHETIC FUND  2 ANS,OBL,850,100544.530000,85462850.500000,2665007584.690000,0.0320685206
01680047,016,80047,Droit d'attribution AUTO NEJMA Exercice 2000,ACT,1,865.200000,865.200000,2665007584.690000,0.0000003247
01680129,016,80129,Droit d ' Attribution BOA 1/48  2025,ACT,3,4.350000,13.050000,2665007584.690000,0.0000000049
0169363,016,9363,OBL OCP PERPET du 14/05/2018 Révis 15 ans à 4.72%,OBL,280,107469.450000,30091446.000000,2665007584.690000,0.0112913172
0169411,016,9411,OBL ONCF du 31/10/19 à 4.02% 30 ANS AMRT LIN 15ans,OBL,297,104064.870000,30907266.390000,2665007584.690000,0.0115974403
0169444,016,9444,OBL AL MADA du 11/05/2020 à 3.44%  10 ans,OBL,280,102493.580000,28698202.400000,2665007584.690000,0.0107685256
0169523,016,9523,OBL MANAGEM du 21/12/2021 à 3.22% 7 ANS,OBL,350,98933.120000,34626592.000000,2665007584.690000,0.0129930557
0169534,016,9534,"OBL TMSA Participations du 15/03/2022 à 3,70%  15 ans",OBL,1680,99046.000000,166397280.000000,2665007584.690000,0.0624378261
0169637,016,9637,OBL SUB BMCI  du 24/09/2024 à 4.16% 10ANS  FIXE,OBL,996,103976.020000,103560115.920000,2665007584.690000,0.0388592200
0169647,016,9647,OBL OCP ORD SUB Fixe  DU 16/12/2024  30 ANS,OBL,76,107089.530000,8138804.280000,2665007584.690000,0.0030539516
0169743,016,9743,OBL ORD CMGP du 17/11/2025 à 3.81%  FIXE 7 ANS,OBL,400,99259.290000,39703716.000000,2665007584.690000,0.0148981625
0169753,016,9753,OBL OCP ORD NUTRICROPS DU 15/12/2025 FIXE 30 ANS,OBL,2000,98187.450000,196374900.000000,2665007584.690000,0.0736864319
0171001,017,1001,SONASID,ACT,736,1985.000000,1460960.000000,624109738.440000,0.0023408704
0171006,017,1006,SMI,ACT,427,5300.000000,2263100.000000,624109738.440000,0.0036261251
0171035,017,1035,CREDIT EQDOM,ACT,329,1380.000000,454020.000000,624109738.440000,0.0007274682
0171036,017,1036,SOCIETE DE BOISSONS DU MAROC,ACT,819,2209.000000,1809171.000000,624109738.440000,0.0028988027
0171038,017,1038,CDM,ACT,4699,1040.000000,4886960.000000,624109738.440000,0.0078302896
0171050,017,1050,CIMENTS DU MAROC,ACT,9253,1737.000000,16072461.000000,624109738.440000,0.0257526201
0171080,017,1080,SAMIR,ACT,4842,0.000000,0.000000,624109738.440000,0.0000000000
0171095,017,1095,AFRIQUIA GAZ,ACT,800,4099.000000,3279200.000000,624109738.440000,0.0052542042
0171105,017,1105,MANAGEM,ACT,2710,7550.000000,20460500.000000,624109738.440000,0.0327834974
0171145,017,1145,CIH,ACT,21192,400.000000,8476800.000000,624109738.440000,0.0135822268
0171148,017,1148,ITISSALAT AL MAGHRIB,ACT,213169,106.850000,22777107.650000,624109738.440000,0.0364953569
0171151,017,1151,ADDOHA,ACT,26265,29.900000,785323.500000,624109738.440000,0.0012583100
0171172,017,1172,SNEP,ACT,2175,458.000000,996150.000000,624109738.440000,0.0015961135
0171179,017,1179,CMT,ACT,104,2100.000000,218400.000000,624109738.440000,0.0003499385
0171180,017,1180,LABEL VIE,ACT,2625,4280.000000,11235000.000000,624109738.440000,0.0180016419
0171181,017,1181,ALLIANCES,ACT,6332,498.000000,3153336.000000,624109738.440000,0.0050525345
0171185,017,1185,DELTA HOLDING,ACT,18467,68.000000,1255756.000000,624109738.440000,0.0020120756
0171188,017,1188,BCP,ACT,37646,270.000000,10164420.000000,624109738.440000,0.0162862705
0171208,017,1208,JET CONTRACTORS,ACT,416,2600.000000,1081600.000000,624109738.440000,0.0017330286
0171224,017,1224,COSUMAR,ACT,39193,202.950000,7954219.350000,624109738.440000,0.0127449050
0171226,017,1226,TOTALENERGIES MARKETING MAROC,ACT,3032,1598.000000,4845136.000000,624109738.440000,0.0077632758
0171231,017,1231,SODEP-MARSA MAROC,ACT,28128,901.000000,25343328.000000,624109738.440000,0.0406071664
0171239,017,1239,MUTANDIS,ACT,9585,244.850000,2346887.250000,624109738.440000,0.0037603759
0171243,017,1243,BANK OF AFRICA,ACT,42831,209.000000,8951679.000000,624109738.440000,0.0143431170
0171244,017,1244,ATW,ACT,64649,731.000000,47258419.000000,624109738.440000,0.0757213293
0171246,017,1246,ARADEI CAPITAL,ACT,7452,440.000000,3278880.000000,624109738.440000,0.0052536915
0171250,017,1250,SOTHEMA,ACT,702,1730.000000,1214460.000000,624109738.440000,0.0019459078
0171252,017,1252,TGCC,ACT,10255,834.300000,8555746.500000,624109738.440000,0.0137087214
0171258,017,1258,AKDITAL,ACT,8347,1119.000000,9340293.000000,624109738.440000,0.0149657863
0171261,017,1261,HPS (VN 10),ACT,6006,520.000000,3123120.000000,624109738.440000,0.0050041200
0171271,017,1271,CMGP GROUP,ACT,8324,376.000000,3129824.000000,624109738.440000,0.0050148617
0171275,017,1275,VICENNE,ACT,2062,420.000000,866040.000000,624109738.440000,0.0013876406
0171276,017,1276,CASH PLUS,ACT,3026,290.000000,877540.000000,624109738.440000,0.0014060668
0171278,017,1278,SGTM,ACT,5441,835.000000,4543235.000000,624109738.440000,0.0072795451
017201344,017,201344,BDT du 19/02/15 à 5.65% ATYP 04/08/14 20 ANS,OBL,465,125359.650000,58292237.250000,624109738.440000,0.0934006212
017201535,017,201535,BDT du 04/02/19 ATYP 18/06/19 à 3.35%  10 ans,OBL,30,104068.940000,3122068.200000,624109738.440000,0.0050024347
017201552,017,201552,BDT DU 17/06/2020 10 ANS 2.7%,OBL,132,101098.560000,13345009.920000,624109738.440000,0.0213824735
017201631,017,201631,BDT du 14/07/2021 ATYP 18/01/2021 à 3.45% 15 ans,OBL,150,97969.400000,14695410.000000,624109738.440000,0.0235461956
017201651,017,201651,BDT du 20/04/2021 ATYP 16/06/2021 à 2.30% 10 ans,OBL,300,98472.670000,29541801.000000,624109738.440000,0.0473343055
017201792,017,201792,BDT du 16/01/2023 atp  a 4.20%  10 ans,OBL,350,110402.310000,38640808.500000,624109738.440000,0.0619134843
017201808,017,201808,BDT DU 20/03/2023 à 4.90% 15 ans,OBL,575,119318.130000,68607924.750000,624109738.440000,0.1099292649
017201809,017,201809,BDT DU 20/03/2023 à 5.5 30 ans,OBL,427,131399.420000,56107552.340000,624109738.440000,0.0899001392
017201837,017,201837,BDT du 18/09/2024 à 4%  10 ANS ATYP 02/01/2024,OBL,312,108473.110000,33843610.320000,624109738.440000,0.0542270185
017201868,017,201868,BDT du 16/11/2024 à 2.85%  2 ANS,OBL,55,100978.420000,5553813.100000,624109738.440000,0.0088987765
017201896,017,201896,BDT du 14/05/2025 à 2.90%   10 ANS ATYP 05/05/2025,OBL,198,100587.910000,19916406.180000,624109738.440000,0.0319117055
017201926,017,201926,BDT du 29/09/2025 à 2.25%  2 ans ATYP 17/01/2026,OBL,290,100212.500000,29061625.000000,624109738.440000,0.0465649279
01780129,017,80129,Droit d ' Attribution BOA 1/48  2025,ACT,5,4.350000,21.750000,624109738.440000,0.0000000348
0179395,017,9395,OBL ANP du 04/06/2019 à 3.91% 15 ans TRANCH B,OBL,94,61843.000000,5813242.000000,624109738.440000,0.0093144549
0179647,017,9647,OBL OCP ORD SUB Fixe  DU 16/12/2024  30 ANS,OBL,114,107089.530000,12208206.420000,624109738.440000,0.0195609933
018057,018,057,FCP ATTIJARI DIVIDEND FUND,OPC,1785,1117.240000,1994273.400000,475693721.140000,0.0041923475
018068,018,068,FCP ATTIJARI VALEURS ESG,OPC,32995,175.720000,5797881.400000,475693721.140000,0.0121882656
018070,018,070,FCP ATTIJARI FIXED INCOME DISTRIBUTION,OPC,302810,108.490000,32851856.900000,475693721.140000,0.0690609429
018075,018,075,FCP WG MOMENTUM FACTOR FUND,OPC,30000,174.670000,5240100.000000,475693721.140000,0.0110157014
0181001,018,1001,SONASID,ACT,1641,1985.000000,3257385.000000,475693721.140000,0.0068476519
0181035,018,1035,CREDIT EQDOM,ACT,1509,1380.000000,2082420.000000,475693721.140000,0.0043776487
0181036,018,1036,SOCIETE DE BOISSONS DU MAROC,ACT,150,2209.000000,331350.000000,475693721.140000,0.0006965616
0181038,018,1038,CDM,ACT,6787,1040.000000,7058480.000000,475693721.140000,0.0148382871
0181050,018,1050,CIMENTS DU MAROC,ACT,9012,1737.000000,15653844.000000,475693721.140000,0.0329074009
0181080,018,1080,SAMIR,ACT,228,0.000000,0.000000,475693721.140000,0.0000000000
0181081,018,1081,BMCI,ACT,4248,629.000000,2671992.000000,475693721.140000,0.0056170428
0181092,018,1092,WAFA ASSURANCE,ACT,5745,4900.000000,28150500.000000,475693721.140000,0.0591777834
0181095,018,1095,AFRIQUIA GAZ,ACT,1256,4099.000000,5148344.000000,475693721.140000,0.0108228126
0181105,018,1105,MANAGEM,ACT,3928,7550.000000,29656400.000000,475693721.140000,0.0623434758
018112,018,112,ATTIJARI OBLIGATIONS,OPC,33000,313.500000,10345500.000000,475693721.140000,0.0217482374
0181145,018,1145,CIH,ACT,21046,400.000000,8418400.000000,475693721.140000,0.0176971014
0181146,018,1146,RISMA,ACT,3928,370.000000,1453360.000000,475693721.140000,0.0030552432
0181148,018,1148,ITISSALAT AL MAGHRIB,ACT,214853,106.850000,22957043.050000,475693721.140000,0.0482601347
0181151,018,1151,ADDOHA,ACT,181824,29.900000,5436537.600000,475693721.140000,0.0114286512
0181171,018,1171,ATLANTASANAD,ACT,7061,135.000000,953235.000000,475693721.140000,0.0020038839
0181172,018,1172,SNEP,ACT,790,458.000000,361820.000000,475693721.140000,0.0007606155
0181179,018,1179,CMT,ACT,547,2100.000000,1148700.000000,475693721.140000,0.0024147891
0181180,018,1180,LABEL VIE,ACT,3339,4280.000000,14290920.000000,475693721.140000,0.0300422717
0181181,018,1181,ALLIANCES,ACT,10588,498.000000,5272824.000000,475693721.140000,0.0110844936
0181185,018,1185,DELTA HOLDING,ACT,25121,68.000000,1708228.000000,475693721.140000,0.0035910249
0181188,018,1188,BCP,ACT,57649,270.000000,15565230.000000,475693721.140000,0.0327211172
0181208,018,1208,JET CONTRACTORS,ACT,604,2600.000000,1570400.000000,475693721.140000,0.0033012839
0181220,018,1220,TAQA MOROCCO,ACT,814,1945.000000,1583230.000000,475693721.140000,0.0033282550
0181224,018,1224,COSUMAR,ACT,53207,202.950000,10798360.650000,475693721.140000,0.0227002379
0181226,018,1226,TOTALENERGIES MARKETING MAROC,ACT,6060,1598.000000,9683880.000000,475693721.140000,0.0203573845
0181231,018,1231,SODEP-MARSA MAROC,ACT,33170,901.000000,29886170.000000,475693721.140000,0.0628264967
0181232,018,1232,LAFARGE-HOLCIM MAROC,ACT,9794,1799.000000,17619406.000000,475693721.140000,0.0370393916
0181239,018,1239,MUTANDIS,ACT,13293,244.850000,3254791.050000,475693721.140000,0.0068421989
0181243,018,1243,BANK OF AFRICA,ACT,80994,209.000000,16927746.000000,475693721.140000,0.0355853888
0181244,018,1244,ATW,ACT,80739,731.000000,59020209.000000,475693721.140000,0.1240718689
0181246,018,1246,ARADEI CAPITAL,ACT,9916,440.000000,4363040.000000,475693721.140000,0.0091719520
0181250,018,1250,SOTHEMA,ACT,625,1730.000000,1081250.000000,475693721.140000,0.0022729962
0181252,018,1252,TGCC,ACT,19467,834.300000,16241318.100000,475693721.140000,0.0341423849
0181258,018,1258,AKDITAL,ACT,15159,1119.000000,16962921.000000,475693721.140000,0.0356593334
0181261,018,1261,HPS (VN 10),ACT,10460,520.000000,5439200.000000,475693721.140000,0.0114342480
0181262,018,1262,CFG BANK,ACT,8152,230.000000,1874960.000000,475693721.140000,0.0039415277
0181271,018,1271,CMGP GROUP,ACT,10449,376.000000,3928824.000000,475693721.140000,0.0082591462
0181275,018,1275,VICENNE,ACT,1461,420.000000,613620.000000,475693721.140000,0.0012899477
0181276,018,1276,CASH PLUS,ACT,1758,290.000000,509820.000000,475693721.140000,0.0010717400
0181278,018,1278,SGTM,ACT,8552,835.000000,7140920.000000,475693721.140000,0.0150115919
018201792,018,201792,BDT du 16/01/2023 atp  a 4.20%  10 ans,OBL,1,110402.310000,110402.310000,475693721.140000,0.0002320870
018201808,018,201808,BDT DU 20/03/2023 à 4.90% 15 ans,OBL,53,119318.130000,6323860.890000,475693721.140000,0.0132939760
018201837,018,201837,BDT du 18/09/2024 à 4%  10 ANS ATYP 02/01/2024,OBL,1,108473.110000,108473.110000,475693721.140000,0.0002280314
018201840,018,201840,BDT du 15/10/2024 à 3.50%  5 ANS ATYP 15/01/2024,OBL,44,103575.970000,4557342.680000,475693721.140000,0.0095804138
0185107,018,5107,OBL MIFTAH A2 du 09/12/2019 DU 3.51% AMORT,OBL,110,100155.000000,11017050.000000,475693721.140000,0.0231599651
0185122,018,5122,OBLIGATION FT HYPOTHECA du  06/08/2021  12 ANS AMORT,OBL,84,43611.790000,3663390.360000,475693721.140000,0.0077011535
01880129,018,80129,Droit d ' Attribution BOA 1/48  2025,ACT,6,4.350000,26.100000,475693721.140000,0.0000000549
022001,022,001,ATTIJARI PATRIMOINE VALEURS,OPC,121534,117.670000,14300905.780000,1015973029.510000,0.0140760683
022015,022,015,PROFIL HARMONIE,OPC,13390,615.220000,8237795.800000,1015973029.510000,0.0081082820
022070,022,070,FCP ATTIJARI FIXED INCOME DISTRIBUTION,OPC,365000,108.490000,39598850.000000,1015973029.510000,0.0389762807
0221001,022,1001,SONASID,ACT,3380,1985.000000,6709300.000000,1015973029.510000,0.0066038170
022100844,022,100844,BSF WAFASALAF du 21/05/2021 4 ans 2.41%,TCN,60,101617.440000,6097046.400000,1015973029.510000,0.0060011892
022100964,022,100964,BSF WAFASALAF du 01/11/2024 à 3.43% 5ANS,TCN,291,101405.280000,29508936.480000,1015973029.510000,0.0290449998
0221038,022,1038,CDM,ACT,11536,1040.000000,11997440.000000,1015973029.510000,0.0118088174
0221050,022,1050,CIMENTS DU MAROC,ACT,14810,1737.000000,25724970.000000,1015973029.510000,0.0253205245
0221081,022,1081,BMCI,ACT,1457,629.000000,916453.000000,1015973029.510000,0.0009020446
0221092,022,1092,WAFA ASSURANCE,ACT,1996,4900.000000,9780400.000000,1015973029.510000,0.0096266335
0221095,022,1095,AFRIQUIA GAZ,ACT,2038,4099.000000,8353762.000000,1015973029.510000,0.0082224250
0221105,022,1105,MANAGEM,ACT,12531,7550.000000,94609050.000000,1015973029.510000,0.0931216157
022112,022,112,ATTIJARI OBLIGATIONS,OPC,110500,313.500000,34641750.000000,1015973029.510000,0.0340971158
0221145,022,1145,CIH,ACT,45501,400.000000,18200400.000000,1015973029.510000,0.0179142551
0221148,022,1148,ITISSALAT AL MAGHRIB,ACT,168860,106.850000,18042691.000000,1015973029.510000,0.0177590256
0221151,022,1151,ADDOHA,ACT,221226,29.900000,6614657.400000,1015973029.510000,0.0065106624
0221180,022,1180,LABEL VIE,ACT,2366,4280.000000,10126480.000000,1015973029.510000,0.0099672725
0221188,022,1188,BCP,ACT,48165,270.000000,13004550.000000,1015973029.510000,0.0128000937
0221226,022,1226,TOTALENERGIES MARKETING MAROC,ACT,8505,1598.000000,13590990.000000,1015973029.510000,0.0133773138
0221231,022,1231,SODEP-MARSA MAROC,ACT,88181,901.000000,79451081.000000,1015973029.510000,0.0782019588
0221232,022,1232,LAFARGE-HOLCIM MAROC,ACT,7370,1799.000000,13258630.000000,1015973029.510000,0.0130501791
0221244,022,1244,ATW,ACT,109295,731.000000,79894645.000000,1015973029.510000,0.0786385491
0221246,022,1246,ARADEI CAPITAL,ACT,2660,440.000000,1170400.000000,1015973029.510000,0.0011519991
0221252,022,1252,TGCC,ACT,20035,834.300000,16715200.500000,1015973029.510000,0.0164524057
0221258,022,1258,AKDITAL,ACT,27303,1119.000000,30552057.000000,1015973029.510000,0.0300717205
0221271,022,1271,CMGP GROUP,ACT,21486,376.000000,8078736.000000,1015973029.510000,0.0079517229
0221275,022,1275,VICENNE,ACT,2062,420.000000,866040.000000,1015973029.510000,0.0008524242
0221276,022,1276,CASH PLUS,ACT,3454,290.000000,1001660.000000,1015973029.510000,0.0009859120
0221278,022,1278,SGTM,ACT,14029,835.000000,11714215.000000,1015973029.510000,0.0115300452
022201379,022,201379,BDT DU 05/08/2015 15 ANS à 4%,OBL,120,106747.260000,12809671.200000,1015973029.510000,0.0126082788
022201516,022,201516,BDT du 15/01/2018 ATYP jouiss 18/07/2018 à 3.70% 15 ans,OBL,409,106557.020000,43581821.180000,1015973029.510000,0.0428966320
022201651,022,201651,BDT du 20/04/2021 ATYP 16/06/2021 à 2.30% 10 ans,OBL,150,98472.670000,14770900.500000,1015973029.510000,0.0145386738
022201808,022,201808,BDT DU 20/03/2023 à 4.90% 15 ans,OBL,144,119318.130000,17181810.720000,1015973029.510000,0.0169116800
022201822,022,201822,BDT du 27/06/2023 ATYP 14/03/2024 à 4.75 % 15 ans,OBL,500,119665.250000,59832625.000000,1015973029.510000,0.0588919423
022201837,022,201837,BDT du 18/09/2024 à 4%  10 ANS ATYP 02/01/2024,OBL,780,108473.110000,84609025.800000,1015973029.510000,0.0832788109
022201862,022,201862,BDT du 15/04/2025  5 ans à 3.30%  ATYP 15/07/2024,OBL,460,106923.500000,49184810.000000,1015973029.510000,0.0484115312
0225061,022,5061,OBLIGATION FT MIFTAH A2 du 15/11/2017 à 4.03%,OBL,646,77495.180000,50061886.280000,1015973029.510000,0.0492748182
0225106,022,5106,OBLIGATION A1 MIFTTAH 09/12/2019 12 ANS AMORT,OBL,300,32551.560000,9765468.000000,1015973029.510000,0.0096119363
0225116,022,5116,OBLIGATION A1 MIFTTAH 11/06/2021 12 ANS AMORT,OBL,443,55969.610000,24794537.230000,1015973029.510000,0.0244047199
0229346,022,9346,OBL ANP DU 31/10/2017 10ANS 3.83%,OBL,7,20384.320000,142690.240000,1015973029.510000,0.0001404469
0229395,022,9395,OBL ANP du 04/06/2019 à 3.91% 15 ans TRANCH B,OBL,64,61843.000000,3957952.000000,1015973029.510000,0.0038957255
0229402,022,9402,OBL FEC du 12/07/2019 à 3.49% 15 ans Amrt Annuel,OBL,28,61400.820000,1719222.960000,1015973029.510000,0.0016921935
0229425,022,9425,OBL SUB BCP du 26/12/2019 à 3.28% 10ans  Fixe,OBL,152,100108.670000,15216517.840000,1015973029.510000,0.0149772852
0229428,022,9428,OBL ATW SUB PERP 27/12/2019 à 5.23% REVIS 10ans,OBL,170,100338.810000,17057597.700000,1015973029.510000,0.0167894198
0229523,022,9523,OBL MANAGEM du 21/12/2021 à 3.22% 7 ANS,OBL,10,98933.120000,989331.200000,1015973029.510000,0.0009737770
0229644,022,9644,OBL OCP ORD SUB Fixe  DU 16/12/2024  10 ANS,OBL,38,102621.920000,3899632.960000,1015973029.510000,0.0038383233
022XS1061043367,022,XS1061043367,OBL OCP INTERNATIONAL à 6.875%  30 ANS,OBL,2412,1020.490000,2461421.880000,1015973029.510000,0.0024227236
022XS2080771806,022,XS2080771806,EUROBOND DU 27/11/2019 11 ans (2031),OBL,1000,1003.040000,1003040.000000,1015973029.510000,0.0009872703
022XS2239829216,022,XS2239829216,EUROBOND DU 30/09/2020 10 ans (2030),OBL,1870,1017.320000,1902388.400000,1015973029.510000,0.0018724792
022XS2270576965,022,XS2270576965,EUROBOND DU 15/12/2020 SEM (2032),OBL,699,1004.620000,702229.380000,1015973029.510000,0.0006911890
022XS2810168737,022,XS2810168737,OBL OCP INTERNATIONAL 6.75% 10 ANS,OBL,1784,1018.720000,1817396.480000,1015973029.510000,0.0017888235
022XS2810168810,022,XS2810168810,OBL OCP INTERNATIONAL 7.50% 30ANS,OBL,321,1020.800000,327676.800000,1015973029.510000,0.0003225251
022XS3041322051,022,XS3041322051,KINGDOM OF MOROCCO 4 3/4 04/02/35 au 26/03/2025 à 99.276,OBL,604,1041.640000,629150.560000,1015973029.510000,0.0006192591
0251001,025,1001,SONASID,ACT,5237,1985.000000,10395445.000000,955114048.750000,0.0108839829
0251006,025,1006,SMI,ACT,646,5300.000000,3423800.000000,955114048.750000,0.0035847028
0251035,025,1035,CREDIT EQDOM,ACT,4681,1380.000000,6459780.000000,955114048.750000,0.0067633598
0251036,025,1036,SOCIETE DE BOISSONS DU MAROC,ACT,1764,2209.000000,3896676.000000,955114048.750000,0.0040798018
0251038,025,1038,CDM,ACT,13849,1040.000000,14402960.000000,955114048.750000,0.0150798326
0251050,025,1050,CIMENTS DU MAROC,ACT,26423,1737.000000,45896751.000000,955114048.750000,0.0480536864
0251080,025,1080,SAMIR,ACT,10446,0.000000,0.000000,955114048.750000,0.0000000000
0251081,025,1081,BMCI,ACT,15757,629.000000,9911153.000000,955114048.750000,0.0103769314
0251092,025,1092,WAFA ASSURANCE,ACT,10776,4900.000000,52802400.000000,955114048.750000,0.0552838691
0251095,025,1095,AFRIQUIA GAZ,ACT,3120,4099.000000,12788880.000000,955114048.750000,0.0133898983
0251096,025,1096,AUTO-HALL,ACT,19461,90.210000,1755576.810000,955114048.750000,0.0018380808
0251105,025,1105,MANAGEM,ACT,8956,7550.000000,67617800.000000,955114048.750000,0.0707955245
0251145,025,1145,CIH,ACT,73986,400.000000,29594400.000000,955114048.750000,0.0309852002
0251146,025,1146,RISMA,ACT,10575,370.000000,3912750.000000,955114048.750000,0.0040966312
0251148,025,1148,ITISSALAT AL MAGHRIB,ACT,602299,106.850000,64355648.150000,955114048.750000,0.0673800665
0251151,025,1151,ADDOHA,ACT,502156,29.900000,15014464.400000,955114048.750000,0.0157200749
0251171,025,1171,ATLANTASANAD,ACT,12530,135.000000,1691550.000000,955114048.750000,0.0017710450
0251172,025,1172,SNEP,ACT,4639,458.000000,2124662.000000,955114048.750000,0.0022245113
0251179,025,1179,CMT,ACT,4342,2100.000000,9118200.000000,955114048.750000,0.0095467133
0251180,025,1180,LABEL VIE,ACT,9045,4280.000000,38712600.000000,955114048.750000,0.0405319135
0251181,025,1181,ALLIANCES,ACT,28011,498.000000,13949478.000000,955114048.750000,0.0146050391
0251185,025,1185,DELTA HOLDING,ACT,66833,68.000000,4544644.000000,955114048.750000,0.0047582213
0251188,025,1188,BCP,ACT,162217,270.000000,43798590.000000,955114048.750000,0.0458569215
0251193,025,1193,COLORADO,ACT,977,85.000000,83045.000000,955114048.750000,0.0000869477
0251203,025,1203,LESIEUR,ACT,243960,344.950000,84154002.000000,955114048.750000,0.0881088516
0251208,025,1208,JET CONTRACTORS,ACT,2405,2600.000000,6253000.000000,955114048.750000,0.0065468621
0251210,025,1210,S2M,ACT,59,556.000000,32804.000000,955114048.750000,0.0000343456
0251220,025,1220,TAQA MOROCCO,ACT,2187,1945.000000,4253715.000000,955114048.750000,0.0044536200
0251224,025,1224,COSUMAR,ACT,167155,202.950000,33924107.250000,955114048.750000,0.0355183837
0251226,025,1226,TOTALENERGIES MARKETING MAROC,ACT,10908,1598.000000,17430984.000000,955114048.750000,0.0182501598
0251231,025,1231,SODEP-MARSA MAROC,ACT,94028,901.000000,84719228.000000,955114048.750000,0.0887006406
0251232,025,1232,LAFARGE-HOLCIM MAROC,ACT,16666,1799.000000,29982134.000000,955114048.750000,0.0313911559
0251238,025,1238,IMMORENT INVEST,ACT,6160,91.500000,563640.000000,955114048.750000,0.0005901285
0251239,025,1239,MUTANDIS,ACT,27130,244.850000,6642780.500000,955114048.750000,0.0069549605
0251243,025,1243,BANK OF AFRICA,ACT,203630,209.000000,42558670.000000,955114048.750000,0.0445587310
0251244,025,1244,ATW,ACT,170215,731.000000,124427165.000000,955114048.750000,0.1302746674
0251246,025,1246,ARADEI CAPITAL,ACT,16159,440.000000,7109960.000000,955114048.750000,0.0074440953
0251250,025,1250,SOTHEMA,ACT,2256,1730.000000,3902880.000000,955114048.750000,0.0040862973
0251252,025,1252,TGCC,ACT,57758,834.300000,48187499.400000,955114048.750000,0.0504520894
0251258,025,1258,AKDITAL,ACT,29877,1119.000000,33432363.000000,955114048.750000,0.0350035297
0251261,025,1261,HPS (VN 10),ACT,27986,520.000000,14552720.000000,955114048.750000,0.0152366307
0251262,025,1262,CFG BANK,ACT,28825,230.000000,6629750.000000,955114048.750000,0.0069413176
0251271,025,1271,CMGP GROUP,ACT,27056,376.000000,10173056.000000,955114048.750000,0.0106511427
0251275,025,1275,VICENNE,ACT,2062,420.000000,866040.000000,955114048.750000,0.0009067399
0251276,025,1276,CASH PLUS,ACT,3454,290.000000,1001660.000000,955114048.750000,0.0010487334
0251278,025,1278,SGTM,ACT,26718,835.000000,22309530.000000,955114048.750000,0.0233579749
02580129,025,80129,Droit d ' Attribution BOA 1/48  2025,ACT,35,4.350000,152.250000,955114048.750000,0.0000001594
026008,026,008,ATTIJARI AL MOUCHARAKA,OPC,10000,1315.440000,13154400.000000,168225281.460000,0.0781951434
0261001,026,1001,SONASID,ACT,1615,1985.000000,3205775.000000,168225281.460000,0.0190564401
0261006,026,1006,SMI,ACT,240,5300.000000,1272000.000000,168225281.460000,0.0075612892
0261041,026,1041,OULMES,ACT,26,1235.000000,32110.000000,168225281.460000,0.0001908750
0261050,026,1050,CIMENTS DU MAROC,ACT,5498,1737.000000,9550026.000000,168225281.460000,0.0567692675
0261080,026,1080,SAMIR,ACT,33,0.000000,0.000000,168225281.460000,0.0000000000
0261095,026,1095,AFRIQUIA GAZ,ACT,834,4099.000000,3418566.000000,168225281.460000,0.0203213570
0261096,026,1096,AUTO-HALL,ACT,21373,90.210000,1928058.330000,168225281.460000,0.0114611687
0261105,026,1105,MANAGEM,ACT,1676,7550.000000,12653800.000000,168225281.460000,0.0752193718
0261142,026,1142,DARI,ACT,83,4300.000000,356900.000000,168225281.460000,0.0021215598
0261148,026,1148,ITISSALAT AL MAGHRIB,ACT,113416,106.850000,12118499.600000,168225281.460000,0.0720373269
0261151,026,1151,ADDOHA,ACT,123994,29.900000,3707420.600000,168225281.460000,0.0220384271
0261163,026,1163,DISWAY,ACT,1300,880.000000,1144000.000000,168225281.460000,0.0068004047
0261172,026,1172,SNEP,ACT,1917,458.000000,877986.000000,168225281.460000,0.0052191085
0261179,026,1179,CMT,ACT,1245,2100.000000,2614500.000000,168225281.460000,0.0155416592
0261181,026,1181,ALLIANCES,ACT,7973,498.000000,3970554.000000,168225281.460000,0.0236025998
0261185,026,1185,DELTA HOLDING,ACT,20854,68.000000,1418072.000000,168225281.460000,0.0084296010
0261193,026,1193,COLORADO,ACT,2643,85.000000,224655.000000,168225281.460000,0.0013354414
0261203,026,1203,LESIEUR,ACT,1,344.950000,344.950000,168225281.460000,0.0000020505
0261208,026,1208,JET CONTRACTORS,ACT,939,2600.000000,2441400.000000,168225281.460000,0.0145126819
0261210,026,1210,S2M,ACT,117,556.000000,65052.000000,168225281.460000,0.0003866957
0261220,026,1220,TAQA MOROCCO,ACT,971,1945.000000,1888595.000000,168225281.460000,0.0112265825
0261224,026,1224,COSUMAR,ACT,40645,202.950000,8248902.750000,168225281.460000,0.0490348578
0261226,026,1226,TOTALENERGIES MARKETING MAROC,ACT,2343,1598.000000,3744114.000000,168225281.460000,0.0222565477
0261231,026,1231,SODEP-MARSA MAROC,ACT,15823,901.000000,14256523.000000,168225281.460000,0.0847466140
0261232,026,1232,LAFARGE-HOLCIM MAROC,ACT,5559,1799.000000,10000641.000000,168225281.460000,0.0594479077
0261238,026,1238,IMMORENT INVEST,ACT,14047,91.500000,1285300.500000,168225281.460000,0.0076403528
0261239,026,1239,MUTANDIS,ACT,10749,244.850000,2631892.650000,168225281.460000,0.0156450483
0261246,026,1246,ARADEI CAPITAL,ACT,8345,440.000000,3671800.000000,168225281.460000,0.0218266836
0261250,026,1250,SOTHEMA,ACT,1175,1730.000000,2032750.000000,168225281.460000,0.0120834989
0261252,026,1252,TGCC,ACT,10201,834.300000,8510694.300000,168225281.460000,0.0505910540
0261253,026,1253,DISTY TECHNOLOGIES,ACT,4,324.000000,1296.000000,168225281.460000,0.0000077040
0261258,026,1258,AKDITAL,ACT,5831,1119.000000,6524889.000000,168225281.460000,0.0387866137
0261261,026,1261,HPS (VN 10),ACT,7468,520.000000,3883360.000000,168225281.460000,0.0230842830
0261271,026,1271,CMGP GROUP,ACT,10839,376.000000,4075464.000000,168225281.460000,0.0242262279
0261275,026,1275,VICENNE,ACT,2501,420.000000,1050420.000000,168225281.460000,0.0062441269
0261276,026,1276,CASH PLUS,ACT,1288,290.000000,373520.000000,168225281.460000,0.0022203559
0261278,026,1278,SGTM,ACT,5298,835.000000,4423830.000000,168225281.460000,0.0262970581
0271001,027,1001,SONASID,ACT,5,1985.000000,9925.000000,161476524.410000,0.0000614640
027101013,027,101013,BSF WAFASALAF du 10/10/2025 à 2.98%  5 ans,TCN,100,99289.060000,9928906.000000,161476524.410000,0.0614882320
0271035,027,1035,CREDIT EQDOM,ACT,664,1380.000000,916320.000000,161476524.410000,0.0056746329
0271038,027,1038,CDM,ACT,1901,1040.000000,1977040.000000,161476524.410000,0.0122435135
0271050,027,1050,CIMENTS DU MAROC,ACT,2429,1737.000000,4219173.000000,161476524.410000,0.0261287083
0271081,027,1081,BMCI,ACT,3533,629.000000,2222257.000000,161476524.410000,0.0137621057
0271092,027,1092,WAFA ASSURANCE,ACT,1157,4900.000000,5669300.000000,161476524.410000,0.0351091282
0271105,027,1105,MANAGEM,ACT,1087,7550.000000,8206850.000000,161476524.410000,0.0508237964
0271145,027,1145,CIH,ACT,9052,400.000000,3620800.000000,161476524.410000,0.0224230737
0271148,027,1148,ITISSALAT AL MAGHRIB,ACT,42745,106.850000,4567303.250000,161476524.410000,0.0282846269
0271179,027,1179,CMT,ACT,20,2100.000000,42000.000000,161476524.410000,0.0002600997
0271180,027,1180,LABEL VIE,ACT,1129,4280.000000,4832120.000000,161476524.410000,0.0299245975
0271185,027,1185,DELTA HOLDING,ACT,57,68.000000,3876.000000,161476524.410000,0.0000240035
0271188,027,1188,BCP,ACT,8082,270.000000,2182140.000000,161476524.410000,0.0135136671
0271224,027,1224,COSUMAR,ACT,4706,202.950000,955082.700000,161476524.410000,0.0059146845
0271226,027,1226,TOTALENERGIES MARKETING MAROC,ACT,2338,1598.000000,3736124.000000,161476524.410000,0.0231372580
0271231,027,1231,SODEP-MARSA MAROC,ACT,11753,901.000000,10589453.000000,161476524.410000,0.0655789009
0271243,027,1243,BANK OF AFRICA,ACT,7463,209.000000,1559767.000000,161476524.410000,0.0096594041
0271244,027,1244,ATW,ACT,20669,731.000000,15109039.000000,161476524.410000,0.0935680221
0271246,027,1246,ARADEI CAPITAL,ACT,1706,440.000000,750640.000000,161476524.410000,0.0046486014
0271252,027,1252,TGCC,ACT,8207,834.300000,6847100.100000,161476524.410000,0.0424030683
0271258,027,1258,AKDITAL,ACT,1965,1119.000000,2198835.000000,161476524.410000,0.0136170568
0271271,027,1271,CMGP GROUP,ACT,4174,376.000000,1569424.000000,161476524.410000,0.0097192084
0271275,027,1275,VICENNE,ACT,800,420.000000,336000.000000,161476524.410000,0.0020807978
0271276,027,1276,CASH PLUS,ACT,736,290.000000,213440.000000,161476524.410000,0.0013218020
0271278,027,1278,SGTM,ACT,2258,835.000000,1885430.000000,161476524.410000,0.0116761864
027201554,027,201554,BDT du 16/07/2020 à 3% ATYP 20/01/2020 15 ans,OBL,60,100787.010000,6047220.600000,161476524.410000,0.0374495341
027201631,027,201631,BDT du 14/07/2021 ATYP 18/01/2021 à 3.45% 15 ans,OBL,90,97969.400000,8817246.000000,161476524.410000,0.0546038877
027201792,027,201792,BDT du 16/01/2023 atp  a 4.20%  10 ans,OBL,23,110402.310000,2539253.130000,161476524.410000,0.0157252154
027201808,027,201808,BDT DU 20/03/2023 à 4.90% 15 ans,OBL,156,119318.130000,18613628.280000,161476524.410000,0.1152714201
027201837,027,201837,BDT du 18/09/2024 à 4%  10 ANS ATYP 02/01/2024,OBL,73,108473.110000,7918537.030000,161476524.410000,0.0490383172
0275106,027,5106,OBLIGATION A1 MIFTTAH 09/12/2019 12 ANS AMORT,OBL,58,32551.560000,1887990.480000,161476524.410000,0.0116920431
0275116,027,5116,OBLIGATION A1 MIFTTAH 11/06/2021 12 ANS AMORT,OBL,86,55969.610000,4813386.460000,161476524.410000,0.0298085835
02780129,027,80129,Droit d ' Attribution BOA 1/48  2025,ACT,15,4.350000,65.250000,161476524.410000,0.0000004041
0279300,027,9300,OBL SUBORD CDM du 21/12/2016 à 3.13% REVISABLE 10 ANS,OBL,20,100383.180000,2007663.600000,161476524.410000,0.0124331608
0279395,027,9395,OBL ANP du 04/06/2019 à 3.91% 15 ans TRANCH B,OBL,94,61843.000000,5813242.000000,161476524.410000,0.0360005395
0279411,027,9411,OBL ONCF du 31/10/19 à 4.02% 30 ANS AMRT LIN 15ans,OBL,34,104064.870000,3538205.580000,161476524.410000,0.0219115787
0279425,027,9425,OBL SUB BCP du 26/12/2019 à 3.28% 10ans  Fixe,OBL,29,100108.670000,2903151.430000,161476524.410000,0.0179787832
0279523,027,9523,OBL MANAGEM du 21/12/2021 à 3.22% 7 ANS,OBL,48,98933.120000,4748789.760000,161476524.410000,0.0294085458
0279644,027,9644,OBL OCP ORD SUB Fixe  DU 16/12/2024  10 ANS,OBL,26,102621.920000,2668169.920000,161476524.410000,0.0165235778
0291001,029,1001,SONASID,ACT,3614,1985.000000,7173790.000000,645625008.130000,0.0111113880
0291006,029,1006,SMI,ACT,1074,5300.000000,5692200.000000,645625008.130000,0.0088165730
0291035,029,1035,CREDIT EQDOM,ACT,3241,1380.000000,4472580.000000,645625008.130000,0.0069275198
0291036,029,1036,SOCIETE DE BOISSONS DU MAROC,ACT,1349,2209.000000,2979941.000000,645625008.130000,0.0046155910
0291038,029,1038,CDM,ACT,10199,1040.000000,10606960.000000,645625008.130000,0.0164289795
0291050,029,1050,CIMENTS DU MAROC,ACT,17726,1737.000000,30790062.000000,645625008.130000,0.0476903181
0291080,029,1080,SAMIR,ACT,4782,0.000000,0.000000,645625008.130000,0.0000000000
0291081,029,1081,BMCI,ACT,11728,629.000000,7376912.000000,645625008.130000,0.0114260010
0291092,029,1092,WAFA ASSURANCE,ACT,7689,4900.000000,37676100.000000,645625008.130000,0.0583560109
0291095,029,1095,AFRIQUIA GAZ,ACT,2214,4099.000000,9075186.000000,645625008.130000,0.0140564351
0291096,029,1096,AUTO-HALL,ACT,10983,90.210000,990776.430000,645625008.130000,0.0015346005
0291105,029,1105,MANAGEM,ACT,6150,7550.000000,46432500.000000,645625008.130000,0.0719186825
0291145,029,1145,CIH,ACT,50493,400.000000,20197200.000000,645625008.130000,0.0312831748
0291146,029,1146,RISMA,ACT,7258,370.000000,2685460.000000,645625008.130000,0.0041594733
0291148,029,1148,ITISSALAT AL MAGHRIB,ACT,425274,106.850000,45440526.900000,645625008.130000,0.0703822286
0291151,029,1151,ADDOHA,ACT,312117,29.900000,9332298.300000,645625008.130000,0.0144546729
0291167,029,1167,M2M,ACT,15,467.950000,7019.250000,645625008.130000,0.0000108720
0291171,029,1171,ATLANTASANAD,ACT,12391,135.000000,1672785.000000,645625008.130000,0.0025909545
0291172,029,1172,SNEP,ACT,3193,458.000000,1462394.000000,645625008.130000,0.0022650826
0291179,029,1179,CMT,ACT,2921,2100.000000,6134100.000000,645625008.130000,0.0095010260
0291180,029,1180,LABEL VIE,ACT,6176,4280.000000,26433280.000000,645625008.130000,0.0409421563
0291181,029,1181,ALLIANCES,ACT,19219,498.000000,9571062.000000,645625008.130000,0.0148244908
0291185,029,1185,DELTA HOLDING,ACT,51822,68.000000,3523896.000000,645625008.130000,0.0054581157
0291188,029,1188,BCP,ACT,124992,270.000000,33747840.000000,645625008.130000,0.0522715811
0291194,029,1194,ENNAKL,ACT,21874,50.100000,1095887.400000,645625008.130000,0.0016974054
0291203,029,1203,LESIEUR,ACT,42344,344.950000,14606562.800000,645625008.130000,0.0226239111
0291208,029,1208,JET CONTRACTORS,ACT,1605,2600.000000,4173000.000000,645625008.130000,0.0064635043
0291210,029,1210,S2M,ACT,414,556.000000,230184.000000,645625008.130000,0.0003565289
0291220,029,1220,TAQA MOROCCO,ACT,1536,1945.000000,2987520.000000,645625008.130000,0.0046273300
0291224,029,1224,COSUMAR,ACT,120138,202.950000,24382007.100000,645625008.130000,0.0377649670
0291226,029,1226,TOTALENERGIES MARKETING MAROC,ACT,9485,1598.000000,15157030.000000,645625008.130000,0.0234765225
0291231,029,1231,SODEP-MARSA MAROC,ACT,66858,901.000000,60239058.000000,645625008.130000,0.0933034769
0291232,029,1232,LAFARGE-HOLCIM MAROC,ACT,11312,1799.000000,20350288.000000,645625008.130000,0.0315202908
0291238,029,1238,IMMORENT INVEST,ACT,9960,91.500000,911340.000000,645625008.130000,0.0014115624
0291239,029,1239,MUTANDIS,ACT,19759,244.850000,4837991.150000,645625008.130000,0.0074935002
0291243,029,1243,BANK OF AFRICA,ACT,140124,209.000000,29285916.000000,645625008.130000,0.0453605663
0291244,029,1244,ATW,ACT,99050,731.000000,72405550.000000,645625008.130000,0.1121479947
0291246,029,1246,ARADEI CAPITAL,ACT,10632,440.000000,4678080.000000,645625008.130000,0.0072458160
0291250,029,1250,SOTHEMA,ACT,1537,1730.000000,2659010.000000,645625008.130000,0.0041185053
0291252,029,1252,TGCC,ACT,38542,834.300000,32155590.600000,645625008.130000,0.0498053672
0291258,029,1258,AKDITAL,ACT,21960,1119.000000,24573240.000000,645625008.130000,0.0380611651
0291261,029,1261,HPS (VN 10),ACT,18335,520.000000,9534200.000000,645625008.130000,0.0147673957
0291262,029,1262,CFG BANK,ACT,19646,230.000000,4518580.000000,645625008.130000,0.0069987685
0291271,029,1271,CMGP GROUP,ACT,18388,376.000000,6913888.000000,645625008.130000,0.0107088293
0291275,029,1275,VICENNE,ACT,2062,420.000000,866040.000000,645625008.130000,0.0013413979
0291276,029,1276,CASH PLUS,ACT,2988,290.000000,866520.000000,645625008.130000,0.0013421413
0291278,029,1278,SGTM,ACT,17993,835.000000,15024155.000000,645625008.130000,0.0232707141
02980129,029,80129,Droit d ' Attribution BOA 1/48  2025,ACT,33,4.350000,143.550000,645625008.130000,0.0000002223
031050,031,050,FCP ATTIJARI GOLD,OPC,1260,2880.200000,3629052.000000,357307340.500000,0.0101566679
0311050,031,1050,CIMENTS DU MAROC,ACT,3926,1737.000000,6819462.000000,357307340.500000,0.0190857036
0311080,031,1080,SAMIR,ACT,3704,0.000000,0.000000,357307340.500000,0.0000000000
0311081,031,1081,BMCI,ACT,3954,629.000000,2487066.000000,357307340.500000,0.0069605791
0311092,031,1092,WAFA ASSURANCE,ACT,2539,4900.000000,12441100.000000,357307340.500000,0.0348190440
0311095,031,1095,AFRIQUIA GAZ,ACT,513,4099.000000,2102787.000000,357307340.500000,0.0058850932
0311180,031,1180,LABEL VIE,ACT,1,4280.000000,4280.000000,357307340.500000,0.0000119785
0311188,031,1188,BCP,ACT,4507,270.000000,1216890.000000,357307340.500000,0.0034057235
0311220,031,1220,TAQA MOROCCO,ACT,1937,1945.000000,3767465.000000,357307340.500000,0.0105440459
0311223,031,1223,RESIDENCES DAR SAADA,ACT,80143,155.000000,12422165.000000,357307340.500000,0.0347660504
0311224,031,1224,COSUMAR,ACT,63500,202.950000,12887325.000000,357307340.500000,0.0360678988
0311226,031,1226,TOTALENERGIES MARKETING MAROC,ACT,6729,1598.000000,10752942.000000,357307340.500000,0.0300943775
0311231,031,1231,SODEP-MARSA MAROC,ACT,34515,901.000000,31098015.000000,357307340.500000,0.0870343580
0311232,031,1232,LAFARGE-HOLCIM MAROC,ACT,11581,1799.000000,20834219.000000,357307340.500000,0.0583089588
0311244,031,1244,ATW,ACT,95505,731.000000,69814155.000000,357307340.500000,0.1953896466
0311250,031,1250,SOTHEMA,ACT,19392,1730.000000,33548160.000000,357307340.500000,0.0938916059
0311252,031,1252,TGCC,ACT,30183,834.300000,25181676.900000,357307340.500000,0.0704762372
0311258,031,1258,AKDITAL,ACT,11590,1119.000000,12969210.000000,357307340.500000,0.0362970713
0311261,031,1261,HPS (VN 10),ACT,3900,520.000000,2028000.000000,357307340.500000,0.0056757860
0311262,031,1262,CFG BANK,ACT,72886,230.000000,16763780.000000,357307340.500000,0.0469169762
0311275,031,1275,VICENNE,ACT,1428,420.000000,599760.000000,357307340.500000,0.0016785549
0311276,031,1276,CASH PLUS,ACT,1675,290.000000,485750.000000,357307340.500000,0.0013594739
0311278,031,1278,SGTM,ACT,13962,835.000000,11658270.000000,357307340.500000,0.0326281290
031201657,031,201657,BDT DU 14/06/2021 5 ANS à 2.00%,OBL,77,100334.050000,7725721.850000,357307340.500000,0.0216220631
0313984,031,3984,FCP STERLING EQUITY,OPC,31362,932.100000,29232520.200000,357307340.500000,0.0818133771
031US02079K1079,031,US02079K1079,GOOG ALPHABET C,ACT,2211,331.330000,732570.630000,357307340.500000,0.0020502535
031US0231351067,031,US0231351067,AMAZON,ACT,1898,222.690000,422665.620000,357307340.500000,0.0011829189
031US0378331005,031,US0378331005,APPLE INC,ACT,1942,275.910000,535817.220000,357307340.500000,0.0014995976
031US30303M1027,031,US30303M1027,META PLATFORMS CLA,ACT,702,670.210000,470487.420000,357307340.500000,0.0013167583
031US5949181045,031,US5949181045,MICROSOFT,ACT,823,393.670000,323990.410000,357307340.500000,0.0009067555
031US67066G1040,031,US67066G1040,NVIDIA ORD,ACT,2373,171.880000,407871.240000,357307340.500000,0.0011415137
031XS2080771806,031,XS2080771806,EUROBOND DU 27/11/2019 11 ans (2031),OBL,280,1003.040000,280851.200000,357307340.500000,0.0007860214
0331001,033,1001,SONASID,ACT,26,1985.000000,51610.000000,21472806.980000,0.0024035050
0331006,033,1006,SMI,ACT,21,5300.000000,111300.000000,21472806.980000,0.0051833000
0331035,033,1035,CREDIT EQDOM,ACT,43,1380.000000,59340.000000,21472806.980000,0.0027634952
0331036,033,1036,SOCIETE DE BOISSONS DU MAROC,ACT,30,2209.000000,66270.000000,21472806.980000,0.0030862290
0331038,033,1038,CDM,ACT,172,1040.000000,178880.000000,21472806.980000,0.0083305364
0331050,033,1050,CIMENTS DU MAROC,ACT,315,1737.000000,547155.000000,21472806.980000,0.0254812983
0331080,033,1080,SAMIR,ACT,184,0.000000,0.000000,21472806.980000,0.0000000000
0331081,033,1081,BMCI,ACT,131,629.000000,82399.000000,21472806.980000,0.0038373651
0331092,033,1092,WAFA ASSURANCE,ACT,114,4900.000000,558600.000000,21472806.980000,0.0260142980
0331095,033,1095,AFRIQUIA GAZ,ACT,35,4099.000000,143465.000000,21472806.980000,0.0066812411
0331096,033,1096,AUTO-HALL,ACT,676,90.210000,60981.960000,21472806.980000,0.0028399622
0331105,033,1105,MANAGEM,ACT,195,7550.000000,1472250.000000,21472806.980000,0.0685634627
0331145,033,1145,CIH,ACT,977,400.000000,390800.000000,21472806.980000,0.0181997631
0331146,033,1146,RISMA,ACT,290,370.000000,107300.000000,21472806.980000,0.0049970179
0331148,033,1148,ITISSALAT AL MAGHRIB,ACT,10023,106.850000,1070957.550000,21472806.980000,0.0498750606
0331151,033,1151,ADDOHA,ACT,4940,29.900000,147706.000000,21472806.980000,0.0068787467
0331167,033,1167,M2M,ACT,1,467.950000,467.950000,21472806.980000,0.0000217927
0331172,033,1172,SNEP,ACT,74,458.000000,33892.000000,21472806.980000,0.0015783684
0331179,033,1179,CMT,ACT,1,2100.000000,2100.000000,21472806.980000,0.0000977981
0331180,033,1180,LABEL VIE,ACT,110,4280.000000,470800.000000,21472806.980000,0.0219254055
0331181,033,1181,ALLIANCES,ACT,400,498.000000,199200.000000,21472806.980000,0.0092768496
0331185,033,1185,DELTA HOLDING,ACT,848,68.000000,57664.000000,21472806.980000,0.0026854430
0331188,033,1188,BCP,ACT,1878,270.000000,507060.000000,21472806.980000,0.0236140529
0331203,033,1203,LESIEUR,ACT,1359,344.950000,468787.050000,21472806.980000,0.0218316613
0331208,033,1208,JET CONTRACTORS,ACT,57,2600.000000,148200.000000,21472806.980000,0.0069017525
0331210,033,1210,S2M,ACT,48,556.000000,26688.000000,21472806.980000,0.0012428743
0331220,033,1220,TAQA MOROCCO,ACT,10,1945.000000,19450.000000,21472806.980000,0.0009057968
0331224,033,1224,COSUMAR,ACT,1884,202.950000,382357.800000,21472806.980000,0.0178066054
0331226,033,1226,TOTALENERGIES MARKETING MAROC,ACT,190,1598.000000,303620.000000,21472806.980000,0.0141397443
0331231,033,1231,SODEP-MARSA MAROC,ACT,1535,901.000000,1383035.000000,21472806.980000,0.0644086729
0331232,033,1232,LAFARGE-HOLCIM MAROC,ACT,211,1799.000000,379589.000000,21472806.980000,0.0176776609
0331239,033,1239,MUTANDIS,ACT,685,244.850000,167722.250000,21472806.980000,0.0078109141
0331243,033,1243,BANK OF AFRICA,ACT,2229,209.000000,465861.000000,21472806.980000,0.0216953936
0331244,033,1244,ATW,ACT,2791,731.000000,2040221.000000,21472806.980000,0.0950141731
0331246,033,1246,ARADEI CAPITAL,ACT,90,440.000000,39600.000000,21472806.980000,0.0018441930
0331250,033,1250,SOTHEMA,ACT,29,1730.000000,50170.000000,21472806.980000,0.0023364435
0331252,033,1252,TGCC,ACT,595,834.300000,496408.500000,21472806.980000,0.0231180069
0331253,033,1253,DISTY TECHNOLOGIES,ACT,2,324.000000,648.000000,21472806.980000,0.0000301777
0331258,033,1258,AKDITAL,ACT,333,1119.000000,372627.000000,21472806.980000,0.0173534369
0331261,033,1261,HPS (VN 10),ACT,193,520.000000,100360.000000,21472806.980000,0.0046738184
0331271,033,1271,CMGP GROUP,ACT,312,376.000000,117312.000000,21472806.980000,0.0054632820
0331275,033,1275,VICENNE,ACT,24,420.000000,10080.000000,21472806.980000,0.0004694309
0331278,033,1278,SGTM,ACT,298,835.000000,248830.000000,21472806.980000,0.0115881450
033201552,033,201552,BDT DU 17/06/2020 10 ANS 2.7%,OBL,13,101098.560000,1314281.280000,21472806.980000,0.0612067757
033201808,033,201808,BDT DU 20/03/2023 à 4.90% 15 ans,OBL,32,119318.130000,3818180.160000,21472806.980000,0.1778146734
033201840,033,201840,BDT du 15/10/2024 à 3.50%  5 ANS ATYP 15/01/2024,OBL,30,103575.970000,3107279.100000,21472806.980000,0.1447076343
033201862,033,201862,BDT du 15/04/2025  5 ans à 3.30%  ATYP 15/07/2024,OBL,3,106923.500000,320770.500000,21472806.980000,0.0149384522
0335106,033,5106,OBLIGATION A1 MIFTTAH 09/12/2019 12 ANS AMORT,OBL,18,32551.560000,585928.080000,21472806.980000,0.0272869812
03380129,033,80129,Droit d ' Attribution BOA 1/48  2025,ACT,24,4.350000,104.400000,21472806.980000,0.0000048620
0339411,033,9411,OBL ONCF du 31/10/19 à 4.02% 30 ANS AMRT LIN 15ans,OBL,2,104064.870000,208129.740000,21472806.980000,0.0096927123
0451001,045,1001,SONASID,ACT,1672,1985.000000,3318920.000000,1674298641.890000,0.0019822748
0451006,045,1006,SMI,ACT,839,5300.000000,4446700.000000,1674298641.890000,0.0026558583
0451035,045,1035,CREDIT EQDOM,ACT,1714,1380.000000,2365320.000000,1674298641.890000,0.0014127229
0451038,045,1038,CDM,ACT,9040,1040.000000,9401600.000000,1674298641.890000,0.0056152467
0451050,045,1050,CIMENTS DU MAROC,ACT,12148,1737.000000,21101076.000000,1674298641.890000,0.0126029344
0451080,045,1080,SAMIR,ACT,6497,0.000000,0.000000,1674298641.890000,0.0000000000
0451081,045,1081,BMCI,ACT,5786,629.000000,3639394.000000,1674298641.890000,0.0021736827
0451092,045,1092,WAFA ASSURANCE,ACT,4583,4900.000000,22456700.000000,1674298641.890000,0.0134126012
0451095,045,1095,AFRIQUIA GAZ,ACT,1625,4099.000000,6660875.000000,1674298641.890000,0.0039783076
0451105,045,1105,MANAGEM,ACT,4401,7550.000000,33227550.000000,1674298641.890000,0.0198456531
0451145,045,1145,CIH,ACT,50933,400.000000,20373200.000000,1674298641.890000,0.0121681996
0451146,045,1146,RISMA,ACT,5867,370.000000,2170790.000000,1674298641.890000,0.0012965369
0451148,045,1148,ITISSALAT AL MAGHRIB,ACT,391638,106.850000,41846520.300000,1674298641.890000,0.0249934625
0451151,045,1151,ADDOHA,ACT,163587,29.900000,4891251.300000,1674298641.890000,0.0029213733
0451171,045,1171,ATLANTASANAD,ACT,11852,135.000000,1600020.000000,1674298641.890000,0.0009556360
0451172,045,1172,SNEP,ACT,3504,458.000000,1604832.000000,1674298641.890000,0.0009585100
0451179,045,1179,CMT,ACT,199,2100.000000,417900.000000,1674298641.890000,0.0002495970
0451180,045,1180,LABEL VIE,ACT,5006,4280.000000,21425680.000000,1674298641.890000,0.0127968090
0451181,045,1181,ALLIANCES,ACT,12865,498.000000,6406770.000000,1674298641.890000,0.0038265396
0451185,045,1185,DELTA HOLDING,ACT,33546,68.000000,2281128.000000,1674298641.890000,0.0013624379
0451188,045,1188,BCP,ACT,70263,270.000000,18971010.000000,1674298641.890000,0.0113307205
0451208,045,1208,JET CONTRACTORS,ACT,968,2600.000000,2516800.000000,1674298641.890000,0.0015031966
0451220,045,1220,TAQA MOROCCO,ACT,373,1945.000000,725485.000000,1674298641.890000,0.0004333068
0451224,045,1224,COSUMAR,ACT,89683,202.950000,18201164.850000,1674298641.890000,0.0108709190
0451226,045,1226,TOTALENERGIES MARKETING MAROC,ACT,7608,1598.000000,12157584.000000,1674298641.890000,0.0072612996
0451231,045,1231,SODEP-MARSA MAROC,ACT,57385,901.000000,51703885.000000,1674298641.890000,0.0308809215
0451232,045,1232,LAFARGE-HOLCIM MAROC,ACT,8439,1799.000000,15181761.000000,1674298641.890000,0.0090675347
0451239,045,1239,MUTANDIS,ACT,13898,244.850000,3402925.300000,1674298641.890000,0.0020324482
0451243,045,1243,BANK OF AFRICA,ACT,90021,209.000000,18814389.000000,1674298641.890000,0.0112371763
0451244,045,1244,ATW,ACT,115467,731.000000,84406377.000000,1674298641.890000,0.0504129759
0451246,045,1246,ARADEI CAPITAL,ACT,13387,440.000000,5890280.000000,1674298641.890000,0.0035180582
0451250,045,1250,SOTHEMA,ACT,5278,1730.000000,9130940.000000,1674298641.890000,0.0054535910
0451252,045,1252,TGCC,ACT,24040,834.300000,20056572.000000,1674298641.890000,0.0119790887
0451258,045,1258,AKDITAL,ACT,12714,1119.000000,14226966.000000,1674298641.890000,0.0084972690
0451261,045,1261,HPS (VN 10),ACT,11215,520.000000,5831800.000000,1674298641.890000,0.0034831301
0451262,045,1262,CFG BANK,ACT,9250,230.000000,2127500.000000,1674298641.890000,0.0012706813
0451271,045,1271,CMGP GROUP,ACT,12548,376.000000,4718048.000000,1674298641.890000,0.0028179250
0451275,045,1275,VICENNE,ACT,2062,420.000000,866040.000000,1674298641.890000,0.0005172554
0451276,045,1276,CASH PLUS,ACT,3454,290.000000,1001660.000000,1674298641.890000,0.0005982565
0451278,045,1278,SGTM,ACT,11693,835.000000,9763655.000000,1674298641.890000,0.0058314895
045200802,045,200802,BDT 30 ans du 04/12/2006 4.5%,OBL,170,112748.260000,19167204.200000,1674298641.890000,0.0114479005
045201328,045,201328,BDT DU 31/03/2014 à 5.85% 20 ans,OBL,60,124940.480000,7496428.800000,1674298641.890000,0.0044773546
045201344,045,201344,BDT du 19/02/15 à 5.65% ATYP 04/08/14 20 ANS,OBL,400,125359.650000,50143860.000000,1674298641.890000,0.0299491732
045201386,045,201386,BDT DU 04/02/2016 20 ANS à 4.40%,OBL,231,110718.550000,25575985.050000,1674298641.890000,0.0152756410
045201524,045,201524,BDT du 02/04/18 ATYP 16/08/18 à 3.95% 20 ANS,OBL,150,108898.560000,16334784.000000,1674298641.890000,0.0097561950
045201552,045,201552,BDT DU 17/06/2020 10 ANS 2.7%,OBL,184,101098.560000,18602135.040000,1674298641.890000,0.0111104044
045201631,045,201631,BDT du 14/07/2021 ATYP 18/01/2021 à 3.45% 15 ans,OBL,1003,97969.400000,98263308.200000,1674298641.890000,0.0586892360
045201792,045,201792,BDT du 16/01/2023 atp  a 4.20%  10 ans,OBL,1000,110402.310000,110402310.000000,1674298641.890000,0.0659394371
045201793,045,201793,BDT du 17/08/2023 à 4.75%  20 ans ATYP 16/01/2023,OBL,451,118578.110000,53478727.610000,1674298641.890000,0.0319409729
045201808,045,201808,BDT DU 20/03/2023 à 4.90% 15 ans,OBL,2160,119318.130000,257727160.800000,1674298641.890000,0.1539314160
045201809,045,201809,BDT DU 20/03/2023 à 5.5 30 ans,OBL,1337,131399.420000,175681024.540000,1674298641.890000,0.1049281294
045201837,045,201837,BDT du 18/09/2024 à 4%  10 ANS ATYP 02/01/2024,OBL,170,108473.110000,18440428.700000,1674298641.890000,0.0110138229
045201854,045,201854,BDT du 15/02/2025  30ans à 4.90%  ATYP 04/06/2024,OBL,271,123692.920000,33520781.320000,1674298641.890000,0.0200207899
045201862,045,201862,BDT du 15/04/2025  5 ans à 3.30%  ATYP 15/07/2024,OBL,100,106923.500000,10692350.000000,1674298641.890000,0.0063861666
045201896,045,201896,BDT du 14/05/2025 à 2.90%   10 ANS ATYP 05/05/2025,OBL,200,100587.910000,20117582.000000,1674298641.890000,0.0120155279
045201898,045,201898,BDT du 21/08/2025 à 3.40%  20 ANS ATYP 02/06/2025,OBL,100,99820.550000,9982055.000000,1674298641.890000,0.0059619322
045201905,045,201905,BDT du 16/07/2025 à 3.05%  15 ans ATYP 16/06/2025,OBL,150,98573.020000,14785953.000000,1674298641.890000,0.0088311324
0455107,045,5107,OBL MIFTAH A2 du 09/12/2019 DU 3.51% AMORT,OBL,60,100155.000000,6009300.000000,1674298641.890000,0.0035891446
04580129,045,80129,Droit d ' Attribution BOA 1/48  2025,ACT,8,4.350000,34.800000,1674298641.890000,0.0000000208
0459253,045,9253,OBL ADM du 10/06/2015 à 4.80% 20 ans,OBL,600,113406.130000,68043678.000000,1674298641.890000,0.0406401082
0459394,045,9394,OBL ADM du 29/04/19 30ans à 4.33% AMORT avec DIF 15ans,OBL,403,109775.120000,44239373.360000,1674298641.890000,0.0264226299
0459395,045,9395,OBL ANP du 04/06/2019 à 3.91% 15 ans TRANCH B,OBL,95,61843.000000,5875085.000000,1674298641.890000,0.0035089827
0459411,045,9411,OBL ONCF du 31/10/19 à 4.02% 30 ANS AMRT LIN 15ans,OBL,263,104064.870000,27369060.810000,1674298641.890000,0.0163465825
0459523,045,9523,OBL MANAGEM du 21/12/2021 à 3.22% 7 ANS,OBL,359,98933.120000,35516990.080000,1674298641.890000,0.0212130555
0459534,045,9534,"OBL TMSA Participations du 15/03/2022 à 3,70%  15 ans",OBL,1000,99046.000000,99046000.000000,1674298641.890000,0.0591567105
0459647,045,9647,OBL OCP ORD SUB Fixe  DU 16/12/2024  30 ANS,OBL,286,107089.530000,30627605.580000,1674298641.890000,0.0182927972
0459714,045,9714,"OBL ORD MARJANE  du  07/07/2025  Fixe 7 ans AMORT 3,10%",OBL,500,100549.970000,50274985.000000,1674298641.890000,0.0300274896
0461001,046,1001,SONASID,ACT,11148,1985.000000,22128780.000000,1525967740.050000,0.0145014730
0461035,046,1035,CREDIT EQDOM,ACT,8737,1380.000000,12057060.000000,1525967740.050000,0.0079012548
0461036,046,1036,SOCIETE DE BOISSONS DU MAROC,ACT,3335,2209.000000,7367015.000000,1525967740.050000,0.0048277659
0461038,046,1038,CDM,ACT,23828,1040.000000,24781120.000000,1525967740.050000,0.0162396094
0461050,046,1050,CIMENTS DU MAROC,ACT,41235,1737.000000,71625195.000000,1525967740.050000,0.0469375552
0461080,046,1080,SAMIR,ACT,18869,0.000000,0.000000,1525967740.050000,0.0000000000
0461081,046,1081,BMCI,ACT,16813,629.000000,10575377.000000,1525967740.050000,0.0069302756
0461092,046,1092,WAFA ASSURANCE,ACT,12775,4900.000000,62597500.000000,1525967740.050000,0.0410215094
0461095,046,1095,AFRIQUIA GAZ,ACT,5169,4099.000000,21187731.000000,1525967740.050000,0.0138847830
0461105,046,1105,MANAGEM,ACT,14294,7550.000000,107919700.000000,1525967740.050000,0.0707221373
0461145,046,1145,CIH,ACT,118569,400.000000,47427600.000000,1525967740.050000,0.0310803425
0461146,046,1146,RISMA,ACT,11767,370.000000,4353790.000000,1525967740.050000,0.0028531337
0461148,046,1148,ITISSALAT AL MAGHRIB,ACT,1036145,106.850000,110712093.250000,1525967740.050000,0.0725520536
0461151,046,1151,ADDOHA,ACT,834804,29.900000,24960639.600000,1525967740.050000,0.0163572525
0461171,046,1171,ATLANTASANAD,ACT,29636,135.000000,4000860.000000,1525967740.050000,0.0026218510
0461172,046,1172,SNEP,ACT,6986,458.000000,3199588.000000,1525967740.050000,0.0020967599
0461180,046,1180,LABEL VIE,ACT,13829,4280.000000,59188120.000000,1525967740.050000,0.0387872682
0461181,046,1181,ALLIANCES,ACT,47987,498.000000,23897526.000000,1525967740.050000,0.0156605709
0461185,046,1185,DELTA HOLDING,ACT,66081,68.000000,4493508.000000,1525967740.050000,0.0029446940
0461188,046,1188,BCP,ACT,220557,270.000000,59550390.000000,1525967740.050000,0.0390246716
0461203,046,1203,LESIEUR,ACT,144289,344.950000,49772490.550000,1525967740.050000,0.0326170005
0461208,046,1208,JET CONTRACTORS,ACT,7432,2600.000000,19323200.000000,1525967740.050000,0.0126629151
0461220,046,1220,TAQA MOROCCO,ACT,3260,1945.000000,6340700.000000,1525967740.050000,0.0041551992
0461224,046,1224,COSUMAR,ACT,271932,202.950000,55188599.400000,1525967740.050000,0.0361662950
0461226,046,1226,TOTALENERGIES MARKETING MAROC,ACT,18017,1598.000000,28791166.000000,1525967740.050000,0.0188674801
0461231,046,1231,SODEP-MARSA MAROC,ACT,149853,901.000000,135017553.000000,1525967740.050000,0.0884799524
0461232,046,1232,LAFARGE-HOLCIM MAROC,ACT,37584,1799.000000,67613616.000000,1525967740.050000,0.0443086798
0461239,046,1239,MUTANDIS,ACT,42919,244.850000,10508717.150000,1525967740.050000,0.0068865919
0461243,046,1243,BANK OF AFRICA,ACT,330088,209.000000,68988392.000000,1525967740.050000,0.0452096006
0461244,046,1244,ATW,ACT,385604,731.000000,281876524.000000,1525967740.050000,0.1847198447
0461246,046,1246,ARADEI CAPITAL,ACT,29910,440.000000,13160400.000000,1525967740.050000,0.0086242977
0461250,046,1250,SOTHEMA,ACT,6160,1730.000000,10656800.000000,1525967740.050000,0.0069836339
0461252,046,1252,TGCC,ACT,94165,834.300000,78561859.500000,1525967740.050000,0.0514833030
0461258,046,1258,AKDITAL,ACT,55550,1119.000000,62160450.000000,1525967740.050000,0.0407351010
0461261,046,1261,HPS (VN 10),ACT,47636,520.000000,24770720.000000,1525967740.050000,0.0162327940
0461262,046,1262,CFG BANK,ACT,35474,230.000000,8159020.000000,1525967740.050000,0.0053467841
0461271,046,1271,CMGP GROUP,ACT,48506,376.000000,18238256.000000,1525967740.050000,0.0119519276
0461275,046,1275,VICENNE,ACT,14897,420.000000,6256740.000000,1525967740.050000,0.0041001784
0461276,046,1276,CASH PLUS,ACT,3454,290.000000,1001660.000000,1525967740.050000,0.0006564097
0461278,046,1278,SGTM,ACT,42643,835.000000,35606905.000000,1525967740.050000,0.0233339828
0466066,046,6066,OPCI CIMR  IMMO PRENIUM SPI-RFA,DIV,1,95.080000,95.080000,1525967740.050000,0.0000000623
04680129,046,80129,Droit d ' Attribution BOA 1/48  2025,ACT,24,4.350000,104.400000,1525967740.050000,0.0000000684
0481035,048,1035,CREDIT EQDOM,ACT,463,1380.000000,638940.000000,208644665.520000,0.0030623357
0481038,048,1038,CDM,ACT,2614,1040.000000,2718560.000000,208644665.520000,0.0130296166
0481050,048,1050,CIMENTS DU MAROC,ACT,2739,1737.000000,4757643.000000,208644665.520000,0.0228026103
0481081,048,1081,BMCI,ACT,4357,629.000000,2740553.000000,208644665.520000,0.0131350255
0481092,048,1092,WAFA ASSURANCE,ACT,1303,4900.000000,6384700.000000,208644665.520000,0.0306008303
0481105,048,1105,MANAGEM,ACT,738,7550.000000,5571900.000000,208644665.520000,0.0267052119
0481145,048,1145,CIH,ACT,9850,400.000000,3940000.000000,208644665.520000,0.0188837802
0481148,048,1148,ITISSALAT AL MAGHRIB,ACT,72093,106.850000,7703137.050000,208644665.520000,0.0369198850
0481180,048,1180,LABEL VIE,ACT,1145,4280.000000,4900600.000000,208644665.520000,0.0234877800
0481185,048,1185,DELTA HOLDING,ACT,6752,68.000000,459136.000000,208644665.520000,0.0022005643
0481188,048,1188,BCP,ACT,8596,270.000000,2320920.000000,208644665.520000,0.0111237927
0481226,048,1226,TOTALENERGIES MARKETING MAROC,ACT,3378,1598.000000,5398044.000000,208644665.520000,0.0258719483
0481231,048,1231,SODEP-MARSA MAROC,ACT,20000,901.000000,18020000.000000,208644665.520000,0.0863669337
0481243,048,1243,BANK OF AFRICA,ACT,3376,209.000000,705584.000000,208644665.520000,0.0033817495
0481244,048,1244,ATW,ACT,20785,731.000000,15193835.000000,208644665.520000,0.0728215838
0481246,048,1246,ARADEI CAPITAL,ACT,1984,440.000000,872960.000000,208644665.520000,0.0041839555
0481252,048,1252,TGCC,ACT,9327,834.300000,7781516.100000,208644665.520000,0.0372955430
0481258,048,1258,AKDITAL,ACT,4045,1119.000000,4526355.000000,208644665.520000,0.0216940845
0481261,048,1261,HPS (VN 10),ACT,3890,520.000000,2022800.000000,208644665.520000,0.0096949519
0481271,048,1271,CMGP GROUP,ACT,4211,376.000000,1583336.000000,208644665.520000,0.0075886723
0481275,048,1275,VICENNE,ACT,872,420.000000,366240.000000,208644665.520000,0.0017553288
0481276,048,1276,CASH PLUS,ACT,968,290.000000,280720.000000,208644665.520000,0.0013454454
0481278,048,1278,SGTM,ACT,2957,835.000000,2469095.000000,208644665.520000,0.0118339714
048152398,048,152398,CD CIH du 25/06/2021 à 2.61%  7ans,TCN,32,100476.740000,3215255.680000,208644665.520000,0.0154101983
048201553,048,201553,BDT DU 14/02/2020 30ANS 4%,OBL,10,107456.420000,1074564.200000,208644665.520000,0.0051502117
048201554,048,201554,BDT du 16/07/2020 à 3% ATYP 20/01/2020 15 ans,OBL,31,100787.010000,3124397.310000,208644665.520000,0.0149747289
048201631,048,201631,BDT du 14/07/2021 ATYP 18/01/2021 à 3.45% 15 ans,OBL,40,97969.400000,3918776.000000,208644665.520000,0.0187820570
048201651,048,201651,BDT du 20/04/2021 ATYP 16/06/2021 à 2.30% 10 ans,OBL,200,98472.670000,19694534.000000,208644665.520000,0.0943927033
048201808,048,201808,BDT DU 20/03/2023 à 4.90% 15 ans,OBL,264,119318.130000,31499986.320000,208644665.520000,0.1509743191
048201837,048,201837,BDT du 18/09/2024 à 4%  10 ANS ATYP 02/01/2024,OBL,63,108473.110000,6833805.930000,208644665.520000,0.0327533221
048201862,048,201862,BDT du 15/04/2025  5 ans à 3.30%  ATYP 15/07/2024,OBL,109,106923.500000,11654661.500000,208644665.520000,0.0558589000
0485106,048,5106,OBLIGATION A1 MIFTTAH 09/12/2019 12 ANS AMORT,OBL,55,32551.560000,1790335.800000,208644665.520000,0.0085807888
0485116,048,5116,OBLIGATION A1 MIFTTAH 11/06/2021 12 ANS AMORT,OBL,86,55969.610000,4813386.460000,208644665.520000,0.0230697797
04880129,048,80129,Droit d ' Attribution BOA 1/48  2025,ACT,44,4.350000,191.400000,208644665.520000,0.0000009173
0489395,048,9395,OBL ANP du 04/06/2019 à 3.91% 15 ans TRANCH B,OBL,94,61843.000000,5813242.000000,208644665.520000,0.0278619249
0489411,048,9411,OBL ONCF du 31/10/19 à 4.02% 30 ANS AMRT LIN 15ans,OBL,32,104064.870000,3330075.840000,208644665.520000,0.0159605127
0489425,048,9425,OBL SUB BCP du 26/12/2019 à 3.28% 10ans  Fixe,OBL,27,100108.670000,2702934.090000,208644665.520000,0.0129547242
0489431,048,9431,OBL SUB ATW du 31/12/2019 à 2.97% 7 ANS Amrt 5ans,OBL,51,20070.150000,1023577.650000,208644665.520000,0.0049058415
0489523,048,9523,OBL MANAGEM du 21/12/2021 à 3.22% 7 ANS,OBL,38,98933.120000,3759458.560000,208644665.520000,0.0180184744
0489644,048,9644,OBL OCP ORD SUB Fixe  DU 16/12/2024  10 ANS,OBL,26,102621.920000,2668169.920000,208644665.520000,0.0127881051
048XS1061043367,048,XS1061043367,OBL OCP INTERNATIONAL à 6.875%  30 ANS,OBL,1688,1020.490000,1722587.120000,208644665.520000,0.0082560803
048XS2810168810,048,XS2810168810,OBL OCP INTERNATIONAL 7.50% 30ANS,OBL,214,1020.800000,218451.200000,208644665.520000,0.0010470011
0491001,049,1001,SONASID,ACT,11478,1985.000000,22783830.000000,1581555117.640000,0.0144059665
0491035,049,1035,CREDIT EQDOM,ACT,8885,1380.000000,12261300.000000,1581555117.640000,0.0077526859
0491038,049,1038,CDM,ACT,23442,1040.000000,24379680.000000,1581555117.640000,0.0154150050
0491050,049,1050,CIMENTS DU MAROC,ACT,44227,1737.000000,76822299.000000,1581555117.640000,0.0485738993
0491080,049,1080,SAMIR,ACT,12950,0.000000,0.000000,1581555117.640000,0.0000000000
0491081,049,1081,BMCI,ACT,17340,629.000000,10906860.000000,1581555117.640000,0.0068962883
0491092,049,1092,WAFA ASSURANCE,ACT,15023,4900.000000,73612700.000000,1581555117.640000,0.0465445049
0491095,049,1095,AFRIQUIA GAZ,ACT,5631,4099.000000,23081469.000000,1581555117.640000,0.0145941604
0491105,049,1105,MANAGEM,ACT,15077,7550.000000,113831350.000000,1581555117.640000,0.0719743174
0491145,049,1145,CIH,ACT,123678,400.000000,49471200.000000,1581555117.640000,0.0312800986
0491146,049,1146,RISMA,ACT,14475,370.000000,5355750.000000,1581555117.640000,0.0033863821
0491148,049,1148,ITISSALAT AL MAGHRIB,ACT,1054295,106.850000,112651420.750000,1581555117.640000,0.0712282610
0491151,049,1151,ADDOHA,ACT,984492,29.900000,29436310.800000,1581555117.640000,0.0186122573
0491171,049,1171,ATLANTASANAD,ACT,14527,135.000000,1961145.000000,1581555117.640000,0.0012400105
0491172,049,1172,SNEP,ACT,10451,458.000000,4786558.000000,1581555117.640000,0.0030264883
0491179,049,1179,CMT,ACT,5551,2100.000000,11657100.000000,1581555117.640000,0.0073706568
0491180,049,1180,LABEL VIE,ACT,14296,4280.000000,61186880.000000,1581555117.640000,0.0386877949
0491181,049,1181,ALLIANCES,ACT,45426,498.000000,22622148.000000,1581555117.640000,0.0143037367
0491185,049,1185,DELTA HOLDING,ACT,67509,68.000000,4590612.000000,1581555117.640000,0.0029025938
0491188,049,1188,BCP,ACT,229141,270.000000,61868070.000000,1581555117.640000,0.0391185039
0491208,049,1208,JET CONTRACTORS,ACT,8098,2600.000000,21054800.000000,1581555117.640000,0.0133127197
0491220,049,1220,TAQA MOROCCO,ACT,3317,1945.000000,6451565.000000,1581555117.640000,0.0040792540
0491224,049,1224,COSUMAR,ACT,275828,202.950000,55979292.600000,1581555117.640000,0.0353950943
0491226,049,1226,TOTALENERGIES MARKETING MAROC,ACT,18388,1598.000000,29384024.000000,1581555117.640000,0.0185791969
0491231,049,1231,SODEP-MARSA MAROC,ACT,155485,901.000000,140091985.000000,1581555117.640000,0.0885786296
0491232,049,1232,LAFARGE-HOLCIM MAROC,ACT,34695,1799.000000,62416305.000000,1581555117.640000,0.0394651469
0491239,049,1239,MUTANDIS,ACT,49964,244.850000,12233685.400000,1581555117.640000,0.0077352255
0491243,049,1243,BANK OF AFRICA,ACT,343019,209.000000,71690971.000000,1581555117.640000,0.0453294167
0491244,049,1244,ATW,ACT,399794,731.000000,292249414.000000,1581555117.640000,0.1847861075
0491246,049,1246,ARADEI CAPITAL,ACT,34047,440.000000,14980680.000000,1581555117.640000,0.0094721201
0491250,049,1250,SOTHEMA,ACT,4290,1730.000000,7421700.000000,1581555117.640000,0.0046926597
0491252,049,1252,TGCC,ACT,97993,834.300000,81755559.900000,1581555117.640000,0.0516931462
0491258,049,1258,AKDITAL,ACT,56455,1119.000000,63173145.000000,1581555117.640000,0.0399436885
0491261,049,1261,HPS (VN 10),ACT,49331,520.000000,25652120.000000,1581555117.640000,0.0162195549
0491262,049,1262,CFG BANK,ACT,37598,230.000000,8647540.000000,1581555117.640000,0.0054677449
0491271,049,1271,CMGP GROUP,ACT,48675,376.000000,18301800.000000,1581555117.640000,0.0115720279
0491275,049,1275,VICENNE,ACT,15444,420.000000,6486480.000000,1581555117.640000,0.0041013303
0491276,049,1276,CASH PLUS,ACT,3454,290.000000,1001660.000000,1581555117.640000,0.0006333387
0491278,049,1278,SGTM,ACT,44122,835.000000,36841870.000000,1581555117.640000,0.0232947114
0496018,049,6018,OPCI CMR O STONE SPI FRA,DIV,1,107.130000,107.130000,1581555117.640000,0.0000000677
0496029,049,6029,OPCI CMR TBINAYAT SPI-RFA,DIV,1,111.020000,111.020000,1581555117.640000,0.0000000702
0496040,049,6040,OPCI CMR ASTONE,DIV,1,111.060000,111.060000,1581555117.640000,0.0000000702
0496052,049,6052,OPCI Anfa REIT SPI,DIV,450000,95.760000,43092000.000000,1581555117.640000,0.0272466002
0496059,049,6059,OPCI CMR RPATRIMOINE SPI-RFA,DIV,1,109.290000,109.290000,1581555117.640000,0.0000000691
04980129,049,80129,Droit d ' Attribution BOA 1/48  2025,ACT,19,4.350000,82.650000,1581555117.640000,0.0000000523
0521001,052,1001,SONASID,ACT,5,1985.000000,9925.000000,241090354.620000,0.0000411671
052100983,052,100983,BSF EQDOM du 03/03/2025 à 3.14%  30 MOIS,TCN,100,103142.280000,10314228.000000,241090354.620000,0.0427815871
0521035,052,1035,CREDIT EQDOM,ACT,429,1380.000000,592020.000000,241090354.620000,0.0024555939
0521038,052,1038,CDM,ACT,2758,1040.000000,2868320.000000,241090354.620000,0.0118972823
0521050,052,1050,CIMENTS DU MAROC,ACT,2889,1737.000000,5018193.000000,241090354.620000,0.0208145739
0521081,052,1081,BMCI,ACT,3568,629.000000,2244272.000000,241090354.620000,0.0093088419
0521092,052,1092,WAFA ASSURANCE,ACT,1108,4900.000000,5429200.000000,241090354.620000,0.0225193580
0521105,052,1105,MANAGEM,ACT,1148,7550.000000,8667400.000000,241090354.620000,0.0359508368
0521145,052,1145,CIH,ACT,10989,400.000000,4395600.000000,241090354.620000,0.0182321686
0521148,052,1148,ITISSALAT AL MAGHRIB,ACT,73986,106.850000,7905404.100000,241090354.620000,0.0327902131
0521180,052,1180,LABEL VIE,ACT,1216,4280.000000,5204480.000000,241090354.620000,0.0215872593
0521185,052,1185,DELTA HOLDING,ACT,12604,68.000000,857072.000000,241090354.620000,0.0035549825
0521188,052,1188,BCP,ACT,10430,270.000000,2816100.000000,241090354.620000,0.0116806830
0521224,052,1224,COSUMAR,ACT,6131,202.950000,1244286.450000,241090354.620000,0.0051610793
0521226,052,1226,TOTALENERGIES MARKETING MAROC,ACT,2674,1598.000000,4273052.000000,241090354.620000,0.0177238613
0521231,052,1231,SODEP-MARSA MAROC,ACT,19761,901.000000,17804661.000000,241090354.620000,0.0738505737
0521243,052,1243,BANK OF AFRICA,ACT,9388,209.000000,1962092.000000,241090354.620000,0.0081384094
0521244,052,1244,ATW,ACT,29048,731.000000,21234088.000000,241090354.620000,0.0880752282
0521246,052,1246,ARADEI CAPITAL,ACT,2009,440.000000,883960.000000,241090354.620000,0.0036665092
0521252,052,1252,TGCC,ACT,9725,834.300000,8113567.500000,241090354.620000,0.0336536379
0521258,052,1258,AKDITAL,ACT,2803,1119.000000,3136557.000000,241090354.620000,0.0130098817
0521271,052,1271,CMGP GROUP,ACT,3976,376.000000,1494976.000000,241090354.620000,0.0062008951
0521275,052,1275,VICENNE,ACT,970,420.000000,407400.000000,241090354.620000,0.0016898229
0521276,052,1276,CASH PLUS,ACT,1100,290.000000,319000.000000,241090354.620000,0.0013231554
0521278,052,1278,SGTM,ACT,3379,835.000000,2821465.000000,241090354.620000,0.0117029360
052152398,052,152398,CD CIH du 25/06/2021 à 2.61%  7ans,TCN,61,100476.740000,6129081.140000,241090354.620000,0.0254223407
052201552,052,201552,BDT DU 17/06/2020 10 ANS 2.7%,OBL,60,101098.560000,6065913.600000,241090354.620000,0.0251603330
052201553,052,201553,BDT DU 14/02/2020 30ANS 4%,OBL,6,107456.420000,644738.520000,241090354.620000,0.0026742609
052201554,052,201554,BDT du 16/07/2020 à 3% ATYP 20/01/2020 15 ans,OBL,41,100787.010000,4132267.410000,241090354.620000,0.0171399118
052201630,052,201630,BDT du 20/04/2021 ATYP 18/01/2021 à 2.05% 5 ans,OBL,80,101597.410000,8127792.800000,241090354.620000,0.0337126419
052201631,052,201631,BDT du 14/07/2021 ATYP 18/01/2021 à 3.45% 15 ans,OBL,70,97969.400000,6857858.000000,241090354.620000,0.0284451778
052201651,052,201651,BDT du 20/04/2021 ATYP 16/06/2021 à 2.30% 10 ans,OBL,20,98472.670000,1969453.400000,241090354.620000,0.0081689431
052201808,052,201808,BDT DU 20/03/2023 à 4.90% 15 ans,OBL,201,119318.130000,23982944.130000,241090354.620000,0.0994769955
052201822,052,201822,BDT du 27/06/2023 ATYP 14/03/2024 à 4.75 % 15 ans,OBL,100,119665.250000,11966525.000000,241090354.620000,0.0496350218
052201837,052,201837,BDT du 18/09/2024 à 4%  10 ANS ATYP 02/01/2024,OBL,69,108473.110000,7484644.590000,241090354.620000,0.0310449773
052201862,052,201862,BDT du 15/04/2025  5 ans à 3.30%  ATYP 15/07/2024,OBL,300,106923.500000,32077050.000000,241090354.620000,0.1330499101
0525106,052,5106,OBLIGATION A1 MIFTTAH 09/12/2019 12 ANS AMORT,OBL,47,32551.560000,1529923.320000,241090354.620000,0.0063458504
0525116,052,5116,OBLIGATION A1 MIFTTAH 11/06/2021 12 ANS AMORT,OBL,69,55969.610000,3861903.090000,241090354.620000,0.0160184886
05280129,052,80129,Droit d ' Attribution BOA 1/48  2025,ACT,29,4.350000,126.150000,241090354.620000,0.0000005232
0529395,052,9395,OBL ANP du 04/06/2019 à 3.91% 15 ans TRANCH B,OBL,94,61843.000000,5813242.000000,241090354.620000,0.0241122960
0529411,052,9411,OBL ONCF du 31/10/19 à 4.02% 30 ANS AMRT LIN 15ans,OBL,28,104064.870000,2913816.360000,241090354.620000,0.0120859931
0529425,052,9425,OBL SUB BCP du 26/12/2019 à 3.28% 10ans  Fixe,OBL,23,100108.670000,2302499.410000,241090354.620000,0.0095503589
0529431,052,9431,OBL SUB ATW du 31/12/2019 à 2.97% 7 ANS Amrt 5ans,OBL,35,20070.150000,702455.250000,241090354.620000,0.0029136597
0529523,052,9523,OBL MANAGEM du 21/12/2021 à 3.22% 7 ANS,OBL,38,98933.120000,3759458.560000,241090354.620000,0.0155935668
0529644,052,9644,OBL OCP ORD SUB Fixe  DU 16/12/2024  10 ANS,OBL,26,102621.920000,2668169.920000,241090354.620000,0.0110670953
053035,053,035,FCP CAP MONETAIRE PREMIERE,OPC,41,210848.770000,8644799.570000,97798718.700000,0.0883937917
053042,053,042,ATTIJARI LIQUIDITE,OPC,1500,1574.220000,2361330.000000,97798718.700000,0.0241447949
0531038,053,1038,CDM,ACT,420,1040.000000,436800.000000,97798718.700000,0.0044663162
0531252,053,1252,TGCC,ACT,217,834.300000,181043.100000,97798718.700000,0.0018511807
0531258,053,1258,AKDITAL,ACT,389,1119.000000,435291.000000,97798718.700000,0.0044508865
0531271,053,1271,CMGP GROUP,ACT,889,376.000000,334264.000000,97798718.700000,0.0034178771
0531275,053,1275,VICENNE,ACT,399,420.000000,167580.000000,97798718.700000,0.0017135194
0531276,053,1276,CASH PLUS,ACT,445,290.000000,129050.000000,97798718.700000,0.0013195469
0531278,053,1278,SGTM,ACT,744,835.000000,621240.000000,97798718.700000,0.0063522305
053201552,053,201552,BDT DU 17/06/2020 10 ANS 2.7%,OBL,95,101098.560000,9604363.200000,97798718.700000,0.0982054093
053201553,053,201553,BDT DU 14/02/2020 30ANS 4%,OBL,1,107456.420000,107456.420000,97798718.700000,0.0010987508
053201554,053,201554,BDT du 16/07/2020 à 3% ATYP 20/01/2020 15 ans,OBL,37,100787.010000,3729119.370000,97798718.700000,0.0381305545
053201631,053,201631,BDT du 14/07/2021 ATYP 18/01/2021 à 3.45% 15 ans,OBL,30,97969.400000,2939082.000000,97798718.700000,0.0300523569
053201808,053,201808,BDT DU 20/03/2023 à 4.90% 15 ans,OBL,137,119318.130000,16346583.810000,97798718.700000,0.1671451735
053201837,053,201837,BDT du 18/09/2024 à 4%  10 ANS ATYP 02/01/2024,OBL,244,108473.110000,26467438.840000,97798718.700000,0.2706317546
053201862,053,201862,BDT du 15/04/2025  5 ans à 3.30%  ATYP 15/07/2024,OBL,90,106923.500000,9623115.000000,97798718.700000,0.0983971480
0539395,053,9395,OBL ANP du 04/06/2019 à 3.91% 15 ans TRANCH B,OBL,94,61843.000000,5813242.000000,97798718.700000,0.0594408810
0539411,053,9411,OBL ONCF du 31/10/19 à 4.02% 30 ANS AMRT LIN 15ans,OBL,21,104064.870000,2185362.270000,97798718.700000,0.0223455102
0539425,053,9425,OBL SUB BCP du 26/12/2019 à 3.28% 10ans  Fixe,OBL,27,100108.670000,2702934.090000,97798718.700000,0.0276377250
0539523,053,9523,OBL MANAGEM du 21/12/2021 à 3.22% 7 ANS,OBL,31,98933.120000,3066926.720000,97798718.700000,0.0313595798
053XS1061043367,053,XS1061043367,OBL OCP INTERNATIONAL à 6.875%  30 ANS,OBL,125,1020.490000,127561.250000,97798718.700000,0.0013043243
053XS2355149316,053,XS2355149316,OBL OCP INTERNATIONAL  du 23/06/2021 à 3.75% 10 ans,OBL,30,1004.950000,30148.500000,97798718.700000,0.0003082709
053XS2810168737,053,XS2810168737,OBL OCP INTERNATIONAL 6.75% 10 ANS,OBL,557,1018.720000,567427.040000,97798718.700000,0.0058019885
053XS2810168810,053,XS2810168810,OBL OCP INTERNATIONAL 7.50% 30ANS,OBL,160,1020.800000,163328.000000,97798718.700000,0.0016700423
0541001,054,1001,SONASID,ACT,615,1985.000000,1220775.000000,184515604.250000,0.0066161071
0541035,054,1035,CREDIT EQDOM,ACT,654,1380.000000,902520.000000,184515604.250000,0.0048912936
0541038,054,1038,CDM,ACT,2764,1040.000000,2874560.000000,184515604.250000,0.0155789534
0541050,054,1050,CIMENTS DU MAROC,ACT,2214,1737.000000,3845718.000000,184515604.250000,0.0208422372
0541081,054,1081,BMCI,ACT,251,629.000000,157879.000000,184515604.250000,0.0008556404
0541092,054,1092,WAFA ASSURANCE,ACT,641,4900.000000,3140900.000000,184515604.250000,0.0170224086
0541095,054,1095,AFRIQUIA GAZ,ACT,393,4099.000000,1610907.000000,184515604.250000,0.0087304649
0541105,054,1105,MANAGEM,ACT,1817,7550.000000,13718350.000000,184515604.250000,0.0743479125
0541145,054,1145,CIH,ACT,9183,400.000000,3673200.000000,184515604.250000,0.0199072594
0541148,054,1148,ITISSALAT AL MAGHRIB,ACT,32107,106.850000,3430632.950000,184515604.250000,0.0185926440
0541151,054,1151,ADDOHA,ACT,40148,29.900000,1200425.200000,184515604.250000,0.0065058194
0541180,054,1180,LABEL VIE,ACT,928,4280.000000,3971840.000000,184515604.250000,0.0215257675
0541185,054,1185,DELTA HOLDING,ACT,4375,68.000000,297500.000000,184515604.250000,0.0016123298
0541188,054,1188,BCP,ACT,14552,270.000000,3929040.000000,184515604.250000,0.0212938088
0541231,054,1231,SODEP-MARSA MAROC,ACT,10529,901.000000,9486629.000000,184515604.250000,0.0514136950
0541232,054,1232,LAFARGE-HOLCIM MAROC,ACT,874,1799.000000,1572326.000000,184515604.250000,0.0085213714
0541243,054,1243,BANK OF AFRICA,ACT,6430,209.000000,1343870.000000,184515604.250000,0.0072832323
0541244,054,1244,ATW,ACT,17389,731.000000,12711359.000000,184515604.250000,0.0688904283
0541246,054,1246,ARADEI CAPITAL,ACT,540,440.000000,237600.000000,184515604.250000,0.0012876960
0541252,054,1252,TGCC,ACT,2015,834.300000,1681114.500000,184515604.250000,0.0091109611
0541258,054,1258,AKDITAL,ACT,2382,1119.000000,2665458.000000,184515604.250000,0.0144457051
0541271,054,1271,CMGP GROUP,ACT,3063,376.000000,1151688.000000,184515604.250000,0.0062416835
0541275,054,1275,VICENNE,ACT,735,420.000000,308700.000000,184515604.250000,0.0016730292
0541276,054,1276,CASH PLUS,ACT,839,290.000000,243310.000000,184515604.250000,0.0013186419
0541278,054,1278,SGTM,ACT,2567,835.000000,2143445.000000,184515604.250000,0.0116166056
054201554,054,201554,BDT du 16/07/2020 à 3% ATYP 20/01/2020 15 ans,OBL,56,100787.010000,5644072.560000,184515604.250000,0.0305885921
054201630,054,201630,BDT du 20/04/2021 ATYP 18/01/2021 à 2.05% 5 ans,OBL,60,101597.410000,6095844.600000,184515604.250000,0.0330370140
054201808,054,201808,BDT DU 20/03/2023 à 4.90% 15 ans,OBL,169,119318.130000,20164763.970000,184515604.250000,0.1092848708
054201837,054,201837,BDT du 18/09/2024 à 4%  10 ANS ATYP 02/01/2024,OBL,63,108473.110000,6833805.930000,184515604.250000,0.0370364661
054201840,054,201840,BDT du 15/10/2024 à 3.50%  5 ANS ATYP 15/01/2024,OBL,100,103575.970000,10357597.000000,184515604.250000,0.0561339895
054201862,054,201862,BDT du 15/04/2025  5 ans à 3.30%  ATYP 15/07/2024,OBL,120,106923.500000,12830820.000000,184515604.250000,0.0695378586
0545106,054,5106,OBLIGATION A1 MIFTTAH 09/12/2019 12 ANS AMORT,OBL,53,32551.560000,1725232.680000,184515604.250000,0.0093500638
0545116,054,5116,OBLIGATION A1 MIFTTAH 11/06/2021 12 ANS AMORT,OBL,60,55969.610000,3358176.600000,184515604.250000,0.0181999599
05480129,054,80129,Droit d ' Attribution BOA 1/48  2025,ACT,11,4.350000,47.850000,184515604.250000,0.0000002593
0549360,054,9360,OBL AL MADA DU 17/01/2018 à 4.08% 10 ANS,OBL,80,101570.670000,8125653.600000,184515604.250000,0.0440377584
0549395,054,9395,OBL ANP du 04/06/2019 à 3.91% 15 ans TRANCH B,OBL,94,61843.000000,5813242.000000,184515604.250000,0.0315054221
0549411,054,9411,OBL ONCF du 31/10/19 à 4.02% 30 ANS AMRT LIN 15ans,OBL,30,104064.870000,3121946.100000,184515604.250000,0.0169196861
0549425,054,9425,OBL SUB BCP du 26/12/2019 à 3.28% 10ans  Fixe,OBL,26,100108.670000,2602825.420000,184515604.250000,0.0141062618
0549431,054,9431,OBL SUB ATW du 31/12/2019 à 2.97% 7 ANS Amrt 5ans,OBL,25,20070.150000,501753.750000,184515604.250000,0.0027193025
0549523,054,9523,OBL MANAGEM du 21/12/2021 à 3.22% 7 ANS,OBL,31,98933.120000,3066926.720000,184515604.250000,0.0166215033
0549644,054,9644,OBL OCP ORD SUB Fixe  DU 16/12/2024  10 ANS,OBL,19,102621.920000,1949816.480000,184515604.250000,0.0105672173
054XS1061043367,054,XS1061043367,OBL OCP INTERNATIONAL à 6.875%  30 ANS,OBL,125,1020.490000,127561.250000,184515604.250000,0.0006913304
054XS2355149316,054,XS2355149316,OBL OCP INTERNATIONAL  du 23/06/2021 à 3.75% 10 ans,OBL,114,1004.950000,114564.300000,184515604.250000,0.0006208922
054XS2810168737,054,XS2810168737,OBL OCP INTERNATIONAL 6.75% 10 ANS,OBL,789,1018.720000,803770.080000,184515604.250000,0.0043561090
054XS2810168810,054,XS2810168810,OBL OCP INTERNATIONAL 7.50% 30ANS,OBL,611,1020.800000,623708.800000,184515604.250000,0.0033802496
055070,055,070,FCP ATTIJARI FIXED INCOME DISTRIBUTION,OPC,212400,108.490000,23043276.000000,373569855.260000,0.0616839814
0551001,055,1001,SONASID,ACT,499,1985.000000,990515.000000,373569855.260000,0.0026514854
055100958,055,100958,BSF WAFASALAF du 01/10/2024 à 3.50% 5ANS,TCN,88,101976.620000,8973942.560000,373569855.260000,0.0240221271
055100964,055,100964,BSF WAFASALAF du 01/11/2024 à 3.43% 5ANS,TCN,125,101405.280000,12675660.000000,373569855.260000,0.0339311639
0551038,055,1038,CDM,ACT,5009,1040.000000,5209360.000000,373569855.260000,0.0139448083
0551050,055,1050,CIMENTS DU MAROC,ACT,5800,1737.000000,10074600.000000,373569855.260000,0.0269684501
0551092,055,1092,WAFA ASSURANCE,ACT,350,4900.000000,1715000.000000,373569855.260000,0.0045908415
0551105,055,1105,MANAGEM,ACT,2113,7550.000000,15953150.000000,373569855.260000,0.0427045967
0551145,055,1145,CIH,ACT,25936,400.000000,10374400.000000,373569855.260000,0.0277709774
0551148,055,1148,ITISSALAT AL MAGHRIB,ACT,123264,106.850000,13170758.400000,373569855.260000,0.0352564807
0551151,055,1151,ADDOHA,ACT,100000,29.900000,2990000.000000,373569855.260000,0.0080038578
0551180,055,1180,LABEL VIE,ACT,7,4280.000000,29960.000000,373569855.260000,0.0000801992
0551181,055,1181,ALLIANCES,ACT,4500,498.000000,2241000.000000,373569855.260000,0.0059988780
0551185,055,1185,DELTA HOLDING,ACT,17286,68.000000,1175448.000000,373569855.260000,0.0031465280
0551188,055,1188,BCP,ACT,47541,270.000000,12836070.000000,373569855.260000,0.0343605615
0551224,055,1224,COSUMAR,ACT,81,202.950000,16438.950000,373569855.260000,0.0000440050
0551226,055,1226,TOTALENERGIES MARKETING MAROC,ACT,1911,1598.000000,3053778.000000,373569855.260000,0.0081745836
0551231,055,1231,SODEP-MARSA MAROC,ACT,37430,901.000000,33724430.000000,373569855.260000,0.0902761010
0551232,055,1232,LAFARGE-HOLCIM MAROC,ACT,5893,1799.000000,10601507.000000,373569855.260000,0.0283789145
0551243,055,1243,BANK OF AFRICA,ACT,22334,209.000000,4667806.000000,373569855.260000,0.0124951356
0551244,055,1244,ATW,ACT,38197,731.000000,27922007.000000,373569855.260000,0.0747437370
0551252,055,1252,TGCC,ACT,11834,834.300000,9873106.200000,373569855.260000,0.0264290763
0551258,055,1258,AKDITAL,ACT,5366,1119.000000,6004554.000000,373569855.260000,0.0160734436
0551271,055,1271,CMGP GROUP,ACT,4956,376.000000,1863456.000000,373569855.260000,0.0049882397
0551275,055,1275,VICENNE,ACT,1441,420.000000,605220.000000,373569855.260000,0.0016200986
0551276,055,1276,CASH PLUS,ACT,5606,290.000000,1625740.000000,373569855.260000,0.0043519036
0551278,055,1278,SGTM,ACT,5276,835.000000,4405460.000000,373569855.260000,0.0117928680
055201631,055,201631,BDT du 14/07/2021 ATYP 18/01/2021 à 3.45% 15 ans,OBL,70,97969.400000,6857858.000000,373569855.260000,0.0183576322
055201840,055,201840,BDT du 15/10/2024 à 3.50%  5 ANS ATYP 15/01/2024,OBL,676,103575.970000,70017355.720000,373569855.260000,0.1874277454
055201854,055,201854,BDT du 15/02/2025  30ans à 4.90%  ATYP 04/06/2024,OBL,622,123692.920000,76936996.240000,373569855.260000,0.2059507617
05580129,055,80129,Droit d ' Attribution BOA 1/48  2025,ACT,24,4.350000,104.400000,373569855.260000,0.0000002795
0559647,055,9647,OBL OCP ORD SUB Fixe  DU 16/12/2024  30 ANS,OBL,45,107089.530000,4819028.850000,373569855.260000,0.0128999404
055XS1061043367,055,XS1061043367,OBL OCP INTERNATIONAL à 6.875%  30 ANS,OBL,627,1020.490000,639847.230000,373569855.260000,0.0017127914
055XS3040572979,055,XS3040572979,OFFICE CHERIFIEN DES PHO à 6.10% écheance 30/04/2030,OBL,2000,1017.090000,2034180.000000,373569855.260000,0.0054452466
0571035,057,1035,CREDIT EQDOM,ACT,3105,1380.000000,4284900.000000,181266594.740000,0.0236386633
0571036,057,1036,SOCIETE DE BOISSONS DU MAROC,ACT,145,2209.000000,320305.000000,181266594.740000,0.0017670382
0571038,057,1038,CDM,ACT,3005,1040.000000,3125200.000000,181266594.740000,0.0172409042
0571050,057,1050,CIMENTS DU MAROC,ACT,5000,1737.000000,8685000.000000,181266594.740000,0.0479128546
0571081,057,1081,BMCI,ACT,2278,629.000000,1432862.000000,181266594.740000,0.0079047218
0571092,057,1092,WAFA ASSURANCE,ACT,1838,4900.000000,9006200.000000,181266594.740000,0.0496848303
0571095,057,1095,AFRIQUIA GAZ,ACT,657,4099.000000,2693043.000000,181266594.740000,0.0148568080
0571105,057,1105,MANAGEM,ACT,1222,7550.000000,9226100.000000,181266594.740000,0.0508979606
0571145,057,1145,CIH,ACT,12720,400.000000,5088000.000000,181266594.740000,0.0280691542
0571148,057,1148,ITISSALAT AL MAGHRIB,ACT,105244,106.850000,11245321.400000,181266594.740000,0.0620374726
0571151,057,1151,ADDOHA,ACT,27006,29.900000,807479.400000,181266594.740000,0.0044546509
0571163,057,1163,DISWAY,ACT,232,880.000000,204160.000000,181266594.740000,0.0011262969
0571171,057,1171,ATLANTASANAD,ACT,6191,135.000000,835785.000000,181266594.740000,0.0046108054
0571180,057,1180,LABEL VIE,ACT,1003,4280.000000,4292840.000000,181266594.740000,0.0236824662
0571185,057,1185,DELTA HOLDING,ACT,5170,68.000000,351560.000000,181266594.740000,0.0019394638
0571188,057,1188,BCP,ACT,29573,270.000000,7984710.000000,181266594.740000,0.0440495394
0571193,057,1193,COLORADO,ACT,9994,85.000000,849490.000000,181266594.740000,0.0046864123
0571208,057,1208,JET CONTRACTORS,ACT,452,2600.000000,1175200.000000,181266594.740000,0.0064832685
0571216,057,1216,MICRODATA VN 25 DHS,ACT,1514,810.000000,1226340.000000,181266594.740000,0.0067653944
0571220,057,1220,TAQA MOROCCO,ACT,158,1945.000000,307310.000000,181266594.740000,0.0016953482
0571224,057,1224,COSUMAR,ACT,33807,202.950000,6861130.650000,181266594.740000,0.0378510484
0571226,057,1226,TOTALENERGIES MARKETING MAROC,ACT,4934,1598.000000,7884532.000000,181266594.740000,0.0434968838
0571231,057,1231,SODEP-MARSA MAROC,ACT,18782,901.000000,16922582.000000,181266594.740000,0.0933574221
0571232,057,1232,LAFARGE-HOLCIM MAROC,ACT,3128,1799.000000,5627272.000000,181266594.740000,0.0310441756
0571238,057,1238,IMMORENT INVEST,ACT,49998,91.500000,4574817.000000,181266594.740000,0.0252380589
0571239,057,1239,MUTANDIS,ACT,11713,244.850000,2867928.050000,181266594.740000,0.0158216027
0571243,057,1243,BANK OF AFRICA,ACT,22710,209.000000,4746390.000000,181266594.740000,0.0261845819
0571244,057,1244,ATW,ACT,40655,731.000000,29718805.000000,181266594.740000,0.1639508098
0571246,057,1246,ARADEI CAPITAL,ACT,9000,440.000000,3960000.000000,181266594.740000,0.0218462757
0571252,057,1252,TGCC,ACT,6016,834.300000,5019148.800000,181266594.740000,0.0276893203
0571253,057,1253,DISTY TECHNOLOGIES,ACT,281,324.000000,91044.000000,181266594.740000,0.0005022657
0571258,057,1258,AKDITAL,ACT,6454,1119.000000,7222026.000000,181266594.740000,0.0398420129
0571271,057,1271,CMGP GROUP,ACT,5289,376.000000,1988664.000000,181266594.740000,0.0109709348
0571275,057,1275,VICENNE,ACT,700,420.000000,294000.000000,181266594.740000,0.0016219205
0571276,057,1276,CASH PLUS,ACT,794,290.000000,230260.000000,181266594.740000,0.0012702837
0571278,057,1278,SGTM,ACT,4737,835.000000,3955395.000000,181266594.740000,0.0218208711
05780129,057,80129,Droit d ' Attribution BOA 1/48  2025,ACT,42,4.350000,182.700000,181266594.740000,0.0000010079
0581001,058,1001,SONASID,ACT,2239,1985.000000,4444415.000000,252780306.420000,0.0175821252
0581034,058,1034,CTM SA,ACT,995,880.000000,875600.000000,252780306.420000,0.0034638774
0581035,058,1035,CREDIT EQDOM,ACT,2663,1380.000000,3674940.000000,252780306.420000,0.0145380787
0581036,058,1036,SOCIETE DE BOISSONS DU MAROC,ACT,543,2209.000000,1199487.000000,252780306.420000,0.0047451758
0581038,058,1038,CDM,ACT,4240,1040.000000,4409600.000000,252780306.420000,0.0174443969
0581050,058,1050,CIMENTS DU MAROC,ACT,7479,1737.000000,12991023.000000,252780306.420000,0.0513925439
0581081,058,1081,BMCI,ACT,3307,629.000000,2080103.000000,252780306.420000,0.0082288966
0581092,058,1092,WAFA ASSURANCE,ACT,2417,4900.000000,11843300.000000,252780306.420000,0.0468521467
0581095,058,1095,AFRIQUIA GAZ,ACT,631,4099.000000,2586469.000000,252780306.420000,0.0102320827
0581105,058,1105,MANAGEM,ACT,2882,7550.000000,21759100.000000,252780306.420000,0.0860790950
0581145,058,1145,CIH,ACT,19377,400.000000,7750800.000000,252780306.420000,0.0306621988
0581148,058,1148,ITISSALAT AL MAGHRIB,ACT,139914,106.850000,14949810.900000,252780306.420000,0.0591415174
0581151,058,1151,ADDOHA,ACT,166786,29.900000,4986901.400000,252780306.420000,0.0197282038
0581171,058,1171,ATLANTASANAD,ACT,7396,135.000000,998460.000000,252780306.420000,0.0039499121
0581172,058,1172,SNEP,ACT,1658,458.000000,759364.000000,252780306.420000,0.0030040473
0581180,058,1180,LABEL VIE,ACT,2004,4280.000000,8577120.000000,252780306.420000,0.0339311243
0581181,058,1181,ALLIANCES,ACT,11380,498.000000,5667240.000000,252780306.420000,0.0224196263
0581185,058,1185,DELTA HOLDING,ACT,7892,68.000000,536656.000000,252780306.420000,0.0021230135
0581188,058,1188,BCP,ACT,29334,270.000000,7920180.000000,252780306.420000,0.0313322668
0581208,058,1208,JET CONTRACTORS,ACT,1362,2600.000000,3541200.000000,252780306.420000,0.0140090027
0581220,058,1220,TAQA MOROCCO,ACT,650,1945.000000,1264250.000000,252780306.420000,0.0050013785
0581224,058,1224,COSUMAR,ACT,41228,202.950000,8367222.600000,252780306.420000,0.0331007693
0581226,058,1226,TOTALENERGIES MARKETING MAROC,ACT,3312,1598.000000,5292576.000000,252780306.420000,0.0209374539
0581231,058,1231,SODEP-MARSA MAROC,ACT,26028,901.000000,23451228.000000,252780306.420000,0.0927731607
0581232,058,1232,LAFARGE-HOLCIM MAROC,ACT,7542,1799.000000,13568058.000000,252780306.420000,0.0536752969
0581239,058,1239,MUTANDIS,ACT,5814,244.850000,1423557.900000,252780306.420000,0.0056316013
0581243,058,1243,BANK OF AFRICA,ACT,53173,209.000000,11113157.000000,252780306.420000,0.0439636978
0581244,058,1244,ATW,ACT,65660,731.000000,47997460.000000,252780306.420000,0.1898781621
0581246,058,1246,ARADEI CAPITAL,ACT,301,440.000000,132440.000000,252780306.420000,0.0005239332
0581250,058,1250,SOTHEMA,ACT,1414,1730.000000,2446220.000000,252780306.420000,0.0096772570
0581252,058,1252,TGCC,ACT,15730,834.300000,13123539.000000,252780306.420000,0.0519167778
0581258,058,1258,AKDITAL,ACT,8469,1119.000000,9476811.000000,252780306.420000,0.0374903058
0581261,058,1261,HPS (VN 10),ACT,9204,520.000000,4786080.000000,252780306.420000,0.0189337535
0581262,058,1262,CFG BANK,ACT,7401,230.000000,1702230.000000,252780306.420000,0.0067340293
0581271,058,1271,CMGP GROUP,ACT,9675,376.000000,3637800.000000,252780306.420000,0.0143911527
0581275,058,1275,VICENNE,ACT,3864,420.000000,1622880.000000,252780306.420000,0.0064201204
0581278,058,1278,SGTM,ACT,8374,835.000000,6992290.000000,252780306.420000,0.0276615299
05880129,058,80129,Droit d ' Attribution BOA 1/48  2025,ACT,33,4.350000,143.550000,252780306.420000,0.0000005679
059050,059,050,FCP ATTIJARI GOLD,OPC,2800,2880.200000,8064560.000000,334408243.860000,0.0241159127
0591001,059,1001,SONASID,ACT,2112,1985.000000,4192320.000000,334408243.860000,0.0125365330
0591035,059,1035,CREDIT EQDOM,ACT,1523,1380.000000,2101740.000000,334408243.860000,0.0062849527
0591038,059,1038,CDM,ACT,3309,1040.000000,3441360.000000,334408243.860000,0.0102908946
0591050,059,1050,CIMENTS DU MAROC,ACT,4746,1737.000000,8243802.000000,334408243.860000,0.0246519102
0591081,059,1081,BMCI,ACT,6050,629.000000,3805450.000000,334408243.860000,0.0113796537
0591092,059,1092,WAFA ASSURANCE,ACT,3302,4900.000000,16179800.000000,334408243.860000,0.0483833766
0591095,059,1095,AFRIQUIA GAZ,ACT,780,4099.000000,3197220.000000,334408243.860000,0.0095608289
0591105,059,1105,MANAGEM,ACT,1976,7550.000000,14918800.000000,334408243.860000,0.0446125365
0591145,059,1145,CIH,ACT,15087,400.000000,6034800.000000,334408243.860000,0.0180462058
0591148,059,1148,ITISSALAT AL MAGHRIB,ACT,142691,106.850000,15246533.350000,334408243.860000,0.0455925762
0591151,059,1151,ADDOHA,ACT,68156,29.900000,2037864.400000,334408243.860000,0.0060939419
0591180,059,1180,LABEL VIE,ACT,281,4280.000000,1202680.000000,334408243.860000,0.0035964424
0591188,059,1188,BCP,ACT,23310,270.000000,6293700.000000,334408243.860000,0.0188204092
0591208,059,1208,JET CONTRACTORS,ACT,778,2600.000000,2022800.000000,334408243.860000,0.0060488939
0591224,059,1224,COSUMAR,ACT,8681,202.950000,1761808.950000,334408243.860000,0.0052684376
0591226,059,1226,TOTALENERGIES MARKETING MAROC,ACT,3344,1598.000000,5343712.000000,334408243.860000,0.0159796061
0591231,059,1231,SODEP-MARSA MAROC,ACT,20796,901.000000,18737196.000000,334408243.860000,0.0560309034
0591232,059,1232,LAFARGE-HOLCIM MAROC,ACT,4756,1799.000000,8556044.000000,334408243.860000,0.0255856252
0591243,059,1243,BANK OF AFRICA,ACT,31546,209.000000,6593114.000000,334408243.860000,0.0197157640
0591244,059,1244,ATW,ACT,46015,731.000000,33636965.000000,334408243.860000,0.1005865304
0591246,059,1246,ARADEI CAPITAL,ACT,602,440.000000,264880.000000,334408243.860000,0.0007920857
0591250,059,1250,SOTHEMA,ACT,613,1730.000000,1060490.000000,334408243.860000,0.0031712436
0591252,059,1252,TGCC,ACT,6668,834.300000,5563112.400000,334408243.860000,0.0166356916
0591275,059,1275,VICENNE,ACT,1332,420.000000,559440.000000,334408243.860000,0.0016729253
0591276,059,1276,CASH PLUS,ACT,1518,290.000000,440220.000000,334408243.860000,0.0013164149
0591278,059,1278,SGTM,ACT,4660,835.000000,3891100.000000,334408243.860000,0.0116357777
059152398,059,152398,CD CIH du 25/06/2021 à 2.61%  7ans,TCN,81,100476.740000,8138615.940000,334408243.860000,0.0243373663
059201344,059,201344,BDT du 19/02/15 à 5.65% ATYP 04/08/14 20 ANS,OBL,350,125359.650000,43875877.500000,334408243.860000,0.1312045331
059201552,059,201552,BDT DU 17/06/2020 10 ANS 2.7%,OBL,60,101098.560000,6065913.600000,334408243.860000,0.0181392466
059201837,059,201837,BDT du 18/09/2024 à 4%  10 ANS ATYP 02/01/2024,OBL,34,108473.110000,3688085.740000,334408243.860000,0.0110286926
059201841,059,201841,BDT du 18/07/2024 à 4.25%  15 ANS ATYP 15/01/2024,OBL,100,112513.300000,11251330.000000,334408243.860000,0.0336454923
059201862,059,201862,BDT du 15/04/2025  5 ans à 3.30%  ATYP 15/07/2024,OBL,120,106923.500000,12830820.000000,334408243.860000,0.0383687311
0595106,059,5106,OBLIGATION A1 MIFTTAH 09/12/2019 12 ANS AMORT,OBL,106,32551.560000,3450465.360000,334408243.860000,0.0103181229
05980129,059,80129,Droit d ' Attribution BOA 1/48  2025,ACT,39,4.350000,169.650000,334408243.860000,0.0000005073
0599395,059,9395,OBL ANP du 04/06/2019 à 3.91% 15 ans TRANCH B,OBL,94,61843.000000,5813242.000000,334408243.860000,0.0173836683
0599411,059,9411,OBL ONCF du 31/10/19 à 4.02% 30 ANS AMRT LIN 15ans,OBL,62,104064.870000,6452021.940000,334408243.860000,0.0192938483
0599425,059,9425,OBL SUB BCP du 26/12/2019 à 3.28% 10ans  Fixe,OBL,54,100108.670000,5405868.180000,334408243.860000,0.0161654752
0599523,059,9523,OBL MANAGEM du 21/12/2021 à 3.22% 7 ANS,OBL,108,98933.120000,10684776.960000,334408243.860000,0.0319512965
0599600,059,9600,OBL SUB WAFASALAF du 28/12/2023 7 ans 4.39%,OBL,206,104025.220000,21429195.320000,334408243.860000,0.0640809421
0599644,059,9644,OBL OCP ORD SUB Fixe  DU 16/12/2024  10 ANS,OBL,30,102621.920000,3078657.600000,334408243.860000,0.0092062850
059IE00BD3V0B10,059,IE00BD3V0B10,ISHARES S&P US BANKS UCITS,OPC,122650,8.235000,1010022.750000,334408243.860000,0.0030203285
059LU1829219390,059,LU1829219390,LYXOR EURO STOXX BANKS,OPC,3413,331.384000,1131013.592000,334408243.860000,0.0033821343
059US5949181045,059,US5949181045,MICROSOFT,ACT,644,393.670000,253523.480000,334408243.860000,0.0007581257
059XS1061043367,059,XS1061043367,OBL OCP INTERNATIONAL à 6.875%  30 ANS,OBL,415,1020.490000,423503.350000,334408243.860000,0.0012664262
059XS2270576965,059,XS2270576965,EUROBOND DU 15/12/2020 SEM (2032),OBL,100,1004.620000,100462.000000,334408243.860000,0.0003004172
059XS2810168737,059,XS2810168737,OBL OCP INTERNATIONAL 6.75% 10 ANS,OBL,514,1018.720000,523622.080000,334408243.860000,0.0015658169
060050,060,050,FCP ATTIJARI GOLD,OPC,5235,2880.200000,15077847.000000,132094504.280000,0.1141443929
0601038,060,1038,CDM,ACT,20,1040.000000,20800.000000,132094504.280000,0.0001574630
0601050,060,1050,CIMENTS DU MAROC,ACT,2984,1737.000000,5183208.000000,132094504.280000,0.0392386347
0601092,060,1092,WAFA ASSURANCE,ACT,500,4900.000000,2450000.000000,132094504.280000,0.0185473273
0601105,060,1105,MANAGEM,ACT,1225,7550.000000,9248750.000000,132094504.280000,0.0700161604
0601145,060,1145,CIH,ACT,3729,400.000000,1491600.000000,132094504.280000,0.0112919156
0601148,060,1148,ITISSALAT AL MAGHRIB,ACT,52455,106.850000,5604816.750000,132094504.280000,0.0424303553
0601180,060,1180,LABEL VIE,ACT,660,4280.000000,2824800.000000,132094504.280000,0.0213846898
0601220,060,1220,TAQA MOROCCO,ACT,43,1945.000000,83635.000000,132094504.280000,0.0006331452
0601224,060,1224,COSUMAR,ACT,2187,202.950000,443851.650000,132094504.280000,0.0033601069
0601231,060,1231,SODEP-MARSA MAROC,ACT,6000,901.000000,5406000.000000,132094504.280000,0.0409252454
0601244,060,1244,ATW,ACT,22423,731.000000,16391213.000000,132094504.280000,0.1240870170
0601252,060,1252,TGCC,ACT,3191,834.300000,2662251.300000,132094504.280000,0.0201541413
0601261,060,1261,HPS (VN 10),ACT,1690,520.000000,878800.000000,132094504.280000,0.0066528127
0601271,060,1271,CMGP GROUP,ACT,3864,376.000000,1452864.000000,132094504.280000,0.0109986710
0601275,060,1275,VICENNE,ACT,1779,420.000000,747180.000000,132094504.280000,0.0056564049
0601276,060,1276,CASH PLUS,ACT,640,290.000000,185600.000000,132094504.280000,0.0014050547
060201792,060,201792,BDT du 16/01/2023 atp  a 4.20%  10 ans,OBL,428,110402.310000,47252188.680000,132094504.280000,0.3577150233
060201882,060,201882,BDT DU 06/01/2025 à 6.65% 2 ans,OBL,110,103096.560000,11340621.600000,132094504.280000,0.0858523347
060XS2810168810,060,XS2810168810,OBL OCP INTERNATIONAL 7.50% 30ANS,OBL,1115,1020.800000,1138192.000000,132094504.280000,0.0086164978
0611001,061,1001,SONASID,ACT,1881,1985.000000,3733785.000000,1665263301.180000,0.0022421589
0611050,061,1050,CIMENTS DU MAROC,ACT,9697,1737.000000,16843689.000000,1665263301.180000,0.0101147302
0611081,061,1081,BMCI,ACT,3753,629.000000,2360637.000000,1665263301.180000,0.0014175758
0611095,061,1095,AFRIQUIA GAZ,ACT,1083,4099.000000,4439217.000000,1665263301.180000,0.0026657748
0611105,061,1105,MANAGEM,ACT,5530,7550.000000,41751500.000000,1665263301.180000,0.0250720111
0611148,061,1148,ITISSALAT AL MAGHRIB,ACT,319852,106.850000,34176186.200000,1665263301.180000,0.0205229925
0611151,061,1151,ADDOHA,ACT,162691,29.900000,4864460.900000,1665263301.180000,0.0029211362
0611171,061,1171,ATLANTASANAD,ACT,10714,135.000000,1446390.000000,1665263301.180000,0.0008685653
0611180,061,1180,LABEL VIE,ACT,2814,4280.000000,12043920.000000,1665263301.180000,0.0072324419
0611181,061,1181,ALLIANCES,ACT,6046,498.000000,3010908.000000,1665263301.180000,0.0018080672
0611188,061,1188,BCP,ACT,32855,270.000000,8870850.000000,1665263301.180000,0.0053269954
0611224,061,1224,COSUMAR,ACT,56366,202.950000,11439479.700000,1665263301.180000,0.0068694720
0611231,061,1231,SODEP-MARSA MAROC,ACT,54412,901.000000,49025212.000000,1665263301.180000,0.0294399162
0611232,061,1232,LAFARGE-HOLCIM MAROC,ACT,6760,1799.000000,12161240.000000,1665263301.180000,0.0073028932
0611239,061,1239,MUTANDIS,ACT,10343,244.850000,2532483.550000,1665263301.180000,0.0015207706
0611243,061,1243,BANK OF AFRICA,ACT,57218,209.000000,11958562.000000,1665263301.180000,0.0071811839
0611244,061,1244,ATW,ACT,102068,731.000000,74611708.000000,1665263301.180000,0.0448047513
0611252,061,1252,TGCC,ACT,20065,834.300000,16740229.500000,1665263301.180000,0.0100526022
0611258,061,1258,AKDITAL,ACT,12568,1119.000000,14063592.000000,1665263301.180000,0.0084452663
0611261,061,1261,HPS (VN 10),ACT,8312,520.000000,4322240.000000,1665263301.180000,0.0025955295
0611276,061,1276,CASH PLUS,ACT,3454,290.000000,1001660.000000,1665263301.180000,0.0006015025
0611278,061,1278,SGTM,ACT,9078,835.000000,7580130.000000,1665263301.180000,0.0045519108
061200802,061,200802,BDT 30 ans du 04/12/2006 4.5%,OBL,65,112748.260000,7328636.900000,1665263301.180000,0.0044008878
061201331,061,201331,BDT DU 060814 15 ANS 5.45% ATYP 14/04/2014,OBL,42,111595.590000,4687014.780000,1665263301.180000,0.0028145788
061201344,061,201344,BDT du 19/02/15 à 5.65% ATYP 04/08/14 20 ANS,OBL,255,125359.650000,31966710.750000,1665263301.180000,0.0191961900
061201379,061,201379,BDT DU 05/08/2015 15 ANS à 4%,OBL,38,106747.260000,4056395.880000,1665263301.180000,0.0024358886
061201516,061,201516,BDT du 15/01/2018 ATYP jouiss 18/07/2018 à 3.70% 15 ans,OBL,182,106557.020000,19393377.640000,1665263301.180000,0.0116458326
061201535,061,201535,BDT du 04/02/19 ATYP 18/06/19 à 3.35%  10 ans,OBL,471,104068.940000,49016470.740000,1665263301.180000,0.0294346670
061201536,061,201536,BDT du 15/04/19 ATYP 17/07/19 à 3.50% 15ANS,OBL,500,105154.420000,52577210.000000,1665263301.180000,0.0315729110
061201552,061,201552,BDT DU 17/06/2020 10 ANS 2.7%,OBL,404,101098.560000,40843818.240000,1665263301.180000,0.0245269431
061201631,061,201631,BDT du 14/07/2021 ATYP 18/01/2021 à 3.45% 15 ans,OBL,213,97969.400000,20867482.200000,1665263301.180000,0.0125310407
061201651,061,201651,BDT du 20/04/2021 ATYP 16/06/2021 à 2.30% 10 ans,OBL,1054,98472.670000,103790194.180000,1665263301.180000,0.0623265967
061201657,061,201657,BDT DU 14/06/2021 5 ANS à 2.00%,OBL,298,100334.050000,29899546.900000,1665263301.180000,0.0179548465
061201791,061,201791,BDT DU 16/01/2023 5 ANS 3.90%,OBL,287,105908.280000,30395676.360000,1665263301.180000,0.0182527750
061201792,061,201792,BDT du 16/01/2023 atp  a 4.20%  10 ans,OBL,565,110402.310000,62377305.150000,1665263301.180000,0.0374579234
061201793,061,201793,BDT du 17/08/2023 à 4.75%  20 ans ATYP 16/01/2023,OBL,316,118578.110000,37470682.760000,1665263301.180000,0.0225013562
061201808,061,201808,BDT DU 20/03/2023 à 4.90% 15 ans,OBL,764,119318.130000,91159051.320000,1665263301.180000,0.0547415242
061201809,061,201809,BDT DU 20/03/2023 à 5.5 30 ans,OBL,387,131399.420000,50851575.540000,1665263301.180000,0.0305366578
061201822,061,201822,BDT du 27/06/2023 ATYP 14/03/2024 à 4.75 % 15 ans,OBL,1025,119665.250000,122656881.250000,1665263301.180000,0.0736561486
061201837,061,201837,BDT du 18/09/2024 à 4%  10 ANS ATYP 02/01/2024,OBL,1353,108473.110000,146764117.830000,1665263301.180000,0.0881326801
061201840,061,201840,BDT du 15/10/2024 à 3.50%  5 ANS ATYP 15/01/2024,OBL,950,103575.970000,98397171.500000,1665263301.180000,0.0590880562
061201853,061,201853,BDT du 14/09/2024  2 ans  à 3.25%  ATYP 27/05/2024,OBL,298,101802.420000,30337121.160000,1665263301.180000,0.0182176123
061201862,061,201862,BDT du 15/04/2025  5 ans à 3.30%  ATYP 15/07/2024,OBL,503,106923.500000,53782520.500000,1665263301.180000,0.0322967068
061201865,061,201865,BDT DU 18/06/2025 à 3.55% 10 ANS,OBL,930,108904.970000,101281622.100000,1665263301.180000,0.0608201850
061201872,061,201872,BDT DU 14/08/2025 à 4% 20 ans,OBL,50,111192.300000,5559615.000000,1665263301.180000,0.0033385801
061201882,061,201882,BDT DU 06/01/2025 à 6.65% 2 ans,OBL,150,103096.560000,15464484.000000,1665263301.180000,0.0092865098
061201898,061,201898,BDT du 21/08/2025 à 3.40%  20 ANS ATYP 02/06/2025,OBL,660,99820.550000,65881563.000000,1665263301.180000,0.0395622500
061201905,061,201905,BDT du 16/07/2025 à 3.05%  15 ans ATYP 16/06/2025,OBL,500,98573.020000,49286510.000000,1665263301.180000,0.0295968271
061201926,061,201926,BDT du 29/09/2025 à 2.25%  2 ans ATYP 17/01/2026,OBL,110,100212.500000,11023375.000000,1665263301.180000,0.0066195988
06180129,061,80129,Droit d ' Attribution BOA 1/48  2025,ACT,35,4.350000,152.250000,1665263301.180000,0.0000000914
0619644,061,9644,OBL OCP ORD SUB Fixe  DU 16/12/2024  10 ANS,OBL,153,102621.920000,15701153.760000,1665263301.180000,0.0094286313
0619647,061,9647,OBL OCP ORD SUB Fixe  DU 16/12/2024  30 ANS,OBL,95,107089.530000,10173505.350000,1665263301.180000,0.0061092473
0631001,063,1001,SONASID,ACT,5879,1985.000000,11669815.000000,5837182379.840000,0.0019992206
0631035,063,1035,CREDIT EQDOM,ACT,4125,1380.000000,5692500.000000,5837182379.840000,0.0009752137
0631036,063,1036,SOCIETE DE BOISSONS DU MAROC,ACT,1903,2209.000000,4203727.000000,5837182379.840000,0.0007201637
0631038,063,1038,CDM,ACT,38906,1040.000000,40462240.000000,5837182379.840000,0.0069318101
0631050,063,1050,CIMENTS DU MAROC,ACT,44654,1737.000000,77563998.000000,5837182379.840000,0.0132879175
0631081,063,1081,BMCI,ACT,23653,629.000000,14877737.000000,5837182379.840000,0.0025487874
0631092,063,1092,WAFA ASSURANCE,ACT,15374,4900.000000,75332600.000000,5837182379.840000,0.0129056444
0631095,063,1095,AFRIQUIA GAZ,ACT,6317,4099.000000,25893383.000000,5837182379.840000,0.0044359387
0631105,063,1105,MANAGEM,ACT,17735,7550.000000,133899250.000000,5837182379.840000,0.0229390211
0631142,063,1142,DARI,ACT,724,4300.000000,3113200.000000,5837182379.840000,0.0005333395
0631145,063,1145,CIH,ACT,186456,400.000000,74582400.000000,5837182379.840000,0.0127771235
0631148,063,1148,ITISSALAT AL MAGHRIB,ACT,1558699,106.850000,166546988.150000,5837182379.840000,0.0285320857
0631151,063,1151,ADDOHA,ACT,766924,29.900000,22931027.600000,5837182379.840000,0.0039284412
0631171,063,1171,ATLANTASANAD,ACT,32592,135.000000,4399920.000000,5837182379.840000,0.0007537746
0631172,063,1172,SNEP,ACT,13095,458.000000,5997510.000000,5837182379.840000,0.0010274666
0631179,063,1179,CMT,ACT,6149,2100.000000,12912900.000000,5837182379.840000,0.0022121803
0631180,063,1180,LABEL VIE,ACT,21164,4280.000000,90581920.000000,5837182379.840000,0.0155180897
0631181,063,1181,ALLIANCES,ACT,52038,498.000000,25914924.000000,5837182379.840000,0.0044396290
0631185,063,1185,DELTA HOLDING,ACT,123234,68.000000,8379912.000000,5837182379.840000,0.0014356091
0631188,063,1188,BCP,ACT,251955,270.000000,68027850.000000,5837182379.840000,0.0116542273
0631202,063,1202,UNIMER,ACT,26565,165.000000,4383225.000000,5837182379.840000,0.0007509145
0631208,063,1208,JET CONTRACTORS,ACT,9919,2600.000000,25789400.000000,5837182379.840000,0.0044181248
0631220,063,1220,TAQA MOROCCO,ACT,3344,1945.000000,6504080.000000,5837182379.840000,0.0011142499
0631224,063,1224,COSUMAR,ACT,198313,202.950000,40247623.350000,5837182379.840000,0.0068950430
0631226,063,1226,TOTALENERGIES MARKETING MAROC,ACT,24234,1598.000000,38725932.000000,5837182379.840000,0.0066343536
0631231,063,1231,SODEP-MARSA MAROC,ACT,222399,901.000000,200381499.000000,5837182379.840000,0.0343284629
0631232,063,1232,LAFARGE-HOLCIM MAROC,ACT,38811,1799.000000,69820989.000000,5837182379.840000,0.0119614198
0631239,063,1239,MUTANDIS,ACT,60827,244.850000,14893490.950000,5837182379.840000,0.0025514863
0631243,063,1243,BANK OF AFRICA,ACT,314764,209.000000,65785676.000000,5837182379.840000,0.0112701080
0631244,063,1244,ATW,ACT,473018,731.000000,345776158.000000,5837182379.840000,0.0592368262
0631246,063,1246,ARADEI CAPITAL,ACT,69635,440.000000,30639400.000000,5837182379.840000,0.0052490051
0631250,063,1250,SOTHEMA,ACT,6009,1730.000000,10395570.000000,5837182379.840000,0.0017809226
0631252,063,1252,TGCC,ACT,91372,834.300000,76231659.600000,5837182379.840000,0.0130596673
0631258,063,1258,AKDITAL,ACT,56779,1119.000000,63535701.000000,5837182379.840000,0.0108846524
0631261,063,1261,HPS (VN 10),ACT,55554,520.000000,28888080.000000,5837182379.840000,0.0049489768
0631262,063,1262,CFG BANK,ACT,65500,230.000000,15065000.000000,5837182379.840000,0.0025808685
0631271,063,1271,CMGP GROUP,ACT,77403,376.000000,29103528.000000,5837182379.840000,0.0049858864
0631275,063,1275,VICENNE,ACT,2062,420.000000,866040.000000,5837182379.840000,0.0001483661
0631276,063,1276,CASH PLUS,ACT,24577,290.000000,7127330.000000,5837182379.840000,0.0012210223
0631278,063,1278,SGTM,ACT,41208,835.000000,34408680.000000,5837182379.840000,0.0058947413
063201236,063,201236,BDT du 14/08/13 ATYP 18/03/13 à 5.25% 15 ans,OBL,2968,108820.790000,322980104.720000,5837182379.840000,0.0553315082
063201535,063,201535,BDT du 04/02/19 ATYP 18/06/19 à 3.35%  10 ans,OBL,500,104068.940000,52034470.000000,5837182379.840000,0.0089143129
063201552,063,201552,BDT DU 17/06/2020 10 ANS 2.7%,OBL,522,101098.560000,52773448.320000,5837182379.840000,0.0090409113
063201631,063,201631,BDT du 14/07/2021 ATYP 18/01/2021 à 3.45% 15 ans,OBL,1250,97969.400000,122461750.000000,5837182379.840000,0.0209795998
063201651,063,201651,BDT du 20/04/2021 ATYP 16/06/2021 à 2.30% 10 ans,OBL,4175,98472.670000,411123397.250000,5837182379.840000,0.0704318232
063201792,063,201792,BDT du 16/01/2023 atp  a 4.20%  10 ans,OBL,1646,110402.310000,181722202.260000,5837182379.840000,0.0311318356
063201793,063,201793,BDT du 17/08/2023 à 4.75%  20 ans ATYP 16/01/2023,OBL,613,118578.110000,72688381.430000,5837182379.840000,0.0124526487
063201808,063,201808,BDT DU 20/03/2023 à 4.90% 15 ans,OBL,5071,119318.130000,605062237.230000,5837182379.840000,0.1036565586
063201809,063,201809,BDT DU 20/03/2023 à 5.5 30 ans,OBL,851,131399.420000,111820906.420000,5837182379.840000,0.0191566580
063201837,063,201837,BDT du 18/09/2024 à 4%  10 ANS ATYP 02/01/2024,OBL,725,108473.110000,78643004.750000,5837182379.840000,0.0134727681
063201840,063,201840,BDT du 15/10/2024 à 3.50%  5 ANS ATYP 15/01/2024,OBL,225,103575.970000,23304593.250000,5837182379.840000,0.0039924388
063201854,063,201854,BDT du 15/02/2025  30ans à 4.90%  ATYP 04/06/2024,OBL,250,123692.920000,30923230.000000,5837182379.840000,0.0052976296
063201862,063,201862,BDT du 15/04/2025  5 ans à 3.30%  ATYP 15/07/2024,OBL,4065,106923.500000,434644027.500000,5837182379.840000,0.0744612724
063201889,063,201889,BDT DU 17/02/2025 à 2.85%   5 ans ATYP 14/10/2025,OBL,2345,102613.650000,240629009.250000,5837182379.840000,0.0412234865
063201896,063,201896,BDT du 14/05/2025 à 2.90%   10 ANS ATYP 05/05/2025,OBL,150,100587.910000,15088186.500000,5837182379.840000,0.0025848407
06380129,063,80129,Droit d ' Attribution BOA 1/48  2025,ACT,37,4.350000,160.950000,5837182379.840000,0.0000000276
0639202,063,9202,OBL LYDEC à 4.50% du 31/12/2013 13 ans,OBL,331860,236.730000,78561217.800000,5837182379.840000,0.0134587568
0639285,063,9285,OBL ATW NC du 28/06/2016 à 3.74% 10 ans,OBL,598,102528.620000,61312114.760000,5837182379.840000,0.0105037175
0639360,063,9360,OBL AL MADA DU 17/01/2018 à 4.08% 10 ANS,OBL,370,101570.670000,37581147.900000,5837182379.840000,0.0064382343
0639385,063,9385,OBL SUB CDM 17/12/2048 à 4.05% 10 ANS,OBL,373,102437.940000,38209351.620000,5837182379.840000,0.0065458554
0639425,063,9425,OBL SUB BCP du 26/12/2019 à 3.28% 10ans  Fixe,OBL,476,100108.670000,47651726.920000,5837182379.840000,0.0081634809
0639518,063,9518,OBL ANP du 13/10/2021  à  3.15%  AMORT  15 ANS,OBL,500,71796.970000,35898485.000000,5837182379.840000,0.0061499680
0639529,063,9529,OBL ATW SUB PERP 28/12/2021 à 4.58% REVIS  tt 10ans,OBL,453,97487.420000,44161801.260000,5837182379.840000,0.0075656024
0639530,063,9530,OBL ATW SUB du 30/12/2021 à 2.66% 7 ANS Fixe,OBL,310,98865.140000,30648193.400000,5837182379.840000,0.0052505115
0639534,063,9534,"OBL TMSA Participations du 15/03/2022 à 3,70%  15 ans",OBL,4500,99046.000000,445707000.000000,5837182379.840000,0.0763565315
0639596,063,9596,OBL OCP PERPT SUB DU 14/12/2023 REV 20ANS,OBL,900,116917.730000,105225957.000000,5837182379.840000,0.0180268407
0639607,063,9607,OBL AL MADA du 28/03/2024 à 3.94%  5 ans,OBL,1500,105402.660000,158103990.000000,5837182379.840000,0.0270856690
0639647,063,9647,OBL OCP ORD SUB Fixe  DU 16/12/2024  30 ANS,OBL,762,107089.530000,81602221.860000,5837182379.840000,0.0139797280
0639707,063,9707,OBL SUB ATW du 30/06/2025  à 3.07% FIXE  DIFERE 2ans,OBL,291,100724.590000,29310855.690000,5837182379.840000,0.0050214048
0639753,063,9753,OBL OCP ORD NUTRICROPS DU 15/12/2025 FIXE 30 ANS,OBL,3000,98187.450000,294562350.000000,5837182379.840000,0.0504631055
0641038,064,1038,CDM,ACT,4080,1040.000000,4243200.000000,223793596.930000,0.0189603280
0641050,064,1050,CIMENTS DU MAROC,ACT,5087,1737.000000,8836119.000000,223793596.930000,0.0394833414
0641081,064,1081,BMCI,ACT,5974,629.000000,3757646.000000,223793596.930000,0.0167906770
0641092,064,1092,WAFA ASSURANCE,ACT,2811,4900.000000,13773900.000000,223793596.930000,0.0615473373
0641105,064,1105,MANAGEM,ACT,1838,7550.000000,13876900.000000,223793596.930000,0.0620075828
0641145,064,1145,CIH,ACT,20833,400.000000,8333200.000000,223793596.930000,0.0372360966
0641148,064,1148,ITISSALAT AL MAGHRIB,ACT,96984,106.850000,10362740.400000,223793596.930000,0.0463049012
0641180,064,1180,LABEL VIE,ACT,2658,4280.000000,11376240.000000,223793596.930000,0.0508336260
0641185,064,1185,DELTA HOLDING,ACT,29728,68.000000,2021504.000000,223793596.930000,0.0090328947
0641188,064,1188,BCP,ACT,37802,270.000000,10206540.000000,223793596.930000,0.0456069349
0641223,064,1223,RESIDENCES DAR SAADA,ACT,50948,155.000000,7896940.000000,223793596.930000,0.0352867111
0641224,064,1224,COSUMAR,ACT,14550,202.950000,2952922.500000,223793596.930000,0.0131948480
0641226,064,1226,TOTALENERGIES MARKETING MAROC,ACT,4955,1598.000000,7918090.000000,223793596.930000,0.0353812178
0641231,064,1231,SODEP-MARSA MAROC,ACT,23299,901.000000,20992399.000000,223793596.930000,0.0938025006
0641232,064,1232,LAFARGE-HOLCIM MAROC,ACT,3581,1799.000000,6442219.000000,223793596.930000,0.0287864313
0641239,064,1239,MUTANDIS,ACT,8308,244.850000,2034213.800000,223793596.930000,0.0090896872
0641243,064,1243,BANK OF AFRICA,ACT,13687,209.000000,2860583.000000,223793596.930000,0.0127822379
0641244,064,1244,ATW,ACT,57047,731.000000,41701357.000000,223793596.930000,0.1863384725
0641250,064,1250,SOTHEMA,ACT,3055,1730.000000,5285150.000000,223793596.930000,0.0236161806
0641252,064,1252,TGCC,ACT,6914,834.300000,5768350.200000,223793596.930000,0.0257753139
0641261,064,1261,HPS (VN 10),ACT,4432,520.000000,2304640.000000,223793596.930000,0.0102980605
0641262,064,1262,CFG BANK,ACT,10455,230.000000,2404650.000000,223793596.930000,0.0107449455
0641271,064,1271,CMGP GROUP,ACT,6255,376.000000,2351880.000000,223793596.930000,0.0105091479
0641276,064,1276,CASH PLUS,ACT,1033,290.000000,299570.000000,223793596.930000,0.0013385995
0641278,064,1278,SGTM,ACT,6242,835.000000,5212070.000000,223793596.930000,0.0232896297
0643984,064,3984,FCP STERLING EQUITY,OPC,11600,932.100000,10812360.000000,223793596.930000,0.0483139828
06480129,064,80129,Droit d ' Attribution BOA 1/48  2025,ACT,16,4.350000,69.600000,223793596.930000,0.0000003110
064US30303M1027,064,US30303M1027,META PLATFORMS CLA,ACT,602,670.210000,403466.420000,223793596.930000,0.0018028506
064US67066G1040,064,US67066G1040,NVIDIA ORD,ACT,2622,171.880000,450669.360000,223793596.930000,0.0020137724
064XS2355149316,064,XS2355149316,OBL OCP INTERNATIONAL  du 23/06/2021 à 3.75% 10 ans,OBL,636,1004.950000,639148.200000,223793596.930000,0.0028559718
0651038,065,1038,CDM,ACT,2980,1040.000000,3099200.000000,249161326.170000,0.0124385275
0651050,065,1050,CIMENTS DU MAROC,ACT,3232,1737.000000,5613984.000000,249161326.170000,0.0225315224
0651081,065,1081,BMCI,ACT,2973,629.000000,1870017.000000,249161326.170000,0.0075052458
0651092,065,1092,WAFA ASSURANCE,ACT,868,4900.000000,4253200.000000,249161326.170000,0.0170700649
0651105,065,1105,MANAGEM,ACT,1351,7550.000000,10200050.000000,249161326.170000,0.0409375330
0651145,065,1145,CIH,ACT,9295,400.000000,3718000.000000,249161326.170000,0.0149220590
0651148,065,1148,ITISSALAT AL MAGHRIB,ACT,44775,106.850000,4784208.750000,249161326.170000,0.0192012493
0651185,065,1185,DELTA HOLDING,ACT,7027,68.000000,477836.000000,249161326.170000,0.0019177776
0651188,065,1188,BCP,ACT,5750,270.000000,1552500.000000,249161326.170000,0.0062309028
0651226,065,1226,TOTALENERGIES MARKETING MAROC,ACT,691,1598.000000,1104218.000000,249161326.170000,0.0044317391
0651231,065,1231,SODEP-MARSA MAROC,ACT,14523,901.000000,13085223.000000,249161326.170000,0.0525170708
0651243,065,1243,BANK OF AFRICA,ACT,12496,209.000000,2611664.000000,249161326.170000,0.0104818193
0651244,065,1244,ATW,ACT,23099,731.000000,16885369.000000,249161326.170000,0.0677688197
0651246,065,1246,ARADEI CAPITAL,ACT,1618,440.000000,711920.000000,249161326.170000,0.0028572653
0651252,065,1252,TGCC,ACT,10596,834.300000,8840242.800000,249161326.170000,0.0354799958
0651258,065,1258,AKDITAL,ACT,3232,1119.000000,3616608.000000,249161326.170000,0.0145151258
0651271,065,1271,CMGP GROUP,ACT,6814,376.000000,2562064.000000,249161326.170000,0.0102827515
0651275,065,1275,VICENNE,ACT,1016,420.000000,426720.000000,249161326.170000,0.0017126253
0651276,065,1276,CASH PLUS,ACT,1148,290.000000,332920.000000,249161326.170000,0.0013361624
0651278,065,1278,SGTM,ACT,3533,835.000000,2950055.000000,249161326.170000,0.0118399394
065152236,065,152236,CD CAM  du 15/06/2020 à 3.4% 7 ans,TCN,62,102485.200000,6354082.400000,249161326.170000,0.0255018806
065152398,065,152398,CD CIH du 25/06/2021 à 2.61%  7ans,TCN,86,100476.740000,8640999.640000,249161326.170000,0.0346803405
065201331,065,201331,BDT DU 060814 15 ANS 5.45% ATYP 14/04/2014,OBL,100,111595.590000,11159559.000000,249161326.170000,0.0447884877
065201535,065,201535,BDT du 04/02/19 ATYP 18/06/19 à 3.35%  10 ans,OBL,185,104068.940000,19252753.900000,249161326.170000,0.0772702337
065201651,065,201651,BDT du 20/04/2021 ATYP 16/06/2021 à 2.30% 10 ans,OBL,122,98472.670000,12013665.740000,249161326.170000,0.0482164143
065201792,065,201792,BDT du 16/01/2023 atp  a 4.20%  10 ans,OBL,10,110402.310000,1104023.100000,249161326.170000,0.0044309569
065201808,065,201808,BDT DU 20/03/2023 à 4.90% 15 ans,OBL,89,119318.130000,10619313.570000,249161326.170000,0.0426202322
065201822,065,201822,BDT du 27/06/2023 ATYP 14/03/2024 à 4.75 % 15 ans,OBL,200,119665.250000,23933050.000000,249161326.170000,0.0960544334
065201837,065,201837,BDT du 18/09/2024 à 4%  10 ANS ATYP 02/01/2024,OBL,58,108473.110000,6291440.380000,249161326.170000,0.0252504692
065201862,065,201862,BDT du 15/04/2025  5 ans à 3.30%  ATYP 15/07/2024,OBL,525,106923.500000,56134837.500000,249161326.170000,0.2252951466
06580129,065,80129,Droit d ' Attribution BOA 1/48  2025,ACT,1,4.350000,4.350000,249161326.170000,0.0000000175
0659360,065,9360,OBL AL MADA DU 17/01/2018 à 4.08% 10 ANS,OBL,123,101570.670000,12493192.410000,249161326.170000,0.0501409773
0659523,065,9523,OBL MANAGEM du 21/12/2021 à 3.22% 7 ANS,OBL,31,98933.120000,3066926.720000,249161326.170000,0.0123089998
0659644,065,9644,OBL OCP ORD SUB Fixe  DU 16/12/2024  10 ANS,OBL,11,102621.920000,1128841.120000,249161326.170000,0.0045305631
065XS2810168737,065,XS2810168737,OBL OCP INTERNATIONAL 6.75% 10 ANS,OBL,413,1018.720000,420731.360000,249161326.170000,0.0016885901
066056,066,056,FCP WG MONETAIRE,OPC,4110,1216.920000,5001541.200000,196625862.440000,0.0254368430
0661035,066,1035,CREDIT EQDOM,ACT,1450,1380.000000,2001000.000000,196625862.440000,0.0101766877
0661038,066,1038,CDM,ACT,3964,1040.000000,4122560.000000,196625862.440000,0.0209665196
0661050,066,1050,CIMENTS DU MAROC,ACT,6396,1737.000000,11109852.000000,196625862.440000,0.0565024960
0661081,066,1081,BMCI,ACT,3362,629.000000,2114698.000000,196625862.440000,0.0107549331
0661092,066,1092,WAFA ASSURANCE,ACT,1007,4900.000000,4934300.000000,196625862.440000,0.0250948677
0661095,066,1095,AFRIQUIA GAZ,ACT,380,4099.000000,1557620.000000,196625862.440000,0.0079217453
0661105,066,1105,MANAGEM,ACT,2292,7550.000000,17304600.000000,196625862.440000,0.0880077513
0661145,066,1145,CIH,ACT,22078,400.000000,8831200.000000,196625862.440000,0.0449137254
0661148,066,1148,ITISSALAT AL MAGHRIB,ACT,60160,106.850000,6428096.000000,196625862.440000,0.0326920168
0661171,066,1171,ATLANTASANAD,ACT,13989,135.000000,1888515.000000,196625862.440000,0.0096046114
0661172,066,1172,SNEP,ACT,3020,458.000000,1383160.000000,196625862.440000,0.0070344765
0661180,066,1180,LABEL VIE,ACT,1382,4280.000000,5914960.000000,196625862.440000,0.0300823092
0661188,066,1188,BCP,ACT,20801,270.000000,5616270.000000,196625862.440000,0.0285632314
0661224,066,1224,COSUMAR,ACT,38897,202.950000,7894146.150000,196625862.440000,0.0401480561
0661231,066,1231,SODEP-MARSA MAROC,ACT,15970,901.000000,14388970.000000,196625862.440000,0.0731794374
0661232,066,1232,LAFARGE-HOLCIM MAROC,ACT,5952,1799.000000,10707648.000000,196625862.440000,0.0544569665
0661243,066,1243,BANK OF AFRICA,ACT,9863,209.000000,2061367.000000,196625862.440000,0.0104837023
0661244,066,1244,ATW,ACT,52394,731.000000,38300014.000000,196625862.440000,0.1947862480
0661252,066,1252,TGCC,ACT,9117,834.300000,7606313.100000,196625862.440000,0.0386841945
0661258,066,1258,AKDITAL,ACT,3550,1119.000000,3972450.000000,196625862.440000,0.0202030900
0661275,066,1275,VICENNE,ACT,764,420.000000,320880.000000,196625862.440000,0.0016319318
0661276,066,1276,CASH PLUS,ACT,885,290.000000,256650.000000,196625862.440000,0.0013052708
0661278,066,1278,SGTM,ACT,5385,835.000000,4496475.000000,196625862.440000,0.0228681769
0664198,066,4198,FCP Winéo Actions,OPC,3132,4356.330000,13645001.377920,196625862.440000,0.0693957611
06680129,066,80129,Droit d ' Attribution BOA 1/48  2025,ACT,14,4.350000,60.900000,196625862.440000,0.0000003097
066US02079K1079,066,US02079K1079,GOOG ALPHABET C,ACT,1460,331.330000,483741.800000,196625862.440000,0.0024602145
066US0231351067,066,US0231351067,AMAZON,ACT,1240,222.690000,276135.600000,196625862.440000,0.0014043707
066US57636Q1040,066,US57636Q1040,MASTERCARD INCORPORATED,ACT,620,551.890000,342171.800000,196625862.440000,0.0017402177
066XS2355149316,066,XS2355149316,OBL OCP INTERNATIONAL  du 23/06/2021 à 3.75% 10 ans,OBL,786,1004.950000,789890.700000,196625862.440000,0.0040172269
0671001,067,1001,SONASID,ACT,1537,1985.000000,3050945.000000,188210750.630000,0.0162102589
0671050,067,1050,CIMENTS DU MAROC,ACT,6277,1737.000000,10903149.000000,188210750.630000,0.0579305325
0671095,067,1095,AFRIQUIA GAZ,ACT,930,4099.000000,3812070.000000,188210750.630000,0.0202542628
0671096,067,1096,AUTO-HALL,ACT,37432,90.210000,3376740.720000,188210750.630000,0.0179412744
0671105,067,1105,MANAGEM,ACT,2383,7550.000000,17991650.000000,188210750.630000,0.0955931047
0671148,067,1148,ITISSALAT AL MAGHRIB,ACT,150024,106.850000,16030064.400000,188210750.630000,0.0851708223
0671151,067,1151,ADDOHA,ACT,149382,29.900000,4466521.800000,188210750.630000,0.0237314913
0671163,067,1163,DISWAY,ACT,1775,880.000000,1562000.000000,188210750.630000,0.0082992071
0671172,067,1172,SNEP,ACT,3113,458.000000,1425754.000000,188210750.630000,0.0075753058
0671179,067,1179,CMT,ACT,1290,2100.000000,2709000.000000,188210750.630000,0.0143934392
0671181,067,1181,ALLIANCES,ACT,5126,498.000000,2552748.000000,188210750.630000,0.0135632422
0671185,067,1185,DELTA HOLDING,ACT,39994,68.000000,2719592.000000,188210750.630000,0.0144497166
0671220,067,1220,TAQA MOROCCO,ACT,1341,1945.000000,2608245.000000,188210750.630000,0.0138581085
0671224,067,1224,COSUMAR,ACT,55191,202.950000,11201013.450000,188210750.630000,0.0595131437
0671226,067,1226,TOTALENERGIES MARKETING MAROC,ACT,3928,1598.000000,6276944.000000,188210750.630000,0.0333506135
0671231,067,1231,SODEP-MARSA MAROC,ACT,18354,901.000000,16536954.000000,188210750.630000,0.0878640245
0671232,067,1232,LAFARGE-HOLCIM MAROC,ACT,6820,1799.000000,12269180.000000,188210750.630000,0.0651885185
0671238,067,1238,IMMORENT INVEST,ACT,29884,91.500000,2734386.000000,188210750.630000,0.0145283199
0671239,067,1239,MUTANDIS,ACT,13000,244.850000,3183050.000000,188210750.630000,0.0169121583
0671246,067,1246,ARADEI CAPITAL,ACT,6649,440.000000,2925560.000000,188210750.630000,0.0155440642
0671250,067,1250,SOTHEMA,ACT,2700,1730.000000,4671000.000000,188210750.630000,0.0248179234
0671252,067,1252,TGCC,ACT,11978,834.300000,9993245.400000,188210750.630000,0.0530960392
0671258,067,1258,AKDITAL,ACT,8227,1119.000000,9206013.000000,188210750.630000,0.0489133217
0671261,067,1261,HPS (VN 10),ACT,17408,520.000000,9052160.000000,188210750.630000,0.0480958711
0671271,067,1271,CMGP GROUP,ACT,6854,376.000000,2577104.000000,188210750.630000,0.0136926503
0671275,067,1275,VICENNE,ACT,618,420.000000,259560.000000,188210750.630000,0.0013790923
0671276,067,1276,CASH PLUS,ACT,726,290.000000,210540.000000,188210750.630000,0.0011186396
0671278,067,1278,SGTM,ACT,11430,835.000000,9544050.000000,188210750.630000,0.0507093775
067US8863647025,067,US8863647025,SP FUNDS DOW JONES GLOBAL SU,OPC,45400,18.260000,829004.000000,188210750.630000,0.0044046581
102075,102,075,FCP WG MOMENTUM FACTOR FUND,OPC,41000,174.670000,7161470.000000,837253074.250000,0.0085535309
1021001,102,1001,SONASID,ACT,3760,1985.000000,7463600.000000,837253074.250000,0.0089143895
1021006,102,1006,SMI,ACT,347,5300.000000,1839100.000000,837253074.250000,0.0021965879
1021035,102,1035,CREDIT EQDOM,ACT,1926,1380.000000,2657880.000000,837253074.250000,0.0031745240
1021036,102,1036,SOCIETE DE BOISSONS DU MAROC,ACT,1368,2209.000000,3021912.000000,837253074.250000,0.0036093173
1021038,102,1038,CDM,ACT,12430,1040.000000,12927200.000000,837253074.250000,0.0154400150
1021050,102,1050,CIMENTS DU MAROC,ACT,17949,1737.000000,31177413.000000,837253074.250000,0.0372377408
1021080,102,1080,SAMIR,ACT,5919,0.000000,0.000000,837253074.250000,0.0000000000
1021081,102,1081,BMCI,ACT,4092,629.000000,2573868.000000,837253074.250000,0.0030741816
1021092,102,1092,WAFA ASSURANCE,ACT,6570,4900.000000,32193000.000000,837253074.250000,0.0384507397
1021095,102,1095,AFRIQUIA GAZ,ACT,2197,4099.000000,9005503.000000,837253074.250000,0.0107560107
1021096,102,1096,AUTO-HALL,ACT,14050,90.210000,1267450.500000,837253074.250000,0.0015138201
1021105,102,1105,MANAGEM,ACT,7366,7550.000000,55613300.000000,837253074.250000,0.0664235244
1021145,102,1145,CIH,ACT,45975,400.000000,18390000.000000,837253074.250000,0.0219646850
1021146,102,1146,RISMA,ACT,2908,370.000000,1075960.000000,837253074.250000,0.0012851073
1021148,102,1148,ITISSALAT AL MAGHRIB,ACT,513468,106.850000,54864055.800000,837253074.250000,0.0655286406
1021151,102,1151,ADDOHA,ACT,404481,29.900000,12093981.900000,837253074.250000,0.0144448343
1021171,102,1171,ATLANTASANAD,ACT,20387,135.000000,2752245.000000,837253074.250000,0.0032872319
1021172,102,1172,SNEP,ACT,2212,458.000000,1013096.000000,837253074.250000,0.0012100236
1021179,102,1179,CMT,ACT,2127,2100.000000,4466700.000000,837253074.250000,0.0053349461
1021180,102,1180,LABEL VIE,ACT,5235,4280.000000,22405800.000000,837253074.250000,0.0267610842
1021181,102,1181,ALLIANCES,ACT,32516,498.000000,16192968.000000,837253074.250000,0.0193405895
1021185,102,1185,DELTA HOLDING,ACT,33364,68.000000,2268752.000000,837253074.250000,0.0027097565
1021188,102,1188,BCP,ACT,113708,270.000000,30701160.000000,837253074.250000,0.0366689128
1021208,102,1208,JET CONTRACTORS,ACT,3395,2600.000000,8827000.000000,837253074.250000,0.0105428099
1021220,102,1220,TAQA MOROCCO,ACT,6529,1945.000000,12698905.000000,837253074.250000,0.0151673435
1021224,102,1224,COSUMAR,ACT,98497,202.950000,19989966.150000,837253074.250000,0.0238756557
1021226,102,1226,TOTALENERGIES MARKETING MAROC,ACT,6435,1598.000000,10283130.000000,837253074.250000,0.0122819854
1021231,102,1231,SODEP-MARSA MAROC,ACT,76248,901.000000,68699448.000000,837253074.250000,0.0820533840
1021232,102,1232,LAFARGE-HOLCIM MAROC,ACT,25379,1799.000000,45656821.000000,837253074.250000,0.0545316851
1021239,102,1239,MUTANDIS,ACT,15146,244.850000,3708498.100000,837253074.250000,0.0044293634
1021243,102,1243,BANK OF AFRICA,ACT,179691,209.000000,37555419.000000,837253074.250000,0.0448555164
1021244,102,1244,ATW,ACT,211539,731.000000,154635009.000000,837253074.250000,0.1846932711
1021246,102,1246,ARADEI CAPITAL,ACT,9732,440.000000,4282080.000000,837253074.250000,0.0051144393
1021250,102,1250,SOTHEMA,ACT,1806,1730.000000,3124380.000000,837253074.250000,0.0037317032
1021252,102,1252,TGCC,ACT,46529,834.300000,38819144.700000,837253074.250000,0.0463648876
1021258,102,1258,AKDITAL,ACT,23819,1119.000000,26653461.000000,837253074.250000,0.0318344140
1021261,102,1261,HPS (VN 10),ACT,15425,520.000000,8021000.000000,837253074.250000,0.0095801380
1021262,102,1262,CFG BANK,ACT,41967,230.000000,9652410.000000,837253074.250000,0.0115286647
1021271,102,1271,CMGP GROUP,ACT,16653,376.000000,6261528.000000,837253074.250000,0.0074786563
1021275,102,1275,VICENNE,ACT,4471,420.000000,1877820.000000,837253074.250000,0.0022428344
1021276,102,1276,CASH PLUS,ACT,14504,290.000000,4206160.000000,837253074.250000,0.0050237618
1021278,102,1278,SGTM,ACT,34581,835.000000,28875135.000000,837253074.250000,0.0344879414
10280129,102,80129,Droit d ' Attribution BOA 1/48  2025,ACT,31,4.350000,134.850000,837253074.250000,0.0000001611
1071001,107,1001,SONASID,ACT,1243,1985.000000,2467355.000000,158448349.690000,0.0155719830
1071035,107,1035,CREDIT EQDOM,ACT,2330,1380.000000,3215400.000000,158448349.690000,0.0202930482
1071038,107,1038,CDM,ACT,1782,1040.000000,1853280.000000,158448349.690000,0.0116964298
1071050,107,1050,CIMENTS DU MAROC,ACT,3230,1737.000000,5610510.000000,158448349.690000,0.0354090782
1071092,107,1092,WAFA ASSURANCE,ACT,969,4900.000000,4748100.000000,158448349.690000,0.0299662320
1071095,107,1095,AFRIQUIA GAZ,ACT,279,4099.000000,1143621.000000,158448349.690000,0.0072176265
1071105,107,1105,MANAGEM,ACT,1637,7550.000000,12359350.000000,158448349.690000,0.0780023902
107113,107,113,ATTIJARI DIVERSIFIE,OPC,16056,720.930000,11575252.080000,158448349.690000,0.0730537876
1071145,107,1145,CIH,ACT,9949,400.000000,3979600.000000,158448349.690000,0.0251160710
1071148,107,1148,ITISSALAT AL MAGHRIB,ACT,37212,106.850000,3976102.200000,158448349.690000,0.0250939957
1071151,107,1151,ADDOHA,ACT,81773,29.900000,2445012.700000,158448349.690000,0.0154309761
1071180,107,1180,LABEL VIE,ACT,966,4280.000000,4134480.000000,158448349.690000,0.0260935504
1071208,107,1208,JET CONTRACTORS,ACT,583,2600.000000,1515800.000000,158448349.690000,0.0095665244
1071226,107,1226,TOTALENERGIES MARKETING MAROC,ACT,2532,1598.000000,4046136.000000,158448349.690000,0.0255359933
1071231,107,1231,SODEP-MARSA MAROC,ACT,11640,901.000000,10487640.000000,158448349.690000,0.0661896449
1071232,107,1232,LAFARGE-HOLCIM MAROC,ACT,807,1799.000000,1451793.000000,158448349.690000,0.0091625631
1071243,107,1243,BANK OF AFRICA,ACT,5402,209.000000,1129018.000000,158448349.690000,0.0071254639
1071244,107,1244,ATW,ACT,26527,731.000000,19391237.000000,158448349.690000,0.1223820699
1071252,107,1252,TGCC,ACT,7387,834.300000,6162974.100000,158448349.690000,0.0388957923
1071258,107,1258,AKDITAL,ACT,1430,1119.000000,1600170.000000,158448349.690000,0.0100990007
1071261,107,1261,HPS (VN 10),ACT,2890,520.000000,1502800.000000,158448349.690000,0.0094844787
1071276,107,1276,CASH PLUS,ACT,730,290.000000,211700.000000,158448349.690000,0.0013360821
1071278,107,1278,SGTM,ACT,2233,835.000000,1864555.000000,158448349.690000,0.0117675886
107201553,107,201553,BDT DU 14/02/2020 30ANS 4%,OBL,5,107456.420000,537282.100000,158448349.690000,0.0033908974
107201631,107,201631,BDT du 14/07/2021 ATYP 18/01/2021 à 3.45% 15 ans,OBL,10,97969.400000,979694.000000,158448349.690000,0.0061830496
107201808,107,201808,BDT DU 20/03/2023 à 4.90% 15 ans,OBL,89,119318.130000,10619313.570000,158448349.690000,0.0670206638
107201809,107,201809,BDT DU 20/03/2023 à 5.5 30 ans,OBL,45,131399.420000,5912973.900000,158448349.690000,0.0373179898
107201840,107,201840,BDT du 15/10/2024 à 3.50%  5 ANS ATYP 15/01/2024,OBL,30,103575.970000,3107279.100000,158448349.690000,0.0196106751
107201862,107,201862,BDT du 15/04/2025  5 ans à 3.30%  ATYP 15/07/2024,OBL,11,106923.500000,1176158.500000,158448349.690000,0.0074229773
1075106,107,5106,OBLIGATION A1 MIFTTAH 09/12/2019 12 ANS AMORT,OBL,41,32551.560000,1334613.960000,158448349.690000,0.0084230222
1075116,107,5116,OBLIGATION A1 MIFTTAH 11/06/2021 12 ANS AMORT,OBL,86,55969.610000,4813386.460000,158448349.690000,0.0303782682
10780129,107,80129,Droit d ' Attribution BOA 1/48  2025,ACT,12,4.350000,52.200000,158448349.690000,0.0000003294
1079300,107,9300,OBL SUBORD CDM du 21/12/2016 à 3.13% REVISABLE 10 ANS,OBL,69,100383.180000,6926439.420000,158448349.690000,0.0437141784
1079395,107,9395,OBL ANP du 04/06/2019 à 3.91% 15 ans TRANCH B,OBL,94,61843.000000,5813242.000000,158448349.690000,0.0366885614
1079411,107,9411,OBL ONCF du 31/10/19 à 4.02% 30 ANS AMRT LIN 15ans,OBL,24,104064.870000,2497556.880000,158448349.690000,0.0157625932
1079425,107,9425,OBL SUB BCP du 26/12/2019 à 3.28% 10ans  Fixe,OBL,20,100108.670000,2002173.400000,158448349.690000,0.0126361266
1079523,107,9523,OBL MANAGEM du 21/12/2021 à 3.22% 7 ANS,OBL,31,98933.120000,3066926.720000,158448349.690000,0.0193560029
1079644,107,9644,OBL OCP ORD SUB Fixe  DU 16/12/2024  10 ANS,OBL,19,102621.920000,1949816.480000,158448349.690000,0.0123056913
107US46090E1038,107,US46090E1038,INVESCO QQQ TRUST SERIES 1,OPC,1672,597.030000,998234.160000,158448349.690000,0.0063000603
107XS2239829216,107,XS2239829216,EUROBOND DU 30/09/2020 10 ans (2030),OBL,23,1017.320000,23398.360000,158448349.690000,0.0001476718
107XS2270576965,107,XS2270576965,EUROBOND DU 15/12/2020 SEM (2032),OBL,480,1004.620000,482217.600000,158448349.690000,0.0030433741
108056,108,056,FCP WG MONETAIRE,OPC,7000,1216.920000,8518440.000000,392087292.380000,0.0217258763
1081035,108,1035,CREDIT EQDOM,ACT,3691,1380.000000,5093580.000000,392087292.380000,0.0129909336
1081050,108,1050,CIMENTS DU MAROC,ACT,4636,1737.000000,8052732.000000,392087292.380000,0.0205381102
1081081,108,1081,BMCI,ACT,3931,629.000000,2472599.000000,392087292.380000,0.0063062462
1081092,108,1092,WAFA ASSURANCE,ACT,1993,4900.000000,9765700.000000,392087292.380000,0.0249069536
1081105,108,1105,MANAGEM,ACT,3327,7550.000000,25118850.000000,392087292.380000,0.0640644328
1081145,108,1145,CIH,ACT,16933,400.000000,6773200.000000,392087292.380000,0.0172747246
1081151,108,1151,ADDOHA,ACT,58023,29.900000,1734887.700000,392087292.380000,0.0044247486
1081181,108,1181,ALLIANCES,ACT,8500,498.000000,4233000.000000,392087292.380000,0.0107960653
1081208,108,1208,JET CONTRACTORS,ACT,670,2600.000000,1742000.000000,392087292.380000,0.0044428882
1081220,108,1220,TAQA MOROCCO,ACT,885,1945.000000,1721325.000000,392087292.380000,0.0043901576
1081226,108,1226,TOTALENERGIES MARKETING MAROC,ACT,18,1598.000000,28764.000000,392087292.380000,0.0000733612
1081231,108,1231,SODEP-MARSA MAROC,ACT,36162,901.000000,32581962.000000,392087292.380000,0.0830987452
1081243,108,1243,BANK OF AFRICA,ACT,15098,209.000000,3155482.000000,392087292.380000,0.0080479068
1081244,108,1244,ATW,ACT,77461,731.000000,56623991.000000,392087292.380000,0.1444167972
1081252,108,1252,TGCC,ACT,36876,834.300000,30765646.800000,392087292.380000,0.0784663196
1081258,108,1258,AKDITAL,ACT,8425,1119.000000,9427575.000000,392087292.380000,0.0240445819
1081270,108,1270,STOKVIS NORD-AFRIQUE VN 10,ACT,14000,92.600000,1296400.000000,392087292.380000,0.0033064066
1081271,108,1271,CMGP GROUP,ACT,10878,376.000000,4090128.000000,392087292.380000,0.0104316770
1081275,108,1275,VICENNE,ACT,941,420.000000,395220.000000,392087292.380000,0.0010079898
1081278,108,1278,SGTM,ACT,30292,835.000000,25293820.000000,392087292.380000,0.0645106855
108201631,108,201631,BDT du 14/07/2021 ATYP 18/01/2021 à 3.45% 15 ans,OBL,60,97969.400000,5878164.000000,392087292.380000,0.0149919778
108201792,108,201792,BDT du 16/01/2023 atp  a 4.20%  10 ans,OBL,54,110402.310000,5961724.740000,392087292.380000,0.0152050955
108201808,108,201808,BDT DU 20/03/2023 à 4.90% 15 ans,OBL,356,119318.130000,42477254.280000,392087292.380000,0.1083362177
108201837,108,201837,BDT du 18/09/2024 à 4%  10 ANS ATYP 02/01/2024,OBL,73,108473.110000,7918537.030000,392087292.380000,0.0201958523
108201840,108,201840,BDT du 15/10/2024 à 3.50%  5 ANS ATYP 15/01/2024,OBL,70,103575.970000,7250317.900000,392087292.380000,0.0184915911
108201862,108,201862,BDT du 15/04/2025  5 ans à 3.30%  ATYP 15/07/2024,OBL,229,106923.500000,24485481.500000,392087292.380000,0.0624490566
1085106,108,5106,OBLIGATION A1 MIFTTAH 09/12/2019 12 ANS AMORT,OBL,227,32551.560000,7389204.120000,392087292.380000,0.0188458138
1085116,108,5116,OBLIGATION A1 MIFTTAH 11/06/2021 12 ANS AMORT,OBL,104,55969.610000,5820839.440000,392087292.380000,0.0148457743
10880129,108,80129,Droit d ' Attribution BOA 1/48  2025,ACT,6,4.350000,26.100000,392087292.380000,0.0000000666
1089360,108,9360,OBL AL MADA DU 17/01/2018 à 4.08% 10 ANS,OBL,20,101570.670000,2031413.400000,392087292.380000,0.0051810233
1089395,108,9395,OBL ANP du 04/06/2019 à 3.91% 15 ans TRANCH B,OBL,94,61843.000000,5813242.000000,392087292.380000,0.0148263974
1089411,108,9411,OBL ONCF du 31/10/19 à 4.02% 30 ANS AMRT LIN 15ans,OBL,86,104064.870000,8949578.820000,392087292.380000,0.0228254753
1089425,108,9425,OBL SUB BCP du 26/12/2019 à 3.28% 10ans  Fixe,OBL,106,100108.670000,10611519.020000,392087292.380000,0.0270641748
1089523,108,9523,OBL MANAGEM du 21/12/2021 à 3.22% 7 ANS,OBL,89,98933.120000,8805047.680000,392087292.380000,0.0224568555
1089644,108,9644,OBL OCP ORD SUB Fixe  DU 16/12/2024  10 ANS,OBL,30,102621.920000,3078657.600000,392087292.380000,0.0078519699
108FR0000121667,108,FR0000121667,ESSILORLUXOTTICA,ACT,2070,258.600000,535302.000000,392087292.380000,0.0013652623
108USN070592100,108,USN070592100,ASML HOLDING NV-NY,ACT,840,1350.160000,1134134.400000,392087292.380000,0.0028925559
108XS1061043367,108,XS1061043367,OBL OCP INTERNATIONAL à 6.875%  30 ANS,OBL,1500,1020.490000,1530735.000000,392087292.380000,0.0039040668
108XS2270576965,108,XS2270576965,EUROBOND DU 15/12/2020 SEM (2032),OBL,32,1004.620000,32147.840000,392087292.380000,0.0000819915
108XS2810168737,108,XS2810168737,OBL OCP INTERNATIONAL 6.75% 10 ANS,OBL,752,1018.720000,766077.440000,392087292.380000,0.0019538441
108XS2810168810,108,XS2810168810,OBL OCP INTERNATIONAL 7.50% 30ANS,OBL,43,1020.800000,43894.400000,392087292.380000,0.0001119506
1091001,109,1001,SONASID,ACT,410,1985.000000,813850.000000,75939584.290000,0.0107170721
1091035,109,1035,CREDIT EQDOM,ACT,270,1380.000000,372600.000000,75939584.290000,0.0049065320
1091036,109,1036,SOCIETE DE BOISSONS DU MAROC,ACT,56,2209.000000,123704.000000,75939584.290000,0.0016289792
1091038,109,1038,CDM,ACT,1007,1040.000000,1047280.000000,75939584.290000,0.0137909630
1091050,109,1050,CIMENTS DU MAROC,ACT,1840,1737.000000,3196080.000000,75939584.290000,0.0420871411
1091080,109,1080,SAMIR,ACT,289,0.000000,0.000000,75939584.290000,0.0000000000
1091081,109,1081,BMCI,ACT,533,629.000000,335257.000000,75939584.290000,0.0044147858
1091092,109,1092,WAFA ASSURANCE,ACT,710,4900.000000,3479000.000000,75939584.290000,0.0458127343
1091095,109,1095,AFRIQUIA GAZ,ACT,258,4099.000000,1057542.000000,75939584.290000,0.0139260968
1091105,109,1105,MANAGEM,ACT,960,7550.000000,7248000.000000,75939584.290000,0.0954442939
1091145,109,1145,CIH,ACT,5344,400.000000,2137600.000000,75939584.290000,0.0281486924
1091148,109,1148,ITISSALAT AL MAGHRIB,ACT,45618,106.850000,4874283.300000,75939584.290000,0.0641863311
1091151,109,1151,ADDOHA,ACT,33677,29.900000,1006942.300000,75939584.290000,0.0132597816
1091163,109,1163,DISWAY,ACT,174,880.000000,153120.000000,75939584.290000,0.0020163397
1091180,109,1180,LABEL VIE,ACT,438,4280.000000,1874640.000000,75939584.290000,0.0246859397
1091181,109,1181,ALLIANCES,ACT,2126,498.000000,1058748.000000,75939584.290000,0.0139419778
1091185,109,1185,DELTA HOLDING,ACT,4949,68.000000,336532.000000,75939584.290000,0.0044315755
1091188,109,1188,BCP,ACT,12171,270.000000,3286170.000000,75939584.290000,0.0432734789
1091208,109,1208,JET CONTRACTORS,ACT,118,2600.000000,306800.000000,75939584.290000,0.0040400537
1091220,109,1220,TAQA MOROCCO,ACT,344,1945.000000,669080.000000,75939584.290000,0.0088106882
1091224,109,1224,COSUMAR,ACT,11009,202.950000,2234276.550000,75939584.290000,0.0294217643
1091226,109,1226,TOTALENERGIES MARKETING MAROC,ACT,602,1598.000000,961996.000000,75939584.290000,0.0126679124
1091231,109,1231,SODEP-MARSA MAROC,ACT,7509,901.000000,6765609.000000,75939584.290000,0.0890919942
1091232,109,1232,LAFARGE-HOLCIM MAROC,ACT,1668,1799.000000,3000732.000000,75939584.290000,0.0395147278
1091239,109,1239,MUTANDIS,ACT,2158,244.850000,528386.300000,75939584.290000,0.0069579825
1091243,109,1243,BANK OF AFRICA,ACT,14780,209.000000,3089020.000000,75939584.290000,0.0406773362
1091244,109,1244,ATW,ACT,18620,731.000000,13611220.000000,75939584.290000,0.1792374837
1091246,109,1246,ARADEI CAPITAL,ACT,2213,440.000000,973720.000000,75939584.290000,0.0128222983
1091250,109,1250,SOTHEMA,ACT,92,1730.000000,159160.000000,75939584.290000,0.0020958766
1091252,109,1252,TGCC,ACT,4454,834.300000,3715972.200000,75939584.290000,0.0489332702
1091258,109,1258,AKDITAL,ACT,2041,1119.000000,2283879.000000,75939584.290000,0.0300749474
1091261,109,1261,HPS (VN 10),ACT,1736,520.000000,902720.000000,75939584.290000,0.0118873445
1091271,109,1271,CMGP GROUP,ACT,2531,376.000000,951656.000000,75939584.290000,0.0125317515
1091275,109,1275,VICENNE,ACT,242,420.000000,101640.000000,75939584.290000,0.0013384324
1091276,109,1276,CASH PLUS,ACT,337,290.000000,97730.000000,75939584.290000,0.0012869441
1091278,109,1278,SGTM,ACT,2330,835.000000,1945550.000000,75939584.290000,0.0256197083
10980129,109,80129,Droit d ' Attribution BOA 1/48  2025,ACT,31,4.350000,134.850000,75939584.290000,0.0000017758
113003,113,003,PATRIMOINE OBLIGATIONS,OPC,197950,422.500000,83633875.000000,3572273294.440000,0.0234119475
113008,113,008,ATTIJARI AL MOUCHARAKA,OPC,18152,1315.440000,23877866.880000,3572273294.440000,0.0066842218
113068,113,068,FCP ATTIJARI VALEURS ESG,OPC,54798,175.720000,9629104.560000,3572273294.440000,0.0026955117
113070,113,070,FCP ATTIJARI FIXED INCOME DISTRIBUTION,OPC,365000,108.490000,39598850.000000,3572273294.440000,0.0110850561
113075,113,075,FCP WG MOMENTUM FACTOR FUND,OPC,40591,174.670000,7090029.970000,3572273294.440000,0.0019847390
113100964,113,100964,BSF WAFASALAF du 01/11/2024 à 3.43% 5ANS,TCN,58,101405.280000,5881506.240000,3572273294.440000,0.0016464323
113100999,113,100999,BSF WAFASALAF du 28/07/2025 à 2.90%  5 ANS,TCN,550,99639.700000,54801835.000000,3572273294.440000,0.0153408853
113101011,113,101011,BSF WAFABAIL du 06/10/2025 à 2.86% 4ans,TCN,200,99707.060000,19941412.000000,3572273294.440000,0.0055822750
113101018,113,101018,BSF WAFASALAF du 10/11/2025 à 3.12%  5 ans,TCN,650,99627.310000,64757751.500000,3572273294.440000,0.0181278828
113101023,113,101023,BSF WAFABAIL du 05/01/2026 à 2.94% 4ans,TCN,230,99366.520000,22854299.600000,3572273294.440000,0.0063976907
113102,113,102,ATTIJARI ACTIONS,OPC,34000,905.180000,30776120.000000,3572273294.440000,0.0086152759
1131035,113,1035,CREDIT EQDOM,ACT,6807,1380.000000,9393660.000000,3572273294.440000,0.0026296028
1131038,113,1038,CDM,ACT,43422,1040.000000,45158880.000000,3572273294.440000,0.0126414964
1131050,113,1050,CIMENTS DU MAROC,ACT,41195,1737.000000,71555715.000000,3572273294.440000,0.0200308625
1131080,113,1080,SAMIR,ACT,1512,0.000000,0.000000,3572273294.440000,0.0000000000
1131081,113,1081,BMCI,ACT,27735,629.000000,17445315.000000,3572273294.440000,0.0048835331
1131092,113,1092,WAFA ASSURANCE,ACT,42819,4900.000000,209813100.000000,3572273294.440000,0.0587337761
113110,113,110,ATTIJARI SOLIDARITE,OPC,3490,5420.530000,18917649.700000,3572273294.440000,0.0052956894
1131105,113,1105,MANAGEM,ACT,34390,7550.000000,259644500.000000,3572273294.440000,0.0726832688
113112,113,112,ATTIJARI OBLIGATIONS,OPC,117000,313.500000,36679500.000000,3572273294.440000,0.0102678314
1131145,113,1145,CIH,ACT,234160,400.000000,93664000.000000,3572273294.440000,0.0262197184
1131146,113,1146,RISMA,ACT,2366,370.000000,875420.000000,3572273294.440000,0.0002450596
1131148,113,1148,ITISSALAT AL MAGHRIB,ACT,1055659,106.850000,112797164.150000,3572273294.440000,0.0315757376
1131151,113,1151,ADDOHA,ACT,224272,29.900000,6705732.800000,3572273294.440000,0.0018771612
1131171,113,1171,ATLANTASANAD,ACT,26393,135.000000,3563055.000000,3572273294.440000,0.0009974195
1131179,113,1179,CMT,ACT,10872,2100.000000,22831200.000000,3572273294.440000,0.0063912243
1131180,113,1180,LABEL VIE,ACT,12550,4280.000000,53714000.000000,3572273294.440000,0.0150363636
1131185,113,1185,DELTA HOLDING,ACT,47687,68.000000,3242716.000000,3572273294.440000,0.0009077458
1131188,113,1188,BCP,ACT,226328,270.000000,61108560.000000,3572273294.440000,0.0171063508
1131220,113,1220,TAQA MOROCCO,ACT,71,1945.000000,138095.000000,3572273294.440000,0.0000386575
1131224,113,1224,COSUMAR,ACT,5619,202.950000,1140376.050000,3572273294.440000,0.0003192298
1131226,113,1226,TOTALENERGIES MARKETING MAROC,ACT,6811,1598.000000,10883978.000000,3572273294.440000,0.0030467932
1131231,113,1231,SODEP-MARSA MAROC,ACT,181853,901.000000,163849553.000000,3572273294.440000,0.0458670263
1131232,113,1232,LAFARGE-HOLCIM MAROC,ACT,16980,1799.000000,30547020.000000,3572273294.440000,0.0085511431
1131239,113,1239,MUTANDIS,ACT,3200,244.850000,783520.000000,3572273294.440000,0.0002193337
1131243,113,1243,BANK OF AFRICA,ACT,412020,209.000000,86112180.000000,3572273294.440000,0.0241057089
1131244,113,1244,ATW,ACT,580634,731.000000,424443454.000000,3572273294.440000,0.1188160645
1131246,113,1246,ARADEI CAPITAL,ACT,11277,440.000000,4961880.000000,3572273294.440000,0.0013889979
1131250,113,1250,SOTHEMA,ACT,500,1730.000000,865000.000000,3572273294.440000,0.0002421427
1131252,113,1252,TGCC,ACT,50967,834.300000,42521768.100000,3572273294.440000,0.0119032797
1131258,113,1258,AKDITAL,ACT,41274,1119.000000,46185606.000000,3572273294.440000,0.0129289117
1131262,113,1262,CFG BANK,ACT,34328,230.000000,7895440.000000,3572273294.440000,0.0022102004
1131271,113,1271,CMGP GROUP,ACT,11046,376.000000,4153296.000000,3572273294.440000,0.0011626479
1131276,113,1276,CASH PLUS,ACT,42920,290.000000,12446800.000000,3572273294.440000,0.0034842799
1131278,113,1278,SGTM,ACT,32525,835.000000,27158375.000000,3572273294.440000,0.0076025468
113153078,113,153078,CD CIH du 30/04/2025  à  2.92%   5 ans,TCN,125,101175.480000,12646935.000000,3572273294.440000,0.0035403044
113153118,113,153118,"CD CAM du  17/10/2025 à   2,65%   3 ANS",TCN,100,100037.660000,10003766.000000,3572273294.440000,0.0028003921
113201516,113,201516,BDT du 15/01/2018 ATYP jouiss 18/07/2018 à 3.70% 15 ans,OBL,38,106557.020000,4049166.760000,3572273294.440000,0.0011334986
113201552,113,201552,BDT DU 17/06/2020 10 ANS 2.7%,OBL,60,101098.560000,6065913.600000,3572273294.440000,0.0016980542
113201651,113,201651,BDT du 20/04/2021 ATYP 16/06/2021 à 2.30% 10 ans,OBL,208,98472.670000,20482315.360000,3572273294.440000,0.0057336922
113201792,113,201792,BDT du 16/01/2023 atp  a 4.20%  10 ans,OBL,453,110402.310000,50012246.430000,3572273294.440000,0.0140001177
113201808,113,201808,BDT DU 20/03/2023 à 4.90% 15 ans,OBL,2003,119318.130000,238994214.390000,3572273294.440000,0.0669025561
113201809,113,201809,BDT DU 20/03/2023 à 5.5 30 ans,OBL,470,131399.420000,61757727.400000,3572273294.440000,0.0172880747
113201821,113,201821,BDT DU 27/06/2023 à 4.30% 10 ans,OBL,1200,111760.680000,134112816.000000,3572273294.440000,0.0375427088
113201822,113,201822,BDT du 27/06/2023 ATYP 14/03/2024 à 4.75 % 15 ans,OBL,340,119665.250000,40686185.000000,3572273294.440000,0.0113894379
113201840,113,201840,BDT du 15/10/2024 à 3.50%  5 ANS ATYP 15/01/2024,OBL,20,103575.970000,2071519.400000,3572273294.440000,0.0005798883
113201853,113,201853,BDT du 14/09/2024  2 ans  à 3.25%  ATYP 27/05/2024,OBL,50,101802.420000,5090121.000000,3572273294.440000,0.0014248969
113201854,113,201854,BDT du 15/02/2025  30ans à 4.90%  ATYP 04/06/2024,OBL,98,123692.920000,12121906.160000,3572273294.440000,0.0033933311
113201865,113,201865,BDT DU 18/06/2025 à 3.55% 10 ANS,OBL,1000,108904.970000,108904970.000000,3572273294.440000,0.0304861809
113201914,113,201914,BDT du 14/02/2026 à 3.80%   30 ANS ATYP 08/07/2025,OBL,600,98111.990000,58867194.000000,3572273294.440000,0.0164789167
1135106,113,5106,OBLIGATION A1 MIFTTAH 09/12/2019 12 ANS AMORT,OBL,349,32551.560000,11360494.440000,3572273294.440000,0.0031801863
1135116,113,5116,OBLIGATION A1 MIFTTAH 11/06/2021 12 ANS AMORT,OBL,304,55969.610000,17014761.440000,3572273294.440000,0.0047630066
1135122,113,5122,OBLIGATION FT HYPOTHECA du  06/08/2021  12 ANS AMORT,OBL,136,43611.790000,5931203.440000,3572273294.440000,0.0016603443
1135129,113,5129,OBLIGATION FT RELEVIUM C1 du 14/01/2022  10 ANS,OBL,223,105780.510000,23589053.730000,3572273294.440000,0.0066033732
1135172,113,5172,OBLIGATION FT CORPORATE SYNTHETIC FUND  2 ANS,OBL,630,100544.530000,63343053.900000,3572273294.440000,0.0177318611
11380129,113,80129,Droit d ' Attribution BOA 1/48  2025,ACT,8,4.350000,34.800000,3572273294.440000,0.0000000097
1139070,113,9070,OBL SUB BOA 151008 100000 10 ANS 52s+100PB,OBL,13,101240.270000,1316123.510000,3572273294.440000,0.0003684274
1139240,113,9240,OBL FEC du 08/12/2014 à 4.32% Révisable 5 ans,OBL,544,26952.890000,14662372.160000,3572273294.440000,0.0041044934
1139360,113,9360,OBL AL MADA DU 17/01/2018 à 4.08% 10 ANS,OBL,1060,101570.670000,107664910.200000,3572273294.440000,0.0301390463
1139395,113,9395,OBL ANP du 04/06/2019 à 3.91% 15 ans TRANCH B,OBL,251,61843.000000,15522593.000000,3572273294.440000,0.0043452983
1139411,113,9411,OBL ONCF du 31/10/19 à 4.02% 30 ANS AMRT LIN 15ans,OBL,209,104064.870000,21749557.830000,3572273294.440000,0.0060884361
1139425,113,9425,OBL SUB BCP du 26/12/2019 à 3.28% 10ans  Fixe,OBL,321,100108.670000,32134883.070000,3572273294.440000,0.0089956396
1139452,113,9452,OBL ONDA du 09/06/2020 à 3.67% 10 ANS Trabche A,OBL,725,51145.980000,37080835.500000,3572273294.440000,0.0103801788
1139499,113,9499,OBL SUB CDG CAPITAL  du 09/03/2021 à 3.14% 10 ans,OBL,272,100327.840000,27289172.480000,3572273294.440000,0.0076391615
1139523,113,9523,OBL MANAGEM du 21/12/2021 à 3.22% 7 ANS,OBL,466,98933.120000,46102833.920000,3572273294.440000,0.0129057410
1139644,113,9644,OBL OCP ORD SUB Fixe  DU 16/12/2024  10 ANS,OBL,153,102621.920000,15701153.760000,3572273294.440000,0.0043952835
113IE000YYE6WK5,113,IE000YYE6WK5,VANECK DEFENSE ETF,OPC,16250,58.480000,950300.000000,3572273294.440000,0.0002660211
113IE00BFXR7892,113,IE00BFXR7892,KRANESHARES CSI CHINA INTRNT,OPC,63500,25.385000,1611947.500000,3572273294.440000,0.0004512386
113IE00BQQP9F84,113,IE00BQQP9F84,VANECK GOLD MINERS UCITS ETF,OPC,4400,106.140000,467016.000000,3572273294.440000,0.0001307336
113US25459W4583,113,US25459W4583,DAILY SEMICONDUCTOR BULL3X SHS,OPC,3500,53.250000,186375.000000,3572273294.440000,0.0000521727
113US25459Y6941,113,US25459Y6941,DIREXION SHARES DAILY BULL 3X,OPC,8267,152.280000,1258898.760000,3572273294.440000,0.0003524083
113US46090E1038,113,US46090E1038,INVESCO QQQ TRUST SERIES 1,OPC,1193,597.030000,712256.790000,3572273294.440000,0.0001993847
113US4642887602,113,US4642887602,i SHARES US AEROSPACE  ETF DJ,OPC,16361,226.180000,3700530.980000,3572273294.440000,0.0010359037
113US46428Q1094,113,US46428Q1094,iShares Silver Trust,OPC,5500,66.690000,366795.000000,3572273294.440000,0.0001026783
113US74347X8314,113,US74347X8314,PROSHARES ULTRA PRO QQQ,OPC,3000,47.640000,142920.000000,3572273294.440000,0.0000400081
113US88636R5110,113,US88636R5110,DEFIANCE DAILY TARGET 2X LONG ORCL ETF,OPC,23500,8.170000,191995.000000,3572273294.440000,0.0000537459
113US92189F1066,113,US92189F1066,VANECK GOLD MINERS ETF,OPC,5000,92.440000,462200.000000,3572273294.440000,0.0001293854
113XS1061043367,113,XS1061043367,OBL OCP INTERNATIONAL à 6.875%  30 ANS,OBL,1623,1020.490000,1656255.270000,3572273294.440000,0.0004636418
113XS2080771806,113,XS2080771806,EUROBOND DU 27/11/2019 11 ans (2031),OBL,1120,1003.040000,1123404.800000,3572273294.440000,0.0003144790
113XS2239829216,113,XS2239829216,EUROBOND DU 30/09/2020 10 ans (2030),OBL,1900,1017.320000,1932908.000000,3572273294.440000,0.0005410863
113XS2270576619,113,XS2270576619,EUROBOND DU 15/12/2020 SEM (2027),OBL,160,1003.660000,160585.600000,3572273294.440000,0.0000449533
113XS2270577344,113,XS2270577344,EUROBOND MAROC 4 15/12/2025,OBL,2000,1006.150000,2012300.000000,3572273294.440000,0.0005633108
113XS2621506588,113,XS2621506588,OBL BNP PARIBAS 13 SEM,OBL,1000,1041.330000,1041330.000000,3572273294.440000,0.0002915035
113XS2810168737,113,XS2810168737,OBL OCP INTERNATIONAL 6.75% 10 ANS,OBL,81,1018.720000,82516.320000,3572273294.440000,0.0000230991
113XS3040573191,113,XS3040573191,OBL OCP INTERNATIONAL à 6.70% écheance 01/03/2036,OBL,1136,1029.780000,1169830.080000,3572273294.440000,0.0003274750
113XS3041322051,113,XS3041322051,KINGDOM OF MOROCCO 4 3/4 04/02/35 au 26/03/2025 à 99.276,OBL,5587,1041.640000,5819642.680000,3572273294.440000,0.0016291146
2011001,201,1001,SONASID,ACT,1308,1985.000000,2596380.000000,590265781.490000,0.0043986626
2011003,201,1003,MAROC LEASING,ACT,338,370.950000,125381.100000,590265781.490000,0.0002124147
201101013,201,101013,BSF WAFASALAF du 10/10/2025 à 2.98%  5 ans,TCN,250,99289.060000,24822265.000000,590265781.490000,0.0420526918
201101018,201,101018,BSF WAFASALAF du 10/11/2025 à 3.12%  5 ans,TCN,150,99627.310000,14944096.500000,590265781.490000,0.0253175721
2011036,201,1036,SOCIETE DE BOISSONS DU MAROC,ACT,424,2209.000000,936616.000000,590265781.490000,0.0015867699
2011038,201,1038,CDM,ACT,9745,1040.000000,10134800.000000,590265781.490000,0.0171698925
2011050,201,1050,CIMENTS DU MAROC,ACT,7296,1737.000000,12673152.000000,590265781.490000,0.0214702468
2011080,201,1080,SAMIR,ACT,478,0.000000,0.000000,590265781.490000,0.0000000000
2011081,201,1081,BMCI,ACT,3322,629.000000,2089538.000000,590265781.490000,0.0035399951
2011092,201,1092,WAFA ASSURANCE,ACT,2959,4900.000000,14499100.000000,590265781.490000,0.0245636804
2011095,201,1095,AFRIQUIA GAZ,ACT,810,4099.000000,3320190.000000,590265781.490000,0.0056249068
2011096,201,1096,AUTO-HALL,ACT,8000,90.210000,721680.000000,590265781.490000,0.0012226357
2011105,201,1105,MANAGEM,ACT,3808,7550.000000,28750400.000000,590265781.490000,0.0487075499
2011145,201,1145,CIH,ACT,19978,400.000000,7991200.000000,590265781.490000,0.0135383081
2011148,201,1148,ITISSALAT AL MAGHRIB,ACT,249040,106.850000,26609924.000000,590265781.490000,0.0450812580
2011151,201,1151,ADDOHA,ACT,78314,29.900000,2341588.600000,590265781.490000,0.0039670072
2011171,201,1171,ATLANTASANAD,ACT,9873,135.000000,1332855.000000,590265781.490000,0.0022580591
2011172,201,1172,SNEP,ACT,250,458.000000,114500.000000,590265781.490000,0.0001939804
2011179,201,1179,CMT,ACT,35,2100.000000,73500.000000,590265781.490000,0.0001245202
2011180,201,1180,LABEL VIE,ACT,2441,4280.000000,10447480.000000,590265781.490000,0.0176996199
2011181,201,1181,ALLIANCES,ACT,10001,498.000000,4980498.000000,590265781.490000,0.0084377210
2011185,201,1185,DELTA HOLDING,ACT,19526,68.000000,1327768.000000,590265781.490000,0.0022494409
2011188,201,1188,BCP,ACT,43101,270.000000,11637270.000000,590265781.490000,0.0197153051
2011203,201,1203,LESIEUR,ACT,4000,344.950000,1379800.000000,590265781.490000,0.0023375910
2011208,201,1208,JET CONTRACTORS,ACT,471,2600.000000,1224600.000000,590265781.490000,0.0020746586
2011220,201,1220,TAQA MOROCCO,ACT,155,1945.000000,301475.000000,590265781.490000,0.0005107445
2011224,201,1224,COSUMAR,ACT,35408,202.950000,7186053.600000,590265781.490000,0.0121742676
2011226,201,1226,TOTALENERGIES MARKETING MAROC,ACT,4104,1598.000000,6558192.000000,590265781.490000,0.0111105746
2011231,201,1231,SODEP-MARSA MAROC,ACT,38231,901.000000,34446131.000000,590265781.490000,0.0583569844
2011232,201,1232,LAFARGE-HOLCIM MAROC,ACT,5327,1799.000000,9583273.000000,590265781.490000,0.0162355219
2011238,201,1238,IMMORENT INVEST,ACT,91,91.500000,8326.500000,590265781.490000,0.0000141064
2011239,201,1239,MUTANDIS,ACT,4540,244.850000,1111619.000000,590265781.490000,0.0018832516
2011243,201,1243,BANK OF AFRICA,ACT,55231,209.000000,11543279.000000,590265781.490000,0.0195560701
2011244,201,1244,ATW,ACT,82234,731.000000,60113054.000000,590265781.490000,0.1018406553
2011246,201,1246,ARADEI CAPITAL,ACT,7109,440.000000,3127960.000000,590265781.490000,0.0052992399
2011250,201,1250,SOTHEMA,ACT,193,1730.000000,333890.000000,590265781.490000,0.0005656604
2011252,201,1252,TGCC,ACT,16791,834.300000,14008731.300000,590265781.490000,0.0237329212
2011258,201,1258,AKDITAL,ACT,8540,1119.000000,9556260.000000,590265781.490000,0.0161897577
2011261,201,1261,HPS (VN 10),ACT,7529,520.000000,3915080.000000,590265781.490000,0.0066327409
2011262,201,1262,CFG BANK,ACT,8301,230.000000,1909230.000000,590265781.490000,0.0032345260
2011271,201,1271,CMGP GROUP,ACT,5538,376.000000,2082288.000000,590265781.490000,0.0035277125
2011275,201,1275,VICENNE,ACT,1837,420.000000,771540.000000,590265781.490000,0.0013071061
2011276,201,1276,CASH PLUS,ACT,10480,290.000000,3039200.000000,590265781.490000,0.0051488670
2011278,201,1278,SGTM,ACT,7634,835.000000,6374390.000000,590265781.490000,0.0107991861
201152444,201,152444,CD CIH du 22/11/2021 à 2.63%  7ans,TCN,52,99137.150000,5155131.800000,590265781.490000,0.0087335772
201153078,201,153078,CD CIH du 30/04/2025  à  2.92%   5 ans,TCN,74,101175.480000,7486985.520000,590265781.490000,0.0126840921
201201524,201,201524,BDT du 02/04/18 ATYP 16/08/18 à 3.95% 20 ANS,OBL,400,108898.560000,43559424.000000,590265781.490000,0.0737962887
201201552,201,201552,BDT DU 17/06/2020 10 ANS 2.7%,OBL,135,101098.560000,13648305.600000,590265781.490000,0.0231223053
201201651,201,201651,BDT du 20/04/2021 ATYP 16/06/2021 à 2.30% 10 ans,OBL,158,98472.670000,15558681.860000,590265781.490000,0.0263587732
201201808,201,201808,BDT DU 20/03/2023 à 4.90% 15 ans,OBL,283,119318.130000,33767030.790000,590265781.490000,0.0572064854
201201809,201,201809,BDT DU 20/03/2023 à 5.5 30 ans,OBL,56,131399.420000,7358367.520000,590265781.490000,0.0124661936
201201837,201,201837,BDT du 18/09/2024 à 4%  10 ANS ATYP 02/01/2024,OBL,565,108473.110000,61287307.150000,590265781.490000,0.1038300187
201201854,201,201854,BDT du 15/02/2025  30ans à 4.90%  ATYP 04/06/2024,OBL,70,123692.920000,8658504.400000,590265781.490000,0.0146688232
201201862,201,201862,BDT du 15/04/2025  5 ans à 3.30%  ATYP 15/07/2024,OBL,150,106923.500000,16038525.000000,590265781.490000,0.0271717004
201201868,201,201868,BDT du 16/11/2024 à 2.85%  2 ANS,OBL,50,100978.420000,5048921.000000,590265781.490000,0.0085536400
20180129,201,80129,Droit d ' Attribution BOA 1/48  2025,ACT,8,4.350000,34.800000,590265781.490000,0.0000000590
2019149,201,9149,OBLIG FEC du 20/01/2012 à 5.30% 15 ans,OBL,174,6804.490000,1183981.260000,590265781.490000,0.0020058443
2019240,201,9240,OBL FEC du 08/12/2014 à 4.32% Révisable 5 ans,OBL,109,26952.890000,2937865.010000,590265781.490000,0.0049771901
2019395,201,9395,OBL ANP du 04/06/2019 à 3.91% 15 ans TRANCH B,OBL,122,61843.000000,7544846.000000,590265781.490000,0.0127821165
2019411,201,9411,OBL ONCF du 31/10/19 à 4.02% 30 ANS AMRT LIN 15ans,OBL,16,104064.870000,1665037.920000,590265781.490000,0.0028208275
2019425,201,9425,OBL SUB BCP du 26/12/2019 à 3.28% 10ans  Fixe,OBL,242,100108.670000,24226298.140000,590265781.490000,0.0410430333
2019523,201,9523,OBL MANAGEM du 21/12/2021 à 3.22% 7 ANS,OBL,52,98933.120000,5144522.240000,590265781.490000,0.0087156030
2051001,205,1001,SONASID,ACT,2068,1985.000000,4104980.000000,461827680.020000,0.0088885534
2051035,205,1035,CREDIT EQDOM,ACT,1571,1380.000000,2167980.000000,461827680.020000,0.0046943483
2051036,205,1036,SOCIETE DE BOISSONS DU MAROC,ACT,200,2209.000000,441800.000000,461827680.020000,0.0009566339
2051038,205,1038,CDM,ACT,7903,1040.000000,8219120.000000,461827680.020000,0.0177969411
2051050,205,1050,CIMENTS DU MAROC,ACT,12514,1737.000000,21736818.000000,461827680.020000,0.0470669450
2051080,205,1080,SAMIR,ACT,1244,0.000000,0.000000,461827680.020000,0.0000000000
2051092,205,1092,WAFA ASSURANCE,ACT,3836,4900.000000,18796400.000000,461827680.020000,0.0407000291
2051095,205,1095,AFRIQUIA GAZ,ACT,1217,4099.000000,4988483.000000,461827680.020000,0.0108016111
2051105,205,1105,MANAGEM,ACT,5233,7550.000000,39509150.000000,461827680.020000,0.0855495496
2051145,205,1145,CIH,ACT,27851,400.000000,11140400.000000,461827680.020000,0.0241224173
2051148,205,1148,ITISSALAT AL MAGHRIB,ACT,320310,106.850000,34225123.500000,461827680.020000,0.0741079952
2051151,205,1151,ADDOHA,ACT,229402,29.900000,6859119.800000,461827680.020000,0.0148521193
2051171,205,1171,ATLANTASANAD,ACT,12410,135.000000,1675350.000000,461827680.020000,0.0036276518
2051179,205,1179,CMT,ACT,73,2100.000000,153300.000000,461827680.020000,0.0003319420
2051180,205,1180,LABEL VIE,ACT,3845,4280.000000,16456600.000000,461827680.020000,0.0356336372
2051181,205,1181,ALLIANCES,ACT,17612,498.000000,8770776.000000,461827680.020000,0.0189914472
2051185,205,1185,DELTA HOLDING,ACT,28133,68.000000,1913044.000000,461827680.020000,0.0041423329
2051188,205,1188,BCP,ACT,65571,270.000000,17704170.000000,461827680.020000,0.0383350127
2051208,205,1208,JET CONTRACTORS,ACT,3064,2600.000000,7966400.000000,461827680.020000,0.0172497240
2051220,205,1220,TAQA MOROCCO,ACT,1200,1945.000000,2334000.000000,461827680.020000,0.0050538331
2051224,205,1224,COSUMAR,ACT,67599,202.950000,13719217.050000,461827680.020000,0.0297063551
2051226,205,1226,TOTALENERGIES MARKETING MAROC,ACT,4569,1598.000000,7301262.000000,461827680.020000,0.0158094941
2051231,205,1231,SODEP-MARSA MAROC,ACT,47613,901.000000,42899313.000000,461827680.020000,0.0928903027
2051232,205,1232,LAFARGE-HOLCIM MAROC,ACT,8999,1799.000000,16189201.000000,461827680.020000,0.0350546355
2051239,205,1239,MUTANDIS,ACT,10164,244.850000,2488655.400000,461827680.020000,0.0053887099
2051243,205,1243,BANK OF AFRICA,ACT,99059,209.000000,20703331.000000,461827680.020000,0.0448291254
2051244,205,1244,ATW,ACT,113875,731.000000,83242625.000000,461827680.020000,0.1802460714
2051246,205,1246,ARADEI CAPITAL,ACT,6846,440.000000,3012240.000000,461827680.020000,0.0065224328
2051250,205,1250,SOTHEMA,ACT,509,1730.000000,880570.000000,461827680.020000,0.0019067068
2051252,205,1252,TGCC,ACT,28196,834.300000,23523922.800000,461827680.020000,0.0509365805
2051253,205,1253,DISTY TECHNOLOGIES,ACT,2,324.000000,648.000000,461827680.020000,0.0000014031
2051258,205,1258,AKDITAL,ACT,15746,1119.000000,17619774.000000,461827680.020000,0.0381522693
2051261,205,1261,HPS (VN 10),ACT,11937,520.000000,6207240.000000,461827680.020000,0.0134405976
2051262,205,1262,CFG BANK,ACT,11325,230.000000,2604750.000000,461827680.020000,0.0056400907
2051271,205,1271,CMGP GROUP,ACT,12442,376.000000,4678192.000000,461827680.020000,0.0101297350
2051275,205,1275,VICENNE,ACT,1362,420.000000,572040.000000,461827680.020000,0.0012386438
2051276,205,1276,CASH PLUS,ACT,8635,290.000000,2504150.000000,461827680.020000,0.0054222605
2051278,205,1278,SGTM,ACT,11522,835.000000,9620870.000000,461827680.020000,0.0208321641
20580129,205,80129,Droit d ' Attribution BOA 1/48  2025,ACT,10,4.350000,43.500000,461827680.020000,0.0000000942
2071001,207,1001,SONASID,ACT,607,1985.000000,1204895.000000,35266979.580000,0.0341649615
2071035,207,1035,CREDIT EQDOM,ACT,174,1380.000000,240120.000000,35266979.580000,0.0068086352
2071038,207,1038,CDM,ACT,571,1040.000000,593840.000000,35266979.580000,0.0168384139
2071050,207,1050,CIMENTS DU MAROC,ACT,1048,1737.000000,1820376.000000,35266979.580000,0.0516170089
2071080,207,1080,SAMIR,ACT,366,0.000000,0.000000,35266979.580000,0.0000000000
2071081,207,1081,BMCI,ACT,255,629.000000,160395.000000,35266979.580000,0.0045480220
2071092,207,1092,WAFA ASSURANCE,ACT,412,4900.000000,2018800.000000,35266979.580000,0.0572433484
2071095,207,1095,AFRIQUIA GAZ,ACT,136,4099.000000,557464.000000,35266979.580000,0.0158069675
2071105,207,1105,MANAGEM,ACT,364,7550.000000,2748200.000000,35266979.580000,0.0779255846
2071145,207,1145,CIH,ACT,2505,400.000000,1002000.000000,35266979.580000,0.0284118462
2071148,207,1148,ITISSALAT AL MAGHRIB,ACT,25528,106.850000,2727666.800000,35266979.580000,0.0773433629
2071151,207,1151,ADDOHA,ACT,14248,29.900000,426015.200000,35266979.580000,0.0120797189
2071171,207,1171,ATLANTASANAD,ACT,1053,135.000000,142155.000000,35266979.580000,0.0040308243
2071172,207,1172,SNEP,ACT,144,458.000000,65952.000000,35266979.580000,0.0018700779
2071179,207,1179,CMT,ACT,89,2100.000000,186900.000000,35266979.580000,0.0052995749
2071180,207,1180,LABEL VIE,ACT,324,4280.000000,1386720.000000,35266979.580000,0.0393206341
2071181,207,1181,ALLIANCES,ACT,1003,498.000000,499494.000000,35266979.580000,0.0141632203
2071185,207,1185,DELTA HOLDING,ACT,2698,68.000000,183464.000000,35266979.580000,0.0052021467
2071188,207,1188,BCP,ACT,5668,270.000000,1530360.000000,35266979.580000,0.0433935658
2071208,207,1208,JET CONTRACTORS,ACT,73,2600.000000,189800.000000,35266979.580000,0.0053818048
2071220,207,1220,TAQA MOROCCO,ACT,90,1945.000000,175050.000000,35266979.580000,0.0049635665
2071224,207,1224,COSUMAR,ACT,6350,202.950000,1288732.500000,35266979.580000,0.0365421852
2071226,207,1226,TOTALENERGIES MARKETING MAROC,ACT,623,1598.000000,995554.000000,35266979.580000,0.0282290690
2071231,207,1231,SODEP-MARSA MAROC,ACT,3587,901.000000,3231887.000000,35266979.580000,0.0916405952
2071232,207,1232,LAFARGE-HOLCIM MAROC,ACT,754,1799.000000,1356446.000000,35266979.580000,0.0384622107
2071239,207,1239,MUTANDIS,ACT,345,244.850000,84473.250000,35266979.580000,0.0023952505
2071243,207,1243,BANK OF AFRICA,ACT,4895,209.000000,1023055.000000,35266979.580000,0.0290088636
2071244,207,1244,ATW,ACT,8681,731.000000,6345811.000000,35266979.580000,0.1799363335
2071246,207,1246,ARADEI CAPITAL,ACT,932,440.000000,410080.000000,35266979.580000,0.0116278741
2071250,207,1250,SOTHEMA,ACT,45,1730.000000,77850.000000,35266979.580000,0.0022074473
2071252,207,1252,TGCC,ACT,2157,834.300000,1799585.100000,35266979.580000,0.0510274801
2071258,207,1258,AKDITAL,ACT,1174,1119.000000,1313706.000000,35266979.580000,0.0372503122
2071261,207,1261,HPS (VN 10),ACT,1345,520.000000,699400.000000,35266979.580000,0.0198315821
2071262,207,1262,CFG BANK,ACT,772,230.000000,177560.000000,35266979.580000,0.0050347379
2071271,207,1271,CMGP GROUP,ACT,774,376.000000,291024.000000,35266979.580000,0.0082520251
2071275,207,1275,VICENNE,ACT,142,420.000000,59640.000000,35266979.580000,0.0016911003
2071276,207,1276,CASH PLUS,ACT,166,290.000000,48140.000000,35266979.580000,0.0013650162
2071278,207,1278,SGTM,ACT,980,835.000000,818300.000000,35266979.580000,0.0232030077
207201317,207,201317,BDT DU 06/01/2014 15 ANS 5.60%,OBL,2,113230.050000,226460.100000,35266979.580000,0.0064213069
20780129,207,80129,Droit d ' Attribution BOA 1/48  2025,ACT,44,4.350000,191.400000,35266979.580000,0.0000054272
2091001,209,1001,SONASID,ACT,1575,1985.000000,3126375.000000,736125412.810000,0.0042470684
2091006,209,1006,SMI,ACT,674,5300.000000,3572200.000000,736125412.810000,0.0048527057
209101018,209,101018,BSF WAFASALAF du 10/11/2025 à 3.12%  5 ans,TCN,400,99627.310000,39850924.000000,736125412.810000,0.0541360525
2091035,209,1035,CREDIT EQDOM,ACT,1805,1380.000000,2490900.000000,736125412.810000,0.0033837984
2091036,209,1036,SOCIETE DE BOISSONS DU MAROC,ACT,875,2209.000000,1932875.000000,736125412.810000,0.0026257414
2091038,209,1038,CDM,ACT,5644,1040.000000,5869760.000000,736125412.810000,0.0079738587
2091050,209,1050,CIMENTS DU MAROC,ACT,8359,1737.000000,14519583.000000,736125412.810000,0.0197243333
2091080,209,1080,SAMIR,ACT,88,0.000000,0.000000,736125412.810000,0.0000000000
2091081,209,1081,BMCI,ACT,3937,629.000000,2476373.000000,736125412.810000,0.0033640640
2091092,209,1092,WAFA ASSURANCE,ACT,3574,4900.000000,17512600.000000,736125412.810000,0.0237902397
2091095,209,1095,AFRIQUIA GAZ,ACT,1066,4099.000000,4369534.000000,736125412.810000,0.0059358554
2091105,209,1105,MANAGEM,ACT,3353,7550.000000,25315150.000000,736125412.810000,0.0343897243
2091145,209,1145,CIH,ACT,26801,400.000000,10720400.000000,736125412.810000,0.0145632793
2091148,209,1148,ITISSALAT AL MAGHRIB,ACT,306990,106.850000,32801881.500000,736125412.810000,0.0445601808
2091151,209,1151,ADDOHA,ACT,232359,29.900000,6947534.100000,736125412.810000,0.0094379762
2091171,209,1171,ATLANTASANAD,ACT,8369,135.000000,1129815.000000,736125412.810000,0.0015348132
2091172,209,1172,SNEP,ACT,1378,458.000000,631124.000000,736125412.810000,0.0008573593
2091179,209,1179,CMT,ACT,127,2100.000000,266700.000000,736125412.810000,0.0003623024
2091180,209,1180,LABEL VIE,ACT,3715,4280.000000,15900200.000000,736125412.810000,0.0215998520
2091181,209,1181,ALLIANCES,ACT,10264,498.000000,5111472.000000,736125412.810000,0.0069437516
2091185,209,1185,DELTA HOLDING,ACT,21453,68.000000,1458804.000000,736125412.810000,0.0019817330
2091188,209,1188,BCP,ACT,49581,270.000000,13386870.000000,736125412.810000,0.0181855833
2091208,209,1208,JET CONTRACTORS,ACT,615,2600.000000,1599000.000000,736125412.810000,0.0021721842
2091220,209,1220,TAQA MOROCCO,ACT,795,1945.000000,1546275.000000,736125412.810000,0.0021005592
2091224,209,1224,COSUMAR,ACT,52114,202.950000,10576536.300000,736125412.810000,0.0143678456
2091226,209,1226,TOTALENERGIES MARKETING MAROC,ACT,5050,1598.000000,8069900.000000,736125412.810000,0.0109626700
2091231,209,1231,SODEP-MARSA MAROC,ACT,40934,901.000000,36881534.000000,736125412.810000,0.0501022426
2091232,209,1232,LAFARGE-HOLCIM MAROC,ACT,6058,1799.000000,10898342.000000,736125412.810000,0.0148050072
2091238,209,1238,IMMORENT INVEST,ACT,5582,91.500000,510753.000000,736125412.810000,0.0006938397
2091239,209,1239,MUTANDIS,ACT,10598,244.850000,2594920.300000,736125412.810000,0.0035251063
2091243,209,1243,BANK OF AFRICA,ACT,65730,209.000000,13737570.000000,736125412.810000,0.0186619967
2091244,209,1244,ATW,ACT,86967,731.000000,63572877.000000,736125412.810000,0.0863614758
2091246,209,1246,ARADEI CAPITAL,ACT,6873,440.000000,3024120.000000,736125412.810000,0.0041081587
2091250,209,1250,SOTHEMA,ACT,865,1730.000000,1496450.000000,736125412.810000,0.0020328737
2091252,209,1252,TGCC,ACT,17503,834.300000,14602752.900000,736125412.810000,0.0198373166
2091253,209,1253,DISTY TECHNOLOGIES,ACT,12,324.000000,3888.000000,736125412.810000,0.0000052817
2091258,209,1258,AKDITAL,ACT,12680,1119.000000,14188920.000000,736125412.810000,0.0192751395
2091261,209,1261,HPS (VN 10),ACT,7772,520.000000,4041440.000000,736125412.810000,0.0054901514
2091262,209,1262,CFG BANK,ACT,8052,230.000000,1851960.000000,736125412.810000,0.0025158213
2091271,209,1271,CMGP GROUP,ACT,8809,376.000000,3312184.000000,736125412.810000,0.0044994833
2091275,209,1275,VICENNE,ACT,2062,420.000000,866040.000000,736125412.810000,0.0011764843
2091276,209,1276,CASH PLUS,ACT,3157,290.000000,915530.000000,736125412.810000,0.0012437147
2091278,209,1278,SGTM,ACT,7723,835.000000,6448705.000000,736125412.810000,0.0087603347
209201,209,201,Cdm OPTIMUM,OPC,3207,6813.290000,21850221.030000,736125412.810000,0.0296827424
209201344,209,201344,BDT du 19/02/15 à 5.65% ATYP 04/08/14 20 ANS,OBL,100,125359.650000,12535965.000000,736125412.810000,0.0170296593
209201651,209,201651,BDT du 20/04/2021 ATYP 16/06/2021 à 2.30% 10 ans,OBL,212,98472.670000,20876206.040000,736125412.810000,0.0283595780
209201792,209,201792,BDT du 16/01/2023 atp  a 4.20%  10 ans,OBL,290,110402.310000,32016669.900000,736125412.810000,0.0434934990
209201808,209,201808,BDT DU 20/03/2023 à 4.90% 15 ans,OBL,415,119318.130000,49517023.950000,736125412.810000,0.0672671030
209201809,209,201809,BDT DU 20/03/2023 à 5.5 30 ans,OBL,106,131399.420000,13928338.520000,736125412.810000,0.0189211489
209201822,209,201822,BDT du 27/06/2023 ATYP 14/03/2024 à 4.75 % 15 ans,OBL,336,119665.250000,40207524.000000,736125412.810000,0.0546204808
209201837,209,201837,BDT du 18/09/2024 à 4%  10 ANS ATYP 02/01/2024,OBL,536,108473.110000,58141586.960000,736125412.810000,0.0789832628
209201865,209,201865,BDT DU 18/06/2025 à 3.55% 10 ANS,OBL,250,108904.970000,27226242.500000,736125412.810000,0.0369858750
209205,209,205,Cdm EXPANSION,OPC,4906,7615.580000,37362035.480000,736125412.810000,0.0507549866
2095116,209,5116,OBLIGATION A1 MIFTTAH 11/06/2021 12 ANS AMORT,OBL,218,55969.610000,12201374.980000,736125412.810000,0.0165751308
20980129,209,80129,Droit d ' Attribution BOA 1/48  2025,ACT,29,4.350000,126.150000,736125412.810000,0.0000001714
2099360,209,9360,OBL AL MADA DU 17/01/2018 à 4.08% 10 ANS,OBL,17,101570.670000,1726701.390000,736125412.810000,0.0023456620
2099523,209,9523,OBL MANAGEM du 21/12/2021 à 3.22% 7 ANS,OBL,276,98933.120000,27305541.120000,736125412.810000,0.0370935993
2099644,209,9644,OBL OCP ORD SUB Fixe  DU 16/12/2024  10 ANS,OBL,76,102621.920000,7799265.920000,736125412.810000,0.0105950233
